0.024568
0.015748
0.016871
0.028120
0.012603
0.010800
0.029397
0.019939
0.024037
0.014422
0.026437
0.018427
0.015452
0.027611
0.020813
0.011406
0.010318
0.033476
0.013513
0.036878
0.014572
0.013099
0.011475
0.005049
0.021318
0.020061
0.015901
0.029799
0.016604
0.016355
0.028174
0.029420
0.019354
0.016708
0.026369
0.016626
0.006148
0.016407
0.006233
0.034331
0.019983
0.040183
0.010935
0.006171
0.007954
0.022669
0.020576
0.028597
0.037145
0.022648
0.022367
0.011473
0.040655
0.035865
0.030789
0.036173
0.019914
0.033534
0.035317
0.019537
0.012662
0.014493
0.017848
0.033592
0.043242
0.006440
0.029837
0.005082
0.022820
0.041565
0.054218
0.049110
0.016254
0.006220
0.016409
0.012095
0.020830
0.018594
0.015415
0.035022
0.029030
0.010339
0.019037
0.005279
0.005965
0.017048
0.004517
0.012765
0.009456
0.040482
0.012246
0.016021
0.018078
0.023248
0.011899
0.024223
0.027560
0.035856
0.024157
0.025121
0.008242
0.021390
0.035836
0.024332
0.034369
0.033277
0.024136
0.032067
0.031000
0.012308
0.021960
0.011712
0.008061
0.017714
0.014145
0.031186
0.020722
0.022691
0.029256
0.011565
0.010355
0.023895
0.013668
0.011095
0.006240
0.012287
0.019984
0.027747
0.026484
0.043920
0.027701
0.021472
0.027626
0.011376
0.024130
0.040989
0.010007
0.009426
0.025224
0.012405
0.006799
0.037848
0.024702
0.028586
0.012976
0.017641
0.011054
0.022997
0.040849
0.047085
0.043103
0.026125
0.055372
0.038824
0.025642
0.013867
0.037140
0.023987
0.006840
0.010988
0.024681
0.002533
0.003975
0.033578
0.007684
0.039192
0.027344
0.070683
0.054876
0.043444
0.021036
0.031099
0.034230
0.046943
0.033494
0.034583
0.044612
0.046286
0.041159
0.056041
0.033600
0.039421
0.031587
0.042267
0.037885
0.019173
0.033999
0.039746
0.021084
0.040084
0.036855
0.037935
0.042871
0.018695
0.044655
0.034141
0.034279
0.018815
0.064745
0.008589
0.040845
0.013398
0.034096
0.033258
0.038472
0.020102
0.011275
0.026552
0.001567
0.007707
0.043920
0.021927
0.041001
0.028487
0.014273
0.033717
0.033188
0.041116
0.017411
0.037706
0.022946
0.012123
0.015211
0.047909
0.010150
0.016287
0.007492
0.016358
0.004502
0.014157
0.012479
0.021189
0.012092
0.031551
0.039914
0.015453
0.050638
0.037332
0.015582
0.037554
0.013635
0.045146
0.040652
0.052288
0.051563
0.039665
0.053453
0.046244
0.030361
0.016209
0.063478
0.022781
0.040139
0.044813
0.027816
0.056018
0.044500
0.006288
0.050663
0.041261
0.036561
0.020920
0.044224
0.037889
0.037129
0.038513
0.053698
0.026893
0.028736
0.023543
0.047958
0.038291
0.031068
0.032610
0.033381
0.054933
0.036020
0.042565
0.019069
0.015005
0.025826
0.014727
0.025721
0.034694
0.007871
0.009113
0.033781
0.026791
0.032759
0.008733
0.018630
0.011344
0.011430
0.019908
0.050015
0.015455
0.020380
0.031021
0.019166
0.016621
0.021632
0.016968
0.052436
0.038820
0.035349
0.038233
0.023706
0.013428
0.008889
0.044564
0.042837
0.037721
0.050064
0.041487
0.010005
0.042626
0.051904
0.018711
0.014950
0.012399
0.011722
0.018219
0.017494
0.009879
0.025887
0.032611
0.026320
0.040603
0.004106
0.019169
0.017541
0.006478
0.028309
0.026532
0.018611
0.037114
0.026911
0.049892
0.034639
0.028815
0.052189
0.026521
0.050921
0.019905
0.032947
0.038750
0.035529
0.023760
0.015436
0.014270
0.033965
0.047689
0.022345
0.034562
0.018137
0.026397
0.020443
0.024342
0.012555
0.011354
0.025328
0.013315
0.007932
0.029428
0.013774
0.017350
0.022961
0.014747
0.025672
0.018274
0.011220
0.024082
0.027008
0.016759
0.010417
0.017757
0.019045
0.036637
0.019146
0.032984
0.010598
0.014331
0.003740
0.006742
0.040527
0.029737
0.014646
0.011680
0.012396
0.026680
0.031553
0.033559
0.025956
0.012974
0.004399
0.021313
0.020394
0.030630
0.018669
0.021929
0.030846
0.022960
0.014907
0.007478
0.014259
0.030482
0.042541
0.036426
0.004456
0.019583
0.020572
0.031410
0.026817
0.029804
0.020495
0.047373
0.052230
0.062742
0.054730
0.052738
0.021461
0.009389
0.065543
0.063914
0.024322
0.068411
0.026252
0.019627
0.063488
0.034627
0.053663
0.017629
0.045328
0.050966
0.026178
0.021589
0.019685
0.016841
0.016782
0.044879
0.018992
0.020169
0.040037
0.031739
0.029164
0.022421
0.016380
0.021787
0.022058
0.028908
0.036979
0.057256
0.022660
0.012512
0.030481
0.039034
0.010542
0.010363
0.026576
0.006228
0.005281
0.009972
0.028434
0.008295
0.018304
0.010218
0.002680
0.027687
0.007859
0.010351
0.002698
0.019140
0.042506
0.030024
0.046256
0.007958
0.031168
0.035919
0.010472
0.029655
0.040941
0.015727
0.026030
0.019000
0.011190
0.018333
0.034380
0.009149
0.022492
0.020071
0.012525
0.034333
0.035272
0.068726
0.075195
0.061491
0.014951
0.019121
0.035674
0.036088
0.033387
0.034212
0.011222
0.043147
0.024879
0.017728
0.035514
0.012539
0.020847
0.024649
0.029877
0.044777
0.032754
0.024094
0.016455
0.013824
0.025645
0.018709
0.012959
0.007806
0.011921
0.002939
0.010187
0.011395
0.040996
0.003911
0.011287
0.019978
0.027635
0.007478
0.025179
0.024801
0.025417
0.021258
0.015205
0.006340
0.026725
0.024524
0.020816
0.046202
0.043985
0.023020
0.032400
0.030928
0.056363
0.015472
0.022584
0.023721
0.039683
0.041123
0.035383
0.008124
0.062895
0.053251
0.061783
0.065010
0.069894
0.061881
0.073817
0.073330
0.091661
0.071796
0.011234
0.030600
0.043722
0.022538
0.043918
0.014719
0.041546
0.048702
0.043717
0.017065
0.056820
0.006778
0.021708
0.022091
0.020759
0.042044
0.015597
0.020242
0.023480
0.047635
0.034742
0.027295
0.045069
0.023475
0.031905
0.019832
0.031290
0.034381
0.026572
0.018436
0.013318
0.008646
0.007756
0.039075
0.026408
0.048199
0.026307
0.035752
0.019962
0.023117
0.044007
0.025054
0.029431
0.056668
0.025034
0.025416
0.027624
0.007747
0.018444
0.008585
0.030159
0.042543
0.015221
0.025084
0.028558
0.031662
0.033193
0.035196
0.016438
0.041645
0.018037
0.021339
0.031114
0.040636
0.042264
0.060364
0.047306
0.048365
0.022667
0.035087
0.020053
0.020873
0.024719
0.010316
0.015458
0.021804
0.014908
0.013515
0.028167
0.031242
0.034922
0.017028
0.014570
0.026253
0.014954
0.006920
0.006686
0.026077
0.025254
0.020707
0.004101
0.011622
0.033045
0.033711
0.021610
0.009270
0.031717
0.010838
0.025677
0.040999
0.017943
0.015933
0.023137
0.033951
0.033663
0.055114
0.045556
0.015030
0.028137
0.030085
0.021041
0.033122
0.048430
0.025603
0.050103
0.061605
0.044508
0.018015
0.044810
0.024414
0.019203
0.035381
0.024556
0.038360
0.020926
0.028833
0.016591
0.030990
0.045542
0.028921
0.020738
0.022394
0.015358
0.025065
0.043340
0.023143
0.081532
0.060689
0.047298
0.045327
0.062553
0.062796
0.023067
0.043480
0.037002
0.048566
0.032606
0.051863
0.052149
0.028101
0.070087
0.058264
0.043312
0.031283
0.016504
0.011804
0.028830
0.023554
0.027573
0.003178
0.051048
0.038333
0.023520
0.047236
0.026607
0.005732
0.041964
0.022568
0.014746
0.015672
0.011689
0.025697
0.021472
0.029093
0.013271
0.024495
0.016330
0.015179
0.028109
0.026240
0.032454
0.052603
0.022188
0.014730
0.012582
0.014589
0.009015
0.013679
0.006716
0.012009
0.012488
0.017872
0.010136
0.010478
0.018290
0.012385
0.027307
0.015296
0.018796
0.023590
0.039343
0.012304
0.027392
0.019294
0.039907
0.035628
0.029733
0.030504
0.033982
0.008639
0.046446
0.018635
0.029089
0.013011
0.029409
0.015890
0.024266
0.015811
0.024276
0.039348
0.039574
0.011871
0.036493
0.030860
0.049065
0.033980
0.039463
0.035123
0.026188
0.014471
0.040188
0.027157
0.043016
0.019675
0.019514
0.016527
0.013340
0.041445
0.015159
0.033591
0.024404
0.005650
0.038366
0.004838
0.016101
0.018172
0.022956
0.006353
0.031465
0.014516
0.007149
0.022088
0.028493
0.011737
0.014929
0.013111
0.028943
0.013313
0.025349
0.018740
0.017769
0.015286
0.022095
0.028654
0.019304
0.029913
0.011306
0.022240
0.028096
0.010406
0.011432
0.026675
0.045870
0.012967
0.013679
0.019209
0.026836
0.013483
0.035278
0.032341
0.047719
0.031672
0.019598
0.030162
0.024445
0.041097
0.010036
0.031599
0.022668
0.013677
0.003799
0.017031
0.024491
0.003325
0.009693
0.027000
0.023894
0.013648
0.040041
0.017315
0.029394
0.013051
0.016969
0.027315
0.025667
0.021604
0.006461
0.013901
0.011355
0.017618
0.026497
0.020899
0.029319
0.011224
0.031384
0.034076
0.015360
0.008161
0.011882
0.041849
0.022502
0.039500
0.042069
0.045631
0.010816
0.030463
0.038198
0.031228
0.030355
0.021837
0.045880
0.031627
0.033896
0.039542
0.027510
0.022207
0.037454
0.022285
0.052607
0.036843
0.039618
0.040569
0.023872
0.035539
0.010330
0.035880
0.033236
0.037488
0.011621
0.039544
0.036591
0.031522
0.017729
0.020151
0.020202
0.044043
0.005148
0.048472
0.032313
0.038096
0.013014
0.032189
0.011267
0.034237
0.018736
0.013420
0.032235
0.006993
0.036147
0.039478
0.026825
0.025886
0.006812
0.038804
0.012221
0.016479
0.042240
0.011751
0.017931
0.028271
0.012526
0.023673
0.010112
0.024061
0.019057
0.031175
0.004342
0.023014
0.001479
0.017846
0.023030
0.045686
0.019583
0.020222
0.016056
0.051767
0.018102
0.050947
0.025274
0.036711
0.032891
0.022913
0.036673
0.025979
0.018204
0.012294
0.023379
0.017730
0.001934
0.009389
0.029516
0.002688
0.014718
0.019324
0.043549
0.020839
0.012323
0.039058
0.043044
0.018523
0.029067
0.025306
0.025961
0.019708
0.035574
0.014470
0.037155
0.031738
0.016585
0.022298
0.004604
0.031674
0.004625
0.014293
0.019815
0.008247
0.021596
0.025932
0.017174
0.031280
0.015800
0.014376
0.021738
0.001317
0.017453
0.003956
0.013850
0.030950
0.012229
0.028367
0.041384
0.031530
0.027638
0.016492
0.020326
0.008600
0.029076
0.018640
0.019791
0.024149
0.022505
0.010292
0.007982
0.024802
0.028973
0.018153
0.004329
0.027604
0.011292
0.019700
0.026348
0.020959
0.028117
0.037129
0.006374
0.031572
0.009551
0.027393
0.025740
0.017710
0.019491
0.018801
0.030552
0.028453
0.022202
0.026926
0.031366
0.008658
0.038253
0.021285
0.010855
0.011456
0.043259
0.045778
0.012206
0.029860
0.041777
0.035986
0.025379
0.032273
0.030557
0.015388
0.026476
0.041236
0.033885
0.033809
0.022585
0.018726
0.028689
0.024915
0.020429
0.009272
0.029394
0.009702
0.019023
0.004650
0.029544
0.010800
0.025196
0.012033
0.026172
0.017672
0.022414
0.025632
0.026847
0.003884
0.019753
0.023800
0.026199
0.022920
0.018659
0.046819
0.010113
0.050901
0.021982
0.037970
0.020045
0.019041
0.024621
0.032147
0.012823
0.022011
0.019758
0.021341
0.029901
0.016843
0.006663
0.010136
0.012466
0.035230
0.037629
0.003589
0.008126
0.005927
0.013100
0.034912
0.013582
0.018675
0.015861
0.021498
0.039451
0.017279
0.027450
0.020661
0.023592
0.013884
0.029249
0.044430
0.032122
0.035236
0.012304
0.021559
0.026261
0.024245
0.048460
0.013711
0.027268
0.038031
0.020834
0.011530
0.031502
0.021341
0.020614
0.011580
0.020832
0.004688
0.019272
0.013386
0.027529
0.017435
0.031282
0.026268
0.028772
0.025250
0.050047
0.018088
0.024897
0.014926
0.009832
0.027417
0.019423
0.012657
0.006025
0.020835
0.021109
0.031919
0.019845
0.005132
0.028254
0.028831
0.043583
0.042719
0.030234
0.027973
0.009636
0.025055
0.005306
0.011611
0.007369
0.028675
0.009939
0.055798
0.048524
0.015568
0.035647
0.021395
0.034538
0.023389
0.028893
0.024763
0.018050
0.040276
0.050368
0.006983
0.003620
0.056098
0.021259
0.022600
0.015908
0.008040
0.043602
0.029500
0.017810
0.028353
0.021204
0.012879
0.008647
0.008458
0.008221
0.032774
0.024244
0.027468
0.040281
0.037515
0.033132
0.011335
0.024455
0.006728
0.019689
0.019021
0.023300
0.024241
0.024290
0.012122
0.013063
0.025133
0.013504
0.042704
0.022148
0.026136
0.020497
0.023931
0.026273
0.025079
0.006076
0.005823
0.033826
0.034030
0.056252
0.047834
0.019757
0.030377
0.032808
0.034772
0.026615
0.022043
0.039368
0.058501
0.070152
0.036127
0.047584
0.018240
0.012006
0.034010
0.028166
0.049160
0.034267
0.023932
0.006321
0.019963
0.026500
0.035271
0.012699
0.019016
0.022625
0.030448
0.032543
0.018896
0.024224
0.004580
0.039213
0.012671
0.030171
0.019537
0.036968
0.045434
0.034350
0.021347
0.025098
0.025989
0.008487
0.029655
0.007016
0.021161
0.016735
0.012465
0.014298
0.030351
0.016213
0.030174
0.012393
0.028550
0.027251
0.014955
0.026509
0.037090
0.030661
0.024461
0.021833
0.038988
0.017570
0.042352
0.015567
0.026330
0.011737
0.019600
0.017244
0.008707
0.011309
0.006587
0.045634
0.046279
0.040224
0.060085
0.055961
0.031654
0.045236
0.024715
0.031215
0.038072
0.039341
0.053122
0.023915
0.016119
0.041255
0.011453
0.022598
0.008858
0.026340
0.039397
0.015098
0.025357
0.002197
0.050794
0.033925
0.014728
0.019860
0.027067
0.010422
0.011758
0.008000
0.019357
0.026019
0.017741
0.035405
0.027122
0.005265
0.018866
0.034388
0.027374
0.020453
0.012085
0.042459
0.022012
0.039377
0.035642
0.008981
0.043192
0.022538
0.022528
0.007079
0.023004
0.030552
0.021130
0.050709
0.031853
0.019755
0.017867
0.013545
0.049307
0.012017
0.011393
0.027357
0.020696
0.019861
0.043236
0.016647
0.028345
0.027030
0.039362
0.023808
0.038926
0.038171
0.014285
0.018463
0.045150
0.037632
0.021629
0.048538
0.012335
0.041847
0.037780
0.057345
0.006552
0.013187
0.015266
0.013179
0.028454
0.013280
0.010467
0.014654
0.003082
0.006113
0.012730
0.000618
0.007260
0.003914
0.018208
0.026406
0.027309
0.024106
0.017573
0.031128
0.042118
0.037415
0.032522
0.053951
0.044579
0.058699
0.025519
0.045495
0.013298
0.038790
0.022297
0.013644
0.037210
0.048752
0.047926
0.023514
0.030122
0.025805
0.020751
0.025016
0.004558
0.021997
0.042654
0.033309
0.009182
0.035357
0.027169
0.029333
0.038440
0.008149
0.022780
0.014538
0.009472
0.046508
0.028462
0.018659
0.028562
0.022043
0.016692
0.011748
0.008209
0.022238
0.015793
0.024832
0.026752
0.037973
0.036917
0.034060
0.010437
0.023096
0.006988
0.019605
0.021526
0.020673
0.018397
0.024425
0.009736
0.013697
0.022893
0.015184
0.044071
0.018374
0.026433
0.021060
0.012274
0.015235
0.022940
0.024066
0.024766
0.006436
0.006382
0.057984
0.014511
0.020353
0.051930
0.031136
0.033018
0.037434
0.027121
0.029967
0.028195
0.045787
0.046509
0.019052
0.059051
0.011771
0.034203
0.049321
0.027948
0.029591
0.041800
0.048220
0.033690
0.024000
0.017188
0.022610
0.031950
0.061598
0.021699
0.046777
0.047737
0.022922
0.013660
0.024601
0.010276
0.014650
0.018774
0.021232
0.011475
0.022791
0.008719
0.016266
0.011490
0.015817
0.020235
0.018153
0.007369
0.010200
0.027203
0.020465
0.010415
0.034978
0.026895
0.010545
0.023212
0.028908
0.016693
0.024484
0.020753
0.032812
0.034027
0.018157
0.020025
0.026032
0.021707
0.031554
0.006664
0.035791
0.021358
0.035135
0.026160
0.035625
0.014725
0.046477
0.025985
0.034879
0.041707
0.030357
0.014883
0.005916
0.016162
0.016471
0.019906
0.025924
0.013795
0.004765
0.012267
0.011789
0.001649
0.022158
0.012103
0.027610
0.030214
0.009200
0.012643
0.015863
0.007891
0.005192
0.012917
0.019389
0.026777
0.015070
0.018495
0.023261
0.012196
0.014032
0.017509
0.022185
0.037223
0.017932
0.031427
0.017941
0.024899
0.030990
0.027487
0.033976
0.027167
0.036944
0.012897
0.022854
0.008371
0.014671
0.031307
0.019244
0.018856
0.026282
0.021469
0.016100
0.013789
0.021842
0.022899
0.051072
0.029899
0.011224
0.031487
0.021521
0.032397
0.017305
0.048435
0.023139
0.041380
0.027415
0.006222
0.010466
0.028327
0.026665
0.020589
0.047351
0.043953
0.040364
0.060727
0.042148
0.048709
0.045013
0.037683
0.022900
0.034917
0.024579
0.021420
0.031245
0.042278
0.007695
0.011996
0.008454
0.024025
0.018256
0.017204
0.032290
0.022268
0.018028
0.047016
0.004531
0.010045
0.003022
0.022859
0.022777
0.049060
0.036378
0.020056
0.038593
0.018425
0.041428
0.012006
0.018326
0.036309
0.032078
0.027965
0.053242
0.040593
0.045917
0.027708
0.031651
0.049291
0.013560
0.030490
0.038524
0.030831
0.053217
0.031899
0.046944
0.045855
0.024844
0.019321
0.029747
0.024392
0.011774
0.008047
0.017942
0.021408
0.015359
0.049025
0.023766
0.004386
0.008733
0.020442
0.044917
0.028384
0.036012
0.020572
0.012557
0.035498
0.031846
0.018021
0.024773
0.015325
0.008467
0.036218
0.037909
0.014814
0.021187
0.035115
0.047248
0.043868
0.003112
0.042019
0.031015
0.027831
0.028616
0.012879
0.022141
0.019586
0.046827
0.011587
0.033900
0.036695
0.013817
0.027434
0.021922
0.007288
0.025647
0.025607
0.016126
0.034947
0.022853
0.015575
0.015310
0.021021
0.030217
0.033555
0.033848
0.031733
0.046006
0.033420
0.018132
0.021214
0.033190
0.043431
0.017563
0.023937
0.010805
0.012942
0.007192
0.019000
0.005307
0.021383
0.014898
0.022654
0.032350
0.028866
0.008692
0.041796
0.020983
0.019079
0.015373
0.020566
0.022752
0.018697
0.031351
0.021173
0.023952
0.009556
0.021539
0.010875
0.014895
0.027342
0.016373
0.039364
0.011543
0.024478
0.014820
0.025248
0.029527
0.037425
0.025486
0.026070
0.040167
0.043574
0.027104
0.041828
0.022363
0.045272
0.056462
0.020704
0.043918
0.032854
0.022696
0.052343
0.008431
0.032085
0.038401
0.028271
0.020584
0.036729
0.044091
0.030363
0.023595
0.018754
0.030374
0.015993
0.007748
0.044734
0.004183
0.018636
0.027875
0.012566
0.017144
0.038161
0.033694
0.027438
0.033486
0.018933
0.025766
0.029280
0.024409
0.018797
0.017155
0.043691
0.013755
0.020703
0.006926
0.023023
0.020328
0.010776
0.014697
0.016568
0.002968
0.013787
0.022369
0.020477
0.006775
0.015226
0.020241
0.016452
0.036032
0.014419
0.016928
0.007030
0.017223
0.010334
0.029720
0.027642
0.023258
0.038142
0.025875
0.009354
0.026613
0.018866
0.023558
0.046626
0.019491
0.036682
0.025416
0.016290
0.039390
0.024554
0.024239
0.018325
0.008814
0.022391
0.036253
0.024053
0.039344
0.031549
0.032011
0.010537
0.020000
0.016890
0.006020
0.024477
0.027641
0.054535
0.010038
0.027594
0.024480
0.021908
0.026428
0.012388
0.021980
0.034659
0.057921
0.041983
0.026821
0.019240
0.047685
0.049258
0.050146
0.055868
0.061344
0.010406
0.047727
0.038049
0.044788
0.011695
0.055091
0.040088
0.005432
0.055142
0.024851
0.044604
0.001808
0.042530
0.024664
0.034535
0.015324
0.006598
0.021335
0.036820
0.003024
0.006200
0.006139
0.025383
0.020829
0.004573
0.023698
0.005606
0.014099
0.014411
0.023932
0.055100
0.036802
0.003422
0.033832
0.029712
0.033462
0.042936
0.023516
0.033359
0.026308
0.016663
0.016512
0.017381
0.022871
0.045415
0.004966
0.041843
0.041409
0.019079
0.031716
0.006668
0.022356
0.021554
0.024421
0.006811
0.006916
0.028600
0.025071
0.024846
0.019494
0.040379
0.011153
0.016614
0.036422
0.027472
0.007448
0.052534
0.009540
0.004895
0.033918
0.008587
0.039229
0.026169
0.009097
0.013588
0.035981
0.021639
0.080062
0.063366
0.047078
0.021028
0.033284
0.042505
0.027026
0.052148
0.039656
0.041339
0.048040
0.046252
0.060474
0.032398
0.032020
0.038197
0.024669
0.019915
0.037488
0.035926
0.034019
0.032888
0.006402
0.040221
0.030874
0.019036
0.068249
0.008863
0.043192
0.011793
0.027519
0.031925
0.038520
0.019503
0.012421
0.026377
0.039979
0.003188
0.036278
0.007272
0.043721
0.020001
0.041718
0.029164
0.013924
0.034249
0.032037
0.026456
0.019581
0.038427
0.014411
0.039291
0.025585
0.014239
0.012825
0.007297
0.021437
0.008560
0.013959
0.004048
0.012858
0.014361
0.021189
0.030470
0.039260
0.015255
0.070282
0.048618
0.036051
0.040758
0.015333
0.038918
0.035748
0.013825
0.043090
0.039556
0.052188
0.047926
0.046415
0.030359
0.014978
0.060222
0.041370
0.041076
0.025559
0.052113
0.043643
0.006124
0.049663
0.022355
0.040322
0.034964
0.020842
0.041938
0.038190
0.038301
0.038597
0.055086
0.027280
0.030220
0.023610
0.032058
0.034573
0.055509
0.070578
0.039410
0.054139
0.026562
0.046823
0.048256
0.014321
0.019455
0.038003
0.008367
0.033760
0.046408
0.022762
0.047457
0.038702
0.023599
0.015713
0.027533
0.014413
0.033138
0.016092
0.021607
0.007401
0.014172
0.023527
0.025705
0.024565
0.018642
0.014409
0.038047
0.022336
0.035721
0.010161
0.003702
0.020391
0.043066
0.035860
0.016832
0.022615
0.029440
0.026331
0.059218
0.034715
0.054572
0.048469
0.041659
0.025109
0.037787
0.037002
0.024782
0.033552
0.022843
0.037617
0.041303
0.017701
0.011107
0.041323
0.032606
0.022315
0.007565
0.007322
0.018552
0.025283
0.016620
0.007568
0.018208
0.035492
0.025982
0.020733
0.024941
0.026200
0.035925
0.056881
0.061541
0.042995
0.032690
0.037354
0.048468
0.054903
0.020496
0.019146
0.037438
0.024233
0.007888
0.011506
0.004791
0.009827
0.022081
0.014906
0.010096
0.016328
0.035133
0.028121
0.029208
0.013623
0.021757
0.027768
0.015790
0.018380
0.019362
0.017594
0.057592
0.013086
0.044368
0.033816
0.009764
0.030777
0.025743
0.010544
0.072782
0.036402
0.055170
0.026810
0.041507
0.056488
0.060772
0.021358
0.043243
0.050601
0.029104
0.021384
0.043200
0.038368
0.039163
0.031474
0.029367
0.047799
0.039134
0.014479
0.006222
0.013000
0.041519
0.025664
0.040361
0.021512
0.013482
0.033515
0.052878
0.033489
0.022113
0.009886
0.024986
0.026497
0.027793
0.016953
0.014024
0.012240
0.033459
0.026537
0.041360
0.029477
0.025467
0.027985
0.044923
0.018123
0.026454
0.035283
0.014418
0.027948
0.029428
0.038357
0.027522
0.027557
0.018932
0.026757
0.030343
0.018790
0.031677
0.048360
0.008591
0.010100
0.030835
0.018010
0.021742
0.013505
0.008576
0.007332
0.036845
0.012617
0.039711
0.016157
0.006888
0.008106
0.013763
0.009989
0.018995
0.017588
0.016800
0.025362
0.011115
0.011203
0.012493
0.033995
0.004022
0.030798
0.029265
0.028360
0.037243
0.052666
0.026698
0.019294
0.052876
0.044362
0.036918
0.046025
0.062915
0.051602
0.027919
0.036942
0.021776
0.039985
0.018240
0.011314
0.016006
0.013577
0.028069
0.022337
0.017279
0.030479
0.030903
0.006964
0.019391
0.020619
0.008525
0.010105
0.000707
0.017314
0.006450
0.020690
0.043501
0.012001
0.027695
0.025211
0.006228
0.019641
0.017183
0.023274
0.004118
0.034466
0.013902
0.025542
0.049872
0.039809
0.026319
0.013077
0.050470
0.022511
0.028425
0.012531
0.015887
0.014260
0.039571
0.011899
0.037084
0.037070
0.011888
0.019502
0.028141
0.032214
0.015600
0.030581
0.024765
0.026589
0.044921
0.033930
0.023032
0.009801
0.018893
0.028296
0.012595
0.022984
0.034963
0.010854
0.036536
0.037743
0.038502
0.033050
0.042402
0.041327
0.016134
0.033911
0.028884
0.032915
0.005696
0.010175
0.019789
0.006303
0.028861
0.019939
0.007633
0.013472
0.016520
0.009467
0.027245
0.014936
0.030005
0.054026
0.035120
0.020841
0.023011
0.036129
0.039941
0.019108
0.024456
0.011950
0.017433
0.016915
0.006916
0.057015
0.033011
0.017249
0.007963
0.009064
0.023112
0.042256
0.041236
0.019094
0.039294
0.041553
0.021396
0.023786
0.011126
0.008373
0.036697
0.050157
0.041219
0.007204
0.045946
0.051417
0.043044
0.036096
0.034895
0.053589
0.025979
0.061190
0.016629
0.014561
0.018659
0.012653
0.017755
0.026631
0.004863
0.002574
0.036203
0.027567
0.010345
0.019593
0.013923
0.008616
0.010239
0.014189
0.015582
0.006119
0.027517
0.026180
0.023049
0.013286
0.018985
0.036047
0.012769
0.022874
0.042638
0.027548
0.032521
0.066125
0.075441
0.033437
0.050759
0.061727
0.041564
0.025168
0.032756
0.054971
0.025230
0.039738
0.034564
0.060751
0.049145
0.042858
0.010036
0.070083
0.037204
0.035548
0.022852
0.011651
0.012192
0.013332
0.012192
0.021915
0.007730
0.009257
0.028565
0.021568
0.005461
0.021741
0.028912
0.031929
0.024052
0.007090
0.021884
0.018286
0.009610
0.009603
0.033243
0.037370
0.024690
0.028241
0.017097
0.045559
0.030581
0.039117
0.025616
0.033816
0.004807
0.014904
0.030699
0.025233
0.013874
0.019278
0.038501
0.027497
0.032836
0.023884
0.022328
0.027275
0.036397
0.015287
0.031232
0.027294
0.049906
0.008101
0.024803
0.039788
0.041595
0.034890
0.018332
0.033828
0.032429
0.032139
0.015815
0.019697
0.017933
0.018107
0.045135
0.033060
0.014408
0.040113
0.020262
0.018910
0.017216
0.038752
0.031764
0.027101
0.035460
0.017640
0.014775
0.016025
0.015349
0.018970
0.006127
0.032422
0.026914
0.014250
0.043255
0.027536
0.006212
0.006924
0.027762
0.025362
0.029041
0.007382
0.022911
0.016816
0.038918
0.010852
0.020848
0.009178
0.020755
0.023644
0.034436
0.048278
0.010459
0.018353
0.012674
0.016160
0.019711
0.009459
0.022626
0.038520
0.017657
0.025639
0.054275
0.027376
0.041771
0.016638
0.014217
0.024030
0.024627
0.014525
0.027388
0.026273
0.029324
0.020891
0.023473
0.028274
0.015466
0.028863
0.021055
0.015785
0.021556
0.028946
0.005776
0.020344
0.014265
0.017405
0.007143
0.024885
0.020083
0.039984
0.013203
0.012995
0.023522
0.023204
0.025106
0.021108
0.017197
0.008993
0.008955
0.028164
0.018921
0.024848
0.005009
0.021469
0.019465
0.014397
0.038863
0.024833
0.003150
0.023655
0.001882
0.027456
0.021522
0.035279
0.036461
0.030973
0.020426
0.025789
0.026505
0.057286
0.009231
0.014064
0.024362
0.032489
0.011989
0.014785
0.023839
0.026388
0.032374
0.052255
0.061083
0.017400
0.034187
0.044709
0.038051
0.039239
0.033604
0.032418
0.014302
0.007816
0.042806
0.030280
0.059093
0.014369
0.021706
0.048425
0.014442
0.043075
0.038883
0.014720
0.025972
0.029072
0.037805
0.012963
0.007106
0.050915
0.026853
0.041574
0.024274
0.051261
0.022976
0.019343
0.019392
0.021354
0.006264
0.019602
0.031886
0.017665
0.033248
0.029527
0.039586
0.040020
0.038450
0.042371
0.043340
0.015565
0.039764
0.046831
0.040903
0.053914
0.046325
0.014921
0.018465
0.038440
0.055530
0.028643
0.068625
0.046665
0.050117
0.020897
0.055708
0.029862
0.035287
0.052328
0.041401
0.034606
0.039082
0.032895
0.050271
0.056360
0.040383
0.052963
0.038691
0.024751
0.039882
0.054775
0.039487
0.027687
0.051536
0.048269
0.007294
0.024330
0.034189
0.014281
0.022183
0.016899
0.016293
0.036732
0.032121
0.024157
0.013587
0.022179
0.031957
0.019035
0.031256
0.016858
0.013479
0.012136
0.024861
0.024781
0.019295
0.007944
0.035487
0.012866
0.018439
0.024576
0.012357
0.024508
0.036751
0.035967
0.025477
0.006568
0.008351
0.026408
0.035855
0.026720
0.031365
0.038447
0.011288
0.021771
0.027952
0.048542
0.025887
0.044331
0.012863
0.028522
0.024108
0.032543
0.020404
0.031484
0.016748
0.021734
0.009228
0.020932
0.025725
0.033266
0.005274
0.024439
0.011524
0.035308
0.027129
0.024711
0.014238
0.057280
0.067029
0.042905
0.034950
0.021544
0.031426
0.033319
0.050454
0.038945
0.007237
0.036915
0.019073
0.016941
0.030609
0.025109
0.031005
0.023023
0.014677
0.022102
0.011771
0.010653
0.024909
0.014766
0.028711
0.014774
0.019138
0.011582
0.031986
0.023445
0.026787
0.018306
0.011313
0.008941
0.025508
0.026800
0.040983
0.042476
0.027256
0.016347
0.036761
0.036422
0.035996
0.018114
0.050241
0.049780
0.016557
0.020180
0.029605
0.014402
0.011400
0.035965
0.021500
0.006533
0.015599
0.028086
0.037273
0.009848
0.025689
0.001702
0.016700
0.059054
0.072127
0.044655
0.053330
0.046313
0.049267
0.060388
0.028623
0.030903
0.031288
0.035197
0.036188
0.024665
0.039788
0.049073
0.070017
0.043487
0.015207
0.067769
0.074663
0.042093
0.023240
0.001725
0.035100
0.020015
0.022842
0.057306
0.064193
0.011500
0.026805
0.016198
0.036722
0.036937
0.042251
0.033045
0.059056
0.055696
0.050858
0.032539
0.040602
0.019936
0.032449
0.029207
0.036804
0.011077
0.009280
0.043741
0.016421
0.021141
0.028864
0.009065
0.036041
0.021694
0.063168
0.027510
0.009960
0.026723
0.018202
0.021713
0.036621
0.017906
0.043796
0.030404
0.047874
0.024480
0.022200
0.046636
0.020676
0.046948
0.018638
0.026653
0.012769
0.027538
0.033278
0.011444
0.009074
0.037578
0.012026
0.036875
0.017073
0.038644
0.028215
0.040315
0.045414
0.035434
0.017529
0.036205
0.012057
0.039064
0.036760
0.040982
0.015765
0.052414
0.007012
0.020176
0.022151
0.018602
0.050490
0.019597
0.044882
0.037177
0.033835
0.021861
0.042659
0.025249
0.043850
0.038594
0.023579
0.031323
0.019508
0.031543
0.020911
0.006113
0.024304
0.047939
0.024180
0.036428
0.022358
0.030276
0.040253
0.007946
0.025601
0.006934
0.011134
0.021336
0.035012
0.025731
0.011193
0.033103
0.016398
0.034937
0.026898
0.016090
0.019011
0.001300
0.010980
0.040867
0.033509
0.047449
0.038451
0.013353
0.033273
0.019562
0.011282
0.019052
0.024152
0.014633
0.017167
0.037827
0.028103
0.019814
0.009306
0.012464
0.029270
0.026186
0.007645
0.018747
0.040422
0.019968
0.015882
0.016162
0.021335
0.016199
0.019720
0.023533
0.015959
0.031189
0.017898
0.037219
0.024827
0.028324
0.041836
0.057684
0.042972
0.022835
0.063325
0.021403
0.025792
0.042320
0.029250
0.021425
0.030754
0.031553
0.028491
0.014697
0.033364
0.025822
0.017519
0.041226
0.028115
0.023369
0.017399
0.027990
0.021441
0.027075
0.014328
0.011988
0.039832
0.040977
0.035814
0.045502
0.008943
0.025807
0.008153
0.034753
0.022079
0.007434
0.026783
0.017709
0.005440
0.041510
0.018621
0.025879
0.018326
0.017041
0.028025
0.037052
0.022265
0.004354
0.016540
0.012231
0.030090
0.023315
0.021988
0.036379
0.005451
0.022752
0.020597
0.022525
0.004508
0.020958
0.029743
0.039472
0.017522
0.024764
0.019913
0.011712
0.008829
0.021830
0.044209
0.021827
0.036110
0.048402
0.043844
0.038918
0.017211
0.018471
0.016709
0.025568
0.025924
0.014405
0.026383
0.024532
0.038987
0.011104
0.031938
0.029254
0.032891
0.024588
0.010208
0.009753
0.025624
0.015638
0.017661
0.002107
0.026225
0.002112
0.008451
0.008607
0.014358
0.030211
0.010899
0.055577
0.033578
0.070928
0.025395
0.012498
0.024574
0.024329
0.018299
0.014081
0.017578
0.017369
0.032905
0.030029
0.053847
0.026711
0.028082
0.032954
0.010996
0.059369
0.012886
0.022471
0.012763
0.014159
0.003683
0.010461
0.025328
0.011610
0.021444
0.024178
0.007925
0.019982
0.003067
0.022194
0.008340
0.035888
0.020671
0.037654
0.023676
0.012979
0.040300
0.029170
0.045119
0.017388
0.020130
0.038214
0.028574
0.026594
0.037125
0.018682
0.010293
0.030765
0.048516
0.026362
0.033532
0.024785
0.021991
0.029262
0.015982
0.028662
0.021554
0.035616
0.056695
0.038344
0.040377
0.024773
0.024741
0.021335
0.018201
0.044902
0.013651
0.014032
0.016083
0.027563
0.024423
0.030971
0.043637
0.046129
0.053511
0.062679
0.046227
0.058068
0.056619
0.045935
0.053292
0.005796
0.015407
0.018856
0.019991
0.011408
0.007353
0.022650
0.029624
0.020009
0.015345
0.031867
0.017824
0.024122
0.010641
0.010908
0.022347
0.004348
0.014420
0.008487
0.026389
0.014248
0.021104
0.022277
0.018104
0.039275
0.039840
0.049505
0.030570
0.023634
0.008355
0.009371
0.012646
0.031407
0.020114
0.027146
0.030944
0.015713
0.005752
0.013275
0.034880
0.014572
0.050762
0.022923
0.016739
0.024228
0.026226
0.019984
0.014814
0.015404
0.047841
0.045698
0.029722
0.031776
0.037731
0.023737
0.023878
0.008107
0.025267
0.014388
0.023703
0.040302
0.013367
0.002670
0.038644
0.030511
0.052337
0.023973
0.045081
0.026586
0.015598
0.018894
0.011629
0.021175
0.037774
0.016583
0.032264
0.035330
0.040414
0.022907
0.031024
0.037923
0.035582
0.021071
0.032272
0.010819
0.013881
0.015344
0.015498
0.006983
0.017268
0.016481
0.041933
0.036702
0.021328
0.033224
0.006797
0.033768
0.027287
0.023262
0.026522
0.045651
0.018787
0.024606
0.029069
0.012032
0.014644
0.022212
0.031333
0.043195
0.025367
0.034353
0.024775
0.013298
0.038610
0.041750
0.033644
0.007592
0.005490
0.024008
0.038212
0.010811
0.017908
0.019049
0.038867
0.036341
0.032652
0.008848
0.007094
0.017538
0.037831
0.038982
0.040348
0.041925
0.030194
0.029240
0.025243
0.042777
0.038343
0.038929
0.040808
0.017795
0.031153
0.035298
0.037789
0.015381
0.015498
0.024956
0.017593
0.027198
0.004509
0.024787
0.020992
0.020198
0.017101
0.018052
0.010647
0.041076
0.030153
0.019121
0.007675
0.018467
0.035037
0.014378
0.011669
0.015108
0.014441
0.043969
0.034401
0.028664
0.028986
0.048851
0.040478
0.007545
0.008372
0.018892
0.008340
0.021543
0.049493
0.038711
0.008249
0.027144
0.038957
0.013497
0.014862
0.012059
0.030311
0.045893
0.023597
0.020710
0.022475
0.044538
0.035881
0.022998
0.039643
0.032473
0.060135
0.037397
0.029975
0.035800
0.038426
0.049673
0.024984
0.073003
0.018186
0.021544
0.036169
0.013620
0.018736
0.011000
0.008302
0.006495
0.017697
0.010106
0.008602
0.008296
0.003249
0.011889
0.010818
0.026359
0.015991
0.019479
0.019639
0.033964
0.034960
0.007190
0.035366
0.018501
0.028202
0.023442
0.035871
0.013330
0.017095
0.011189
0.015696
0.010094
0.032208
0.011150
0.017864
0.022815
0.035638
0.028529
0.020839
0.049164
0.028120
0.031285
0.009933
0.045806
0.047142
0.027922
0.024633
0.042178
0.031292
0.024523
0.022191
0.019222
0.011195
0.011645
0.036575
0.028681
0.026675
0.034272
0.024163
0.006329
0.020790
0.029211
0.038821
0.017148
0.009509
0.014323
0.031610
0.013610
0.023294
0.022954
0.007922
0.021912
0.011590
0.040799
0.029879
0.032820
0.041973
0.042392
0.037813
0.056919
0.048021
0.036593
0.049548
0.052111
0.024646
0.044970
0.042247
0.014769
0.015217
0.030959
0.010114
0.031417
0.043752
0.014600
0.007638
0.013117
0.024755
0.024399
0.027649
0.019871
0.012969
0.039408
0.028949
0.022292
0.024459
0.017397
0.039910
0.033153
0.014168
0.037797
0.058217
0.042190
0.026129
0.040022
0.013160
0.035291
0.025587
0.039250
0.003253
0.008170
0.018115
0.041565
0.010523
0.028993
0.024894
0.020944
0.014338
0.027870
0.007696
0.014161
0.030375
0.020354
0.016443
0.035498
0.030708
0.033187
0.005703
0.034784
0.038345
0.019529
0.029449
0.020590
0.041226
0.008781
0.042110
0.030438
0.055518
0.065399
0.028872
0.016483
0.024020
0.026706
0.010814
0.028014
0.013250
0.036928
0.004718
0.034394
0.015592
0.017645
0.026492
0.040819
0.032315
0.019468
0.005004
0.034004
0.028142
0.023549
0.006031
0.008852
0.013388
0.029771
0.032036
0.032874
0.006902
0.013421
0.006060
0.012170
0.015758
0.010567
0.005633
0.021775
0.023987
0.020623
0.022418
0.036117
0.047013
0.033603
0.011728
0.003697
0.005122
0.033974
0.030093
0.032290
0.057617
0.046432
0.026188
0.026889
0.034837
0.033623
0.023437
0.030102
0.013283
0.010658
0.033151
0.005417
0.011488
0.047947
0.013624
0.030020
0.024071
0.012005
0.016347
0.020837
0.013930
0.026161
0.033008
0.022511
0.020244
0.026215
0.028562
0.019711
0.010730
0.029787
0.009302
0.017207
0.022566
0.013308
0.027934
0.010199
0.015815
0.016030
0.047440
0.009102
0.007658
0.030607
0.069756
0.029342
0.027402
0.032317
0.032768
0.045680
0.025851
0.030566
0.025474
0.013793
0.050129
0.042710
0.027613
0.063933
0.037501
0.016654
0.030382
0.025247
0.046654
0.054596
0.028316
0.037096
0.009582
0.039288
0.036404
0.034116
0.028478
0.025969
0.016201
0.008700
0.015957
0.008077
0.027999
0.011678
0.009279
0.013861
0.037272
0.016714
0.007673
0.024738
0.046384
0.051032
0.032762
0.018251
0.024210
0.034945
0.014640
0.056066
0.021579
0.020386
0.019843
0.012124
0.024436
0.046557
0.041248
0.033655
0.037455
0.042239
0.034334
0.035787
0.057489
0.033532
0.036963
0.048977
0.054855
0.033097
0.017203
0.024653
0.026641
0.018501
0.032453
0.037720
0.022255
0.029645
0.009706
0.020634
0.020953
0.020787
0.013937
0.010585
0.020206
0.006190
0.024140
0.016170
0.014025
0.010726
0.028505
0.016860
0.023184
0.028724
0.025778
0.005232
0.024240
0.008607
0.012089
0.032750
0.002490
0.021095
0.002073
0.025490
0.010978
0.023050
0.017878
0.014943
0.039802
0.017127
0.037818
0.010196
0.010782
0.007859
0.038322
0.028897
0.038121
0.023630
0.016103
0.026693
0.027954
0.046273
0.008531
0.042678
0.008882
0.023967
0.016864
0.009241
0.008437
0.016769
0.015848
0.030794
0.016570
0.028815
0.016429
0.021364
0.014277
0.036640
0.023192
0.019500
0.015733
0.024900
0.004502
0.026647
0.013027
0.020751
0.031606
0.021366
0.015833
0.029738
0.027108
0.022498
0.019532
0.014032
0.041829
0.008520
0.027294
0.014334
0.014656
0.026654
0.025002
0.045868
0.036250
0.013494
0.032121
0.018195
0.006514
0.011000
0.018986
0.025279
0.013475
0.022467
0.035040
0.039712
0.029221
0.030652
0.037164
0.031610
0.029700
0.038128
0.045620
0.025796
0.002021
0.018222
0.025466
0.036203
0.017842
0.021133
0.010364
0.030455
0.016790
0.029491
0.010469
0.025190
0.040703
0.009904
0.029704
0.014709
0.011561
0.015450
0.058407
0.055780
0.060219
0.030460
0.035618
0.052907
0.016763
0.028062
0.018450
0.029173
0.019323
0.035221
0.052435
0.009219
0.024368
0.026414
0.018063
0.035354
0.026068
0.028721
0.036970
0.059078
0.035903
0.069486
0.011533
0.055504
0.038509
0.022996
0.026562
0.055590
0.027556
0.049579
0.032418
0.026622
0.020282
0.042222
0.034414
0.013489
0.015966
0.026822
0.009349
0.009762
0.021843
0.006322
0.000737
0.012244
0.006828
0.023870
0.033314
0.038876
0.022894
0.028005
0.027339
0.038185
0.021730
0.021689
0.028559
0.025686
0.020433
0.022840
0.003938
0.031592
0.010848
0.022882
0.031535
0.013114
0.021953
0.022818
0.022950
0.024667
0.011847
0.022501
0.011743
0.005540
0.042846
0.020022
0.016297
0.040208
0.026850
0.030605
0.038388
0.067353
0.024504
0.038773
0.049436
0.023691
0.058071
0.026344
0.038552
0.023724
0.032323
0.050945
0.037025
0.025791
0.020230
0.029486
0.031485
0.064835
0.024283
0.031507
0.025190
0.045705
0.036477
0.028757
0.011705
0.024670
0.022426
0.020092
0.010483
0.026358
0.012713
0.019317
0.022188
0.017091
0.036175
0.037781
0.007801
0.040581
0.013512
0.032339
0.010876
0.029238
0.003494
0.019928
0.031477
0.026917
0.029862
0.040062
0.038707
0.020685
0.063585
0.044754
0.043993
0.015651
0.012772
0.033567
0.046013
0.009828
0.003415
0.031316
0.047770
0.055434
0.040647
0.023761
0.032773
0.062711
0.031385
0.042354
0.064481
0.037732
0.046392
0.030566
0.031708
0.045222
0.013436
0.029194
0.037339
0.043133
0.015040
0.052501
0.042411
0.010598
0.018686
0.026150
0.013845
0.021544
0.009697
0.019436
0.010453
0.014846
0.007181
0.041297
0.021476
0.008845
0.018354
0.002993
0.020290
0.017902
0.013196
0.008983
0.027886
0.029734
0.027888
0.025968
0.023230
0.028377
0.017567
0.012717
0.012364
0.013659
0.016136
0.020648
0.029795
0.007994
0.036390
0.014225
0.013530
0.026609
0.007440
0.024646
0.007964
0.035703
0.006609
0.016706
0.014482
0.037588
0.034459
0.013868
0.031926
0.024196
0.017845
0.025447
0.015149
0.008489
0.020773
0.026507
0.017797
0.014826
0.008590
0.021500
0.025081
0.018106
0.021215
0.027146
0.025482
0.027769
0.004497
0.032378
0.033909
0.017855
0.016835
0.017975
0.020317
0.018834
0.017664
0.020515
0.015760
0.009623
0.022115
0.027878
0.044288
0.027781
0.027387
0.044717
0.038194
0.024847
0.014364
0.018996
0.018680
0.008712
0.026276
0.018098
0.026528
0.019464
0.020048
0.035801
0.013870
0.029761
0.018228
0.051352
0.039421
0.021313
0.018310
0.022641
0.038156
0.040597
0.015544
0.039038
0.024712
0.023376
0.018480
0.020025
0.012296
0.011589
0.004334
0.019249
0.028195
0.016355
0.021805
0.034577
0.012116
0.052044
0.011200
0.028619
0.008253
0.018623
0.028562
0.036285
0.023956
0.024567
0.042925
0.018973
0.006531
0.025607
0.024928
0.052339
0.039941
0.034634
0.022299
0.026174
0.053661
0.009627
0.007495
0.016706
0.069406
0.041145
0.029431
0.020071
0.024234
0.008147
0.033274
0.029767
0.045964
0.012280
0.017203
0.025645
0.022803
0.039153
0.017624
0.031141
0.018062
0.021320
0.037932
0.030196
0.015163
0.034949
0.024984
0.050867
0.035896
0.039672
0.051758
0.017973
0.030110
0.028278
0.012742
0.042479
0.020918
0.017447
0.021859
0.010714
0.026785
0.020054
0.013626
0.017829
0.019792
0.024231
0.029166
0.014473
0.039623
0.014719
0.025791
0.023253
0.023743
0.009936
0.016403
0.015496
0.033791
0.025218
0.021716
0.041725
0.039117
0.060910
0.013677
0.010600
0.028911
0.014147
0.010243
0.010267
0.006624
0.008702
0.003458
0.019211
0.027467
0.024428
0.024734
0.033858
0.015631
0.020520
0.024086
0.016803
0.048752
0.014064
0.040129
0.016826
0.027134
0.033961
0.026031
0.021601
0.026820
0.004569
0.022919
0.043759
0.035629
0.009573
0.041086
0.024324
0.028764
0.024537
0.034311
0.026134
0.040997
0.030771
0.019375
0.016899
0.013613
0.036592
0.020839
0.019264
0.001552
0.040172
0.031657
0.009307
0.018646
0.019288
0.021587
0.051606
0.004603
0.028937
0.026533
0.025334
0.025659
0.010116
0.010656
0.029058
0.015138
0.025021
0.039588
0.008586
0.030454
0.014544
0.030570
0.049495
0.053681
0.058012
0.023967
0.043296
0.027994
0.010456
0.029797
0.045552
0.020800
0.035426
0.039758
0.033007
0.033754
0.048142
0.026394
0.049314
0.022086
0.048560
0.026295
0.045963
0.020774
0.017493
0.029786
0.029991
0.032748
0.014035
0.016908
0.004210
0.031876
0.027874
0.007383
0.005232
0.006851
0.028182
0.032275
0.017454
0.020187
0.022810
0.020886
0.013313
0.052704
0.034949
0.016063
0.016820
0.048178
0.029585
0.030995
0.019509
0.010774
0.022209
0.037685
0.044640
0.025432
0.026802
0.025746
0.043695
0.047632
0.022033
0.055887
0.027588
0.042659
0.057319
0.030523
0.021003
0.041748
0.047853
0.045027
0.039107
0.040164
0.030834
0.027965
0.059317
0.044098
0.060056
0.023960
0.023842
0.017566
0.015667
0.041392
0.032563
0.025003
0.020525
0.022523
0.033278
0.014566
0.037814
0.021893
0.032306
0.023920
0.025716
0.036502
0.022327
0.032374
0.027017
0.016873
0.022517
0.030830
0.040679
0.001030
0.019960
0.013793
0.038158
0.026151
0.023278
0.025604
0.020378
0.019250
0.034808
0.013278
0.015745
0.012680
0.012696
0.007069
0.028149
0.012949
0.017749
0.042900
0.037606
0.014728
0.015249
0.041252
0.034173
0.020242
0.020925
0.034601
0.006724
0.043526
0.042463
0.021837
0.013667
0.021341
0.041032
0.038095
0.041251
0.052343
0.028765
0.031217
0.017092
0.005984
0.032681
0.005926
0.020839
0.033857
0.041246
0.008063
0.014817
0.037490
0.037041
0.018254
0.013493
0.034275
0.044454
0.024893
0.024173
0.016904
0.033200
0.021490
0.020662
0.027468
0.039574
0.015431
0.018819
0.025763
0.036597
0.010529
0.012434
0.029898
0.010285
0.025212
0.023123
0.026783
0.007948
0.013118
0.021564
0.034095
0.028953
0.003106
0.005726
0.035729
0.030200
0.036095
0.033932
0.021622
0.030859
0.023803
0.042238
0.027634
0.029960
0.028048
0.045704
0.037147
0.033637
0.017707
0.035312
0.021518
0.017647
0.031256
0.022003
0.018920
0.032147
0.022342
0.028032
0.025746
0.027207
0.013287
0.015504
0.020172
0.040464
0.039634
0.039566
0.021831
0.019674
0.022718
0.035331
0.044193
0.017851
0.008685
0.022493
0.034915
0.019778
0.022858
0.043801
0.040431
0.024238
0.018411
0.033532
0.023103
0.024551
0.033012
0.020522
0.021167
0.012997
0.023000
0.008682
0.009157
0.008198
0.039748
0.030708
0.008870
0.015645
0.016336
0.051447
0.014975
0.010438
0.028839
0.055438
0.019527
0.024014
0.039481
0.023818
0.020125
0.030334
0.032428
0.025781
0.054667
0.030497
0.027624
0.009330
0.024558
0.033822
0.018627
0.023532
0.024178
0.036783
0.027110
0.022072
0.036143
0.022090
0.040025
0.020291
0.045591
0.055381
0.042229
0.039546
0.021093
0.034683
0.005008
0.012814
0.016185
0.011612
0.060847
0.050050
0.039042
0.056146
0.056744
0.041782
0.013676
0.018338
0.021415
0.030329
0.028995
0.022251
0.018163
0.018411
0.042366
0.023451
0.005279
0.039652
0.021222
0.027129
0.012314
0.030813
0.019077
0.037117
0.046200
0.027588
0.033540
0.021011
0.025210
0.001020
0.026640
0.010241
0.029488
0.003625
0.023080
0.016405
0.013223
0.014975
0.030796
0.051119
0.022227
0.029875
0.013660
0.031396
0.029277
0.015177
0.027778
0.025822
0.035229
0.030395
0.040317
0.025831
0.051731
0.021922
0.037717
0.018835
0.056692
0.016972
0.041677
0.015116
0.028909
0.013199
0.012649
0.013459
0.017280
0.010809
0.010367
0.012590
0.043078
0.023479
0.016685
0.024901
0.030351
0.013515
0.012915
0.010339
0.049612
0.035363
0.019675
0.037171
0.029973
0.016294
0.025538
0.031972
0.030986
0.008267
0.030201
0.013368
0.017500
0.008468
0.008683
0.012697
0.025181
0.016661
0.013815
0.004796
0.036695
0.030318
0.033150
0.030011
0.042811
0.017406
0.028424
0.023104
0.054012
0.007947
0.011404
0.035428
0.047430
0.023971
0.009376
0.012559
0.027840
0.032119
0.043895
0.041484
0.022175
0.005500
0.024081
0.005271
0.013029
0.025378
0.022361
0.027399
0.025136
0.029410
0.015669
0.009363
0.041010
0.032951
0.004511
0.022994
0.010777
0.013549
0.030351
0.029288
0.021326
0.013106
0.016852
0.019509
0.019803
0.016910
0.023584
0.035806
0.022829
0.029377
0.030393
0.011698
0.025494
0.035930
0.005451
0.024114
0.008227
0.016034
0.022717
0.015676
0.031486
0.032319
0.020334
0.033896
0.055339
0.039981
0.013500
0.014397
0.024956
0.019830
0.017571
0.013926
0.017743
0.040334
0.033316
0.052487
0.029369
0.031610
0.055935
0.028170
0.052928
0.032972
0.021675
0.026925
0.030835
0.034227
0.039951
0.035490
0.033034
0.015894
0.014606
0.047592
0.022025
0.022938
0.044042
0.032030
0.020431
0.035643
0.030016
0.046808
0.018925
0.029041
0.023478
0.021687
0.029660
0.022732
0.016661
0.012929
0.051833
0.018458
0.038370
0.010406
0.026165
0.025444
0.030959
0.008861
0.026514
0.031682
0.038223
0.011255
0.025982
0.013030
0.029383
0.024191
0.032756
0.020591
0.031446
0.020694
0.009802
0.024079
0.026314
0.033180
0.005255
0.025297
0.011253
0.014165
0.013858
0.058157
0.065436
0.021326
0.045191
0.042536
0.022147
0.037722
0.031434
0.010099
0.003595
0.008765
0.028562
0.024734
0.016322
0.023176
0.027609
0.006715
0.011599
0.008359
0.012009
0.026116
0.041335
0.022878
0.042880
0.026641
0.019747
0.011893
0.007571
0.032275
0.051075
0.022718
0.035303
0.047481
0.030108
0.048841
0.016788
0.036739
0.024614
0.034116
0.014717
0.031128
0.019941
0.019156
0.029169
0.025699
0.014805
0.013646
0.018996
0.048953
0.011478
0.011994
0.031934
0.023301
0.025537
0.024973
0.029373
0.015160
0.006207
0.011852
0.028396
0.020512
0.045985
0.026960
0.023885
0.023844
0.031146
0.026412
0.027112
0.020923
0.027582
0.041082
0.032246
0.011358
0.014816
0.023052
0.005444
0.019408
0.034768
0.010791
0.021132
0.012462
0.018860
0.018504
0.010389
0.031957
0.008480
0.007041
0.026695
0.012356
0.021702
0.023933
0.018454
0.032504
0.018466
0.029878
0.011040
0.024739
0.013033
0.031061
0.022341
0.022213
0.017922
0.023628
0.012808
0.022086
0.032902
0.021768
0.030090
0.013990
0.017351
0.023619
0.002315
0.013209
0.020510
0.022232
0.019323
0.031136
0.013960
0.025717
0.011504
0.008058
0.009086
0.025628
0.002435
0.015736
0.031533
0.009841
0.020764
0.010645
0.038061
0.008912
0.040559
0.032616
0.028536
0.045916
0.047526
0.041350
0.033690
0.041531
0.011622
0.013763
0.017355
0.037626
0.031838
0.025947
0.044817
0.031301
0.034026
0.021837
0.032249
0.026192
0.012483
0.015063
0.018369
0.022392
0.027268
0.013552
0.018525
0.043321
0.040527
0.032922
0.050085
0.005352
0.031199
0.026243
0.020136
0.011798
0.011771
0.041288
0.031412
0.015329
0.030008
0.029941
0.030348
0.040355
0.033507
0.030976
0.019607
0.012289
0.003073
0.017048
0.030347
0.038047
0.001678
0.012197
0.044828
0.028365
0.033027
0.046712
0.040803
0.024010
0.004894
0.010146
0.021677
0.008705
0.020037
0.010480
0.023590
0.018404
0.041165
0.037241
0.020227
0.040602
0.027295
0.009957
0.025147
0.038188
0.010642
0.028352
0.055876
0.017878
0.019467
0.035393
0.018205
0.010608
0.029648
0.038679
0.004645
0.040315
0.020028
0.014470
0.036566
0.029012
0.009684
0.024072
0.027417
0.031363
0.009890
0.023250
0.035829
0.018993
0.034478
0.021412
0.038557
0.008847
0.030498
0.020220
0.011599
0.020451
0.012637
0.012963
0.010689
0.045155
0.040115
0.049390
0.052483
0.017021
0.052774
0.061145
0.047516
0.027048
0.028398
0.007611
0.030095
0.019956
0.035168
0.039408
0.036930
0.023212
0.018374
0.017785
0.029692
0.037315
0.036034
0.044327
0.051516
0.030332
0.020355
0.015059
0.018831
0.025093
0.034437
0.056379
0.071313
0.010609
0.022709
0.024580
0.020867
0.038710
0.038581
0.020263
0.064347
0.045430
0.045471
0.015946
0.013241
0.034137
0.046695
0.009867
0.003247
0.024043
0.032424
0.048900
0.055760
0.040292
0.023283
0.032475
0.062609
0.031094
0.041645
0.064071
0.037250
0.046132
0.029811
0.030207
0.045129
0.013366
0.028942
0.036794
0.041387
0.014851
0.051223
0.042213
0.044490
0.010494
0.017658
0.025802
0.013506
0.020848
0.022606
0.028742
0.020724
0.009429
0.018835
0.010433
0.014420
0.007546
0.041044
0.022242
0.009715
0.017212
0.002911
0.020063
0.018827
0.013366
0.010001
0.027690
0.030058
0.027343
0.024247
0.024384
0.028570
0.017650
0.012201
0.013084
0.013273
0.016256
0.020578
0.029917
0.008624
0.035604
0.015809
0.013305
0.025595
0.007422
0.024851
0.008121
0.037048
0.006514
0.017763
0.014335
0.038169
0.034818
0.014094
0.029696
0.014888
0.006290
0.008655
0.017642
0.016746
0.019704
0.026231
0.013768
0.005321
0.012555
0.010967
0.003556
0.022250
0.011977
0.025859
0.030602
0.009595
0.011537
0.007589
0.005522
0.012258
0.020426
0.015115
0.018218
0.023104
0.011772
0.014246
0.018013
0.021976
0.017484
0.036779
0.039706
0.048941
0.007182
0.030734
0.031711
0.029052
0.021634
0.027646
0.045125
0.045460
0.027607
0.034093
0.027208
0.017952
0.040157
0.030028
0.026356
0.015144
0.013464
0.009489
0.013304
0.039522
0.015630
0.012216
0.025868
0.015146
0.004669
0.014918
0.016894
0.013687
0.031979
0.027076
0.034580
0.040298
0.019183
0.043198
0.026141
0.035984
0.027059
0.028776
0.011600
0.008838
0.034828
0.027289
0.015332
0.052454
0.018687
0.023677
0.023095
0.032356
0.029876
0.048040
0.011016
0.041310
0.033960
0.009082
0.022809
0.029317
0.028082
0.017560
0.018180
0.014566
0.034983
0.007833
0.012129
0.011525
0.024025
0.016697
0.024987
0.023924
0.017164
0.008870
0.003460
0.025622
0.026961
0.014081
0.019726
0.003806
0.012522
0.027632
0.033060
0.007250
0.011015
0.008563
0.037443
0.015277
0.018310
0.017036
0.048386
0.027836
0.012340
0.042399
0.019042
0.008604
0.009118
0.040259
0.009555
0.027262
0.033103
0.034383
0.020295
0.026679
0.023698
0.023325
0.006032
0.034899
0.029532
0.014658
0.023903
0.023752
0.018994
0.017699
0.016585
0.039502
0.030292
0.013111
0.036605
0.019032
0.043373
0.025259
0.015371
0.034523
0.051573
0.023733
0.024570
0.024197
0.025777
0.016244
0.038751
0.004351
0.008387
0.021214
0.023343
0.016620
0.016063
0.012101
0.018636
0.022298
0.026737
0.015789
0.007889
0.007408
0.024020
0.010942
0.045196
0.015075
0.013688
0.021273
0.024322
0.019988
0.032906
0.016557
0.007023
0.024839
0.034350
0.019307
0.023158
0.027028
0.020599
0.028548
0.041947
0.039129
0.048160
0.008942
0.026210
0.009127
0.019246
0.013118
0.010215
0.030608
0.011897
0.013268
0.024937
0.014098
0.023415
0.012555
0.019126
0.027207
0.039824
0.034544
0.024797
0.025996
0.030372
0.012738
0.037694
0.035173
0.026626
0.019421
0.018153
0.016268
0.012870
0.033333
0.020392
0.037475
0.023388
0.019822
0.013251
0.029883
0.020616
0.008797
0.039878
0.004060
0.014273
0.011462
0.015333
0.003269
0.015694
0.009371
0.029428
0.014906
0.024048
0.022329
0.020063
0.033719
0.020476
0.029214
0.052417
0.013336
0.014707
0.019727
0.022437
0.017637
0.027712
0.033985
0.032186
0.026841
0.032724
0.023240
0.043405
0.026084
0.021789
0.037832
0.019139
0.023559
0.025887
0.012110
0.012687
0.025785
0.008886
0.017097
0.004214
0.014452
0.012193
0.022081
0.008815
0.030039
0.034502
0.025665
0.027787
0.022724
0.034830
0.048982
0.034405
0.026593
0.020767
0.024564
0.040343
0.058724
0.063288
0.050495
0.015187
0.047883
0.020822
0.026275
0.012175
0.011152
0.019096
0.026921
0.009470
0.022570
0.009416
0.024627
0.009358
0.034862
0.049782
0.032274
0.010137
0.003295
0.024726
0.025412
0.010869
0.025364
0.027380
0.028791
0.008622
0.030204
0.010131
0.027845
0.022622
0.029120
0.026905
0.013409
0.021340
0.030200
0.019045
0.024331
0.033580
0.038551
0.023749
0.041043
0.061748
0.019667
0.047731
0.046187
0.030137
0.031833
0.019349
0.032277
0.047099
0.020469
0.037385
0.029300
0.021912
0.037815
0.024109
0.038609
0.029508
0.036814
0.013350
0.039892
0.021720
0.043522
0.027819
0.032972
0.020032
0.027276
0.034893
0.021485
0.028716
0.010303
0.027435
0.008867
0.026204
0.016169
0.010050
0.022544
0.022656
0.022190
0.006613
0.042100
0.017010
0.030070
0.021551
0.008045
0.036431
0.026163
0.034095
0.048563
0.039946
0.035773
0.017394
0.023769
0.025711
0.022144
0.012474
0.025269
0.012830
0.045117
0.027405
0.026640
0.020748
0.009798
0.004544
0.030629
0.032987
0.012260
0.055881
0.046636
0.019741
0.030969
0.022080
0.022902
0.037453
0.059382
0.071277
0.036439
0.048537
0.017758
0.013720
0.051456
0.024116
0.027315
0.037105
0.040605
0.038544
0.049764
0.048406
0.019557
0.023426
0.024452
0.038567
0.026928
0.031878
0.024678
0.012690
0.015509
0.032125
0.008768
0.024376
0.013549
0.005824
0.010322
0.021267
0.039546
0.038565
0.025275
0.030625
0.033053
0.019748
0.030134
0.018897
0.008674
0.028486
0.024532
0.032888
0.011304
0.024471
0.049213
0.047340
0.030779
0.020678
0.020468
0.029409
0.020492
0.031375
0.021539
0.012030
0.017863
0.015713
0.032540
0.010823
0.014728
0.010478
0.009534
0.015907
0.027322
0.021771
0.030692
0.021971
0.041645
0.040827
0.013589
0.007156
0.027815
0.016697
0.015515
0.017319
0.025473
0.024261
0.044796
0.035479
0.009973
0.026424
0.020151
0.012640
0.012641
0.022215
0.031127
0.024094
0.013284
0.022660
0.031919
0.038832
0.032838
0.033916
0.053794
0.038584
0.019309
0.012784
0.010657
0.016867
0.014974
0.016509
0.022678
0.023607
0.023617
0.016241
0.015419
0.007945
0.006461
0.022931
0.013916
0.007039
0.027196
0.028459
0.010025
0.039831
0.011175
0.030263
0.003653
0.024555
0.003060
0.022685
0.028301
0.017807
0.041338
0.016476
0.026526
0.035118
0.031322
0.018826
0.011013
0.021888
0.014171
0.010153
0.040582
0.028151
0.019172
0.021131
0.018350
0.010928
0.009378
0.007632
0.018561
0.026802
0.032370
0.022659
0.017852
0.022950
0.009300
0.014195
0.025578
0.028987
0.041529
0.031292
0.008984
0.022033
0.014757
0.044441
0.051231
0.026409
0.033411
0.023186
0.038660
0.021750
0.024193
0.019189
0.038384
0.037257
0.037052
0.023976
0.038971
0.027875
0.038868
0.041442
0.034455
0.040302
0.039759
0.035384
0.026310
0.047724
0.026834
0.017904
0.021150
0.024021
0.024289
0.034306
0.029695
0.019888
0.015364
0.020293
0.023256
0.016879
0.012853
0.008097
0.011062
0.011936
0.020195
0.010489
0.031484
0.024789
0.016318
0.013094
0.013652
0.034896
0.039638
0.020416
0.026509
0.027567
0.036484
0.015764
0.034928
0.034359
0.017716
0.006570
0.021847
0.013196
0.011459
0.012454
0.028684
0.054108
0.041739
0.041698
0.027373
0.051321
0.028312
0.009260
0.003871
0.028560
0.021337
0.017839
0.020646
0.016556
0.031167
0.025958
0.009630
0.024893
0.044079
0.016800
0.021584
0.037622
0.023048
0.014447
0.014668
0.014255
0.030331
0.031597
0.038598
0.010582
0.008452
0.023124
0.012358
0.028748
0.039922
0.009692
0.018870
0.018542
0.020162
0.036954
0.042962
0.028970
0.009413
0.003109
0.006029
0.034200
0.023765
0.036348
0.031239
0.048097
0.011639
0.009646
0.051852
0.036914
0.027408
0.030406
0.034230
0.011571
0.007332
0.009824
0.052568
0.047457
0.026300
0.045088
0.014997
0.017059
0.036216
0.009836
0.032735
0.018377
0.004149
0.010378
0.024758
0.024467
0.022461
0.016744
0.014142
0.039038
0.026819
0.038945
0.018015
0.042390
0.037054
0.014612
0.026456
0.030320
0.036479
0.056661
0.026249
0.039848
0.030096
0.035664
0.025516
0.038278
0.036478
0.021888
0.028989
0.053240
0.021797
0.019100
0.016297
0.017837
0.035796
0.002820
0.036940
0.043136
0.008644
0.026476
0.030741
0.029199
0.050506
0.033715
0.014129
0.011928
0.033665
0.016285
0.037192
0.020069
0.031266
0.029635
0.008261
0.017840
0.008463
0.053803
0.013834
0.019253
0.029191
0.029662
0.012951
0.011855
0.021721
0.020292
0.017664
0.019500
0.010725
0.014932
0.016775
0.007292
0.006380
0.015908
0.040666
0.024561
0.041215
0.048601
0.034040
0.025406
0.062467
0.006385
0.046542
0.038081
0.021433
0.050004
0.013441
0.006488
0.017115
0.026164
0.036271
0.020714
0.022232
0.009930
0.030975
0.018987
0.010097
0.028535
0.008381
0.013353
0.003937
0.010067
0.035946
0.025187
0.042984
0.039600
0.008293
0.030096
0.013627
0.011726
0.015532
0.032236
0.056908
0.028861
0.033881
0.015520
0.026441
0.033203
0.016785
0.026886
0.017717
0.034062
0.008966
0.023471
0.025196
0.025296
0.014706
0.029587
0.038291
0.036636
0.015465
0.040983
0.026516
0.026732
0.027174
0.026875
0.016636
0.026566
0.019378
0.052198
0.056492
0.052766
0.061794
0.056893
0.051606
0.009980
0.017528
0.034811
0.006960
0.033527
0.037564
0.029313
0.017610
0.026078
0.023215
0.014460
0.054646
0.052934
0.043458
0.015785
0.014989
0.036369
0.002592
0.035101
0.026040
0.003535
0.005815
0.023524
0.037856
0.024852
0.012997
0.040616
0.040746
0.020595
0.012791
0.016963
0.022903
0.011365
0.028989
0.035533
0.009828
0.009857
0.021729
0.010167
0.010587
0.018234
0.023565
0.025552
0.012374
0.022152
0.012742
0.020574
0.010815
0.036854
0.016708
0.020808
0.018772
0.022494
0.004608
0.017502
0.017857
0.024794
0.028371
0.011541
0.010796
0.038956
0.028217
0.019020
0.007607
0.002705
0.020072
0.031163
0.015351
0.021029
0.024460
0.038787
0.031761
0.018358
0.011858
0.016575
0.008679
0.018265
0.020954
0.014936
0.033666
0.026861
0.023775
0.020883
0.031006
0.014147
0.032901
0.031312
0.013624
0.019630
0.013554
0.026366
0.009245
0.050340
0.009160
0.033222
0.013793
0.045834
0.037631
0.013459
0.015367
0.040238
0.036578
0.036726
0.036948
0.018319
0.043311
0.033585
0.012096
0.010441
0.022141
0.030203
0.030386
0.011890
0.022785
0.022600
0.004309
0.007019
0.010583
0.019515
0.032477
0.009429
0.021660
0.039082
0.038956
0.009365
0.029608
0.053576
0.026298
0.019575
0.041470
0.021289
0.044503
0.039068
0.025313
0.039630
0.038549
0.019590
0.056916
0.007013
0.038691
0.036027
0.024452
0.014034
0.036002
0.026814
0.029401
0.016292
0.009710
0.011995
0.014724
0.028354
0.014702
0.030278
0.027262
0.030180
0.019027
0.022102
0.024954
0.019266
0.017628
0.027415
0.019252
0.006424
0.020477
0.023770
0.028028
0.004186
0.010414
0.038902
0.017313
0.041363
0.020746
0.023889
0.010850
0.022630
0.024215
0.019438
0.020257
0.025000
0.034499
0.026644
0.035500
0.013259
0.030728
0.031057
0.026936
0.023669
0.038759
0.032135
0.013776
0.028509
0.040927
0.030580
0.027042
0.024228
0.036938
0.031046
0.020532
0.017704
0.042296
0.017872
0.014414
0.039273
0.010457
0.057361
0.012244
0.026872
0.030090
0.014222
0.025460
0.025701
0.028535
0.041803
0.037112
0.038023
0.069588
0.041891
0.030665
0.043255
0.021220
0.031626
0.021129
0.006649
0.025819
0.015921
0.017340
0.008748
0.020464
0.038072
0.006300
0.041038
0.015533
0.019246
0.029117
0.023616
0.022871
0.009076
0.030519
0.029109
0.018095
0.018564
0.010179
0.010157
0.022091
0.022003
0.058197
0.022982
0.044759
0.024504
0.035220
0.036230
0.027721
0.029417
0.029307
0.018594
0.009183
0.025367
0.022902
0.019851
0.009199
0.047022
0.029337
0.018425
0.030339
0.022771
0.019778
0.013829
0.009144
0.023693
0.020383
0.032577
0.044715
0.038924
0.037118
0.011079
0.019533
0.021773
0.018802
0.024498
0.025891
0.018281
0.013476
0.020783
0.015582
0.047142
0.021639
0.027256
0.021684
0.016903
0.015072
0.022025
0.020832
0.023335
0.009561
0.005383
0.035488
0.031189
0.023133
0.058792
0.049146
0.020749
0.032167
0.033826
0.045179
0.060320
0.071494
0.029015
0.019098
0.013311
0.035321
0.027731
0.033747
0.024241
0.031258
0.044123
0.047227
0.062316
0.054673
0.044199
0.023554
0.025452
0.020199
0.025974
0.025645
0.016213
0.027329
0.011740
0.024134
0.020794
0.015759
0.013065
0.003185
0.016839
0.007576
0.008753
0.009695
0.011348
0.030805
0.008111
0.021374
0.014505
0.018267
0.060716
0.020937
0.046362
0.046405
0.020999
0.049104
0.035577
0.020465
0.015066
0.004872
0.008630
0.017120
0.018796
0.027647
0.004452
0.011638
0.015614
0.013612
0.022759
0.010899
0.012429
0.020469
0.021661
0.010148
0.013911
0.016194
0.016915
0.021640
0.021349
0.014273
0.012059
0.017150
0.039416
0.012191
0.015030
0.009156
0.027137
0.025638
0.022175
0.042339
0.023878
0.018554
0.019879
0.010165
0.039778
0.027288
0.017881
0.023097
0.022818
0.029071
0.023688
0.011396
0.043962
0.022372
0.035081
0.024327
0.042340
0.026756
0.039716
0.041360
0.020199
0.040012
0.039745
0.015518
0.023859
0.035455
0.038918
0.023391
0.017076
0.010793
0.031041
0.008941
0.060990
0.032388
0.036751
0.030859
0.039440
0.027266
0.040932
0.009499
0.027118
0.018557
0.006801
0.021264
0.019864
0.032795
0.018574
0.020538
0.009052
0.007759
0.016687
0.028856
0.028668
0.007504
0.018133
0.026441
0.019858
0.017001
0.017150
0.019519
0.009481
0.029166
0.047170
0.016342
0.027137
0.052421
0.041352
0.032323
0.018326
0.035522
0.034709
0.033248
0.047195
0.016363
0.019252
0.024458
0.006681
0.050870
0.024774
0.019708
0.004732
0.014844
0.019636
0.010551
0.010469
0.030296
0.017736
0.022960
0.035086
0.026823
0.007391
0.004965
0.016114
0.018652
0.035690
0.034608
0.030967
0.011448
0.030479
0.036506
0.020752
0.021318
0.044259
0.040293
0.032946
0.040979
0.045762
0.038370
0.037170
0.013677
0.015437
0.028353
0.008150
0.027575
0.026364
0.034394
0.011163
0.042321
0.010942
0.060951
0.006972
0.018242
0.015114
0.018890
0.023989
0.052480
0.036541
0.051178
0.018261
0.055263
0.053108
0.039891
0.040429
0.014645
0.031858
0.013608
0.017626
0.027787
0.011845
0.011658
0.016175
0.026674
0.002238
0.032615
0.017239
0.011178
0.023816
0.034315
0.005548
0.021365
0.042583
0.026511
0.023129
0.033502
0.023730
0.036359
0.036008
0.032131
0.049636
0.060649
0.026855
0.040573
0.024448
0.032807
0.049695
0.023848
0.036624
0.034155
0.051292
0.024758
0.023920
0.031053
0.010302
0.067849
0.026282
0.035546
0.033074
0.051132
0.026693
0.029341
0.032895
0.024154
0.042301
0.023367
0.029510
0.029086
0.021951
0.019497
0.011750
0.016028
0.025080
0.018033
0.024232
0.022938
0.016589
0.017429
0.033919
0.012995
0.003472
0.015916
0.010134
0.007483
0.010194
0.044276
0.027775
0.014533
0.019929
0.038236
0.042208
0.027925
0.025799
0.013608
0.037814
0.057794
0.014483
0.042358
0.033383
0.022225
0.022786
0.017068
0.042013
0.016560
0.012932
0.014486
0.037161
0.012318
0.012702
0.048396
0.025658
0.029550
0.028529
0.029453
0.012559
0.027980
0.031609
0.013200
0.037790
0.031175
0.025569
0.022581
0.018705
0.021543
0.022960
0.008580
0.032146
0.048558
0.019356
0.006080
0.025722
0.036439
0.012114
0.017950
0.020542
0.005656
0.038500
0.016718
0.023394
0.018473
0.017110
0.033057
0.037979
0.021806
0.003417
0.012560
0.011728
0.031098
0.022368
0.048292
0.021539
0.036024
0.004662
0.020485
0.021559
0.031964
0.042519
0.027447
0.042817
0.024873
0.032697
0.036792
0.020920
0.016004
0.029195
0.008305
0.007371
0.020241
0.012605
0.011229
0.017769
0.009467
0.026458
0.018353
0.024129
0.032248
0.014550
0.050737
0.040249
0.021261
0.019673
0.032967
0.006339
0.042434
0.021818
0.014167
0.021612
0.042307
0.021829
0.038425
0.030466
0.031552
0.038352
0.030394
0.006512
0.030901
0.019155
0.029534
0.040645
0.007354
0.012430
0.014920
0.013589
0.034878
0.036914
0.015918
0.014106
0.033180
0.024876
0.010932
0.024695
0.018963
0.033240
0.021234
0.021341
0.011936
0.012596
0.011681
0.029202
0.006899
0.013781
0.020671
0.033962
0.027200
0.005229
0.018235
0.035967
0.028789
0.022454
0.032213
0.039796
0.042339
0.069071
0.060095
0.046459
0.049478
0.069244
0.022810
0.024960
0.006616
0.020472
0.044758
0.021775
0.053282
0.005153
0.036564
0.019984
0.028091
0.034688
0.009307
0.030010
0.036406
0.020681
0.020364
0.015385
0.006230
0.017714
0.014473
0.007869
0.027360
0.018108
0.032406
0.020751
0.026761
0.025528
0.003240
0.014404
0.014934
0.004382
0.003056
0.020006
0.024892
0.017845
0.011139
0.017218
0.031742
0.025222
0.045166
0.044230
0.027702
0.023906
0.014943
0.004542
0.023636
0.032166
0.014597
0.017934
0.024793
0.024740
0.052774
0.034414
0.032050
0.015607
0.014052
0.020483
0.022487
0.009652
0.040103
0.009485
0.035554
0.035961
0.029764
0.014585
0.029962
0.038525
0.045316
0.046333
0.035799
0.039155
0.046823
0.049337
0.019869
0.010787
0.008244
0.005992
0.017645
0.011814
0.007267
0.011807
0.003891
0.020168
0.021142
0.023058
0.014785
0.036061
0.010007
0.038990
0.038182
0.033853
0.026433
0.044551
0.029435
0.013310
0.045960
0.041384
0.020657
0.017346
0.012640
0.024426
0.014588
0.020735
0.010948
0.024734
0.029335
0.017218
0.023397
0.008424
0.020925
0.014488
0.036576
0.013039
0.013508
0.008610
0.027939
0.004392
0.009946
0.045614
0.014373
0.029482
0.019672
0.004151
0.013723
0.009016
0.013215
0.029843
0.010507
0.007047
0.039770
0.022212
0.021863
0.029823
0.018407
0.012127
0.016596
0.014782
0.012597
0.010357
0.036708
0.022984
0.031718
0.019840
0.012078
0.032480
0.025443
0.019011
0.021283
0.030626
0.012260
0.036845
0.027655
0.014097
0.025161
0.008514
0.046938
0.036135
0.013872
0.035079
0.042491
0.055387
0.013300
0.037664
0.030792
0.015022
0.043908
0.029636
0.012506
0.028763
0.007919
0.022201
0.023514
0.006956
0.016304
0.017564
0.017056
0.013689
0.029732
0.021592
0.030069
0.037365
0.038468
0.032048
0.029325
0.027167
0.031096
0.028973
0.029824
0.006200
0.032997
0.026025
0.015838
0.032479
0.022322
0.028408
0.023370
0.028411
0.039914
0.021643
0.034639
0.028131
0.026443
0.031042
0.025239
0.032910
0.008178
0.028104
0.023245
0.017268
0.037387
0.017642
0.038354
0.023751
0.013373
0.021120
0.025557
0.034612
0.047916
0.025905
0.020911
0.024216
0.037898
0.057174
0.060989
0.049804
0.014481
0.045854
0.020459
0.010826
0.024398
0.011086
0.010476
0.018306
0.026128
0.009716
0.020963
0.011325
0.024232
0.008626
0.032632
0.018450
0.023207
0.050111
0.030598
0.010794
0.004542
0.023662
0.027947
0.010841
0.026130
0.027965
0.026625
0.008212
0.029543
0.007640
0.026140
0.041922
0.019980
0.021407
0.029717
0.029598
0.013330
0.021862
0.032715
0.020273
0.025444
0.032474
0.036448
0.040721
0.058690
0.018638
0.046167
0.044865
0.031558
0.019160
0.032649
0.047779
0.021047
0.037736
0.031541
0.021540
0.038293
0.026674
0.039715
0.037873
0.013666
0.040442
0.021698
0.028959
0.028041
0.033396
0.025340
0.020679
0.015930
0.025792
0.030205
0.018413
0.025669
0.019185
0.025087
0.013849
0.020738
0.040865
0.040741
0.024917
0.008701
0.010123
0.021031
0.030778
0.010354
0.027567
0.018911
0.038959
0.038689
0.017144
0.024009
0.049553
0.036737
0.025216
0.009127
0.026034
0.043466
0.026623
0.023865
0.018086
0.022026
0.032355
0.018924
0.031230
0.007653
0.011867
0.024671
0.017684
0.013310
0.037245
0.021768
0.012667
0.023787
0.012234
0.048526
0.011662
0.023255
0.027664
0.016695
0.009384
0.038337
0.011546
0.022805
0.035926
0.006701
0.010392
0.040720
0.060339
0.049102
0.027960
0.036296
0.002833
0.039629
0.015982
0.015401
0.036150
0.029706
0.009673
0.023548
0.027877
0.029173
0.031649
0.009700
0.021355
0.035862
0.020017
0.031839
0.022543
0.036863
0.006941
0.028658
0.017635
0.013003
0.016851
0.010734
0.052998
0.017057
0.027544
0.029210
0.045199
0.007625
0.030418
0.021099
0.036104
0.039924
0.037121
0.023959
0.018914
0.030529
0.037345
0.035664
0.045433
0.051573
0.052093
0.030871
0.019496
0.016138
0.018868
0.024945
0.035132
0.056871
0.010916
0.055680
0.022178
0.023440
0.020072
0.037328
0.037967
0.061930
0.009574
0.022266
0.028418
0.019516
0.022491
0.041103
0.024427
0.019032
0.034688
0.023437
0.024644
0.033334
0.020734
0.015090
0.022832
0.006943
0.008247
0.008225
0.015486
0.023814
0.028807
0.010232
0.016014
0.017356
0.048124
0.039050
0.047802
0.042787
0.041047
0.031685
0.029741
0.024012
0.004633
0.017802
0.027222
0.025680
0.022590
0.023594
0.022106
0.041433
0.022400
0.015129
0.019083
0.026563
0.032887
0.017474
0.036267
0.019902
0.008511
0.027823
0.019386
0.021416
0.016683
0.021939
0.053156
0.047898
0.023815
0.010233
0.053632
0.043536
0.044467
0.051287
0.040772
0.030864
0.025207
0.034798
0.045003
0.036443
0.030193
0.024450
0.020491
0.015533
0.009330
0.045502
0.024732
0.008391
0.025408
0.018631
0.038072
0.012781
0.024385
0.016685
0.011929
0.015485
0.017001
0.010364
0.030952
0.025296
0.004265
0.011779
0.009400
0.010563
0.015271
0.039202
0.012617
0.003014
0.019090
0.019461
0.015566
0.026712
0.011053
0.036413
0.006017
0.025951
0.021245
0.015792
0.022543
0.034651
0.016765
0.019664
0.018421
0.032137
0.025007
0.042925
0.030891
0.044753
0.019485
0.015999
0.029844
0.033953
0.021693
0.049955
0.031147
0.029225
0.036708
0.039775
0.026860
0.014251
0.009071
0.046006
0.044397
0.048541
0.038716
0.048723
0.040841
0.010270
0.041938
0.052293
0.061620
0.014116
0.009876
0.008787
0.023090
0.018420
0.007817
0.024792
0.033644
0.020421
0.036667
0.024908
0.005567
0.033115
0.011852
0.018039
0.017390
0.012560
0.004271
0.027044
0.022425
0.018740
0.037608
0.048493
0.045202
0.028574
0.034183
0.027156
0.026626
0.051109
0.019097
0.031602
0.028184
0.034889
0.037225
0.013346
0.013385
0.033835
0.047602
0.020360
0.031994
0.064274
0.030199
0.036766
0.025530
0.030290
0.017772
0.043277
0.026703
0.016913
0.062480
0.073930
0.066761
0.069524
0.080227
0.059271
0.077870
0.086675
0.077567
0.087455
0.081426
0.080546
0.010327
0.061617
0.070852
0.042501
0.010747
0.052542
0.055367
0.037478
0.018223
0.031086
0.036801
0.005256
0.052870
0.016240
0.025085
0.043292
0.001740
0.042041
0.038722
0.025256
0.034882
0.015313
0.035682
0.006216
0.008810
0.008700
0.024751
0.022801
0.003295
0.031355
0.030646
0.025342
0.005591
0.013267
0.014921
0.014048
0.023312
0.023398
0.025296
0.003933
0.033840
0.030139
0.035256
0.028667
0.030884
0.032547
0.044219
0.023354
0.033381
0.026754
0.015820
0.014807
0.023406
0.004668
0.020887
0.048630
0.013898
0.034639
0.010161
0.035405
0.039382
0.042144
0.014917
0.026609
0.020835
0.030877
0.020767
0.046481
0.035471
0.045759
0.007944
0.029937
0.032065
0.027862
0.043552
0.016095
0.031774
0.009913
0.025815
0.027676
0.024226
0.050280
0.046224
0.027496
0.016889
0.011407
0.011115
0.006849
0.042161
0.014682
0.043517
0.031396
0.014705
0.025778
0.035860
0.022312
0.035442
0.024256
0.007700
0.027275
0.032373
0.031206
0.037740
0.014489
0.064113
0.036953
0.042007
0.032529
0.090088
0.033193
0.040747
0.037357
0.014719
0.034466
0.030593
0.014424
0.037467
0.036849
0.071554
0.038230
0.025112
0.041271
0.080915
0.046942
0.029419
0.014477
0.011271
0.049840
0.045139
0.029571
0.011620
0.007123
0.017614
0.015380
0.015978
0.025607
0.040067
0.040194
0.035436
0.050300
0.044605
0.025202
0.026826
0.024310
0.035734
0.009368
0.074520
0.002538
0.010266
0.048423
0.038005
0.051829
0.039013
0.034796
0.037713
0.055682
0.038169
0.023956
0.012185
0.006723
0.022547
0.029663
0.025264
0.011143
0.048517
0.063082
0.009453
0.046209
0.039745
0.035286
0.028831
0.043073
0.014541
0.025329
0.033924
0.017380
0.028012
0.034017
0.047724
0.049634
0.014763
0.037454
0.001206
0.064955
0.040402
0.012345
0.024766
0.020152
0.026798
0.037158
0.012863
0.012219
0.033701
0.015037
0.017298
0.027464
0.002226
0.026231
0.025754
0.021152
0.036245
0.004553
0.046121
0.032019
0.012518
0.021124
0.025908
0.040027
0.059867
0.021031
0.006396
0.019815
0.039227
0.062146
0.035954
0.037536
0.054731
0.043333
0.039385
0.044386
0.017691
0.061437
0.027396
0.032214
0.027074
0.020648
0.012975
0.031713
0.031561
0.025266
0.023632
0.013711
0.005734
0.005591
0.037280
0.016128
0.006925
0.012103
0.037206
0.045843
0.008611
0.033190
0.032636
0.054186
0.023173
0.044970
0.040138
0.022135
0.017283
0.006684
0.007807
0.004632
0.004759
0.005317
0.012563
0.039017
0.035112
0.032672
0.018581
0.026969
0.015812
0.008910
0.038678
0.040184
0.014949
0.042282
0.021904
0.035465
0.049077
0.041161
0.016733
0.002936
0.041882
0.033651
0.027658
0.031522
0.010079
0.022758
0.017179
0.015729
0.049267
0.009172
0.031947
0.037523
0.013440
0.027542
0.022246
0.006248
0.024800
0.022821
0.015656
0.017978
0.035653
0.022191
0.014593
0.021334
0.030288
0.025986
0.033758
0.018949
0.022435
0.003002
0.035300
0.042824
0.033436
0.010329
0.042811
0.027216
0.034642
0.036686
0.027774
0.012191
0.011592
0.018008
0.031863
0.044702
0.009758
0.014289
0.006974
0.016766
0.011758
0.016647
0.020894
0.057999
0.032415
0.009003
0.054802
0.027483
0.027851
0.049744
0.020109
0.041076
0.025031
0.020515
0.029253
0.014639
0.036209
0.060394
0.033645
0.036287
0.046257
0.024685
0.025209
0.031022
0.026286
0.035068
0.044172
0.031698
0.043108
0.050567
0.018034
0.011009
0.012868
0.007559
0.020967
0.039301
0.011524
0.010745
0.027927
0.027688
0.020702
0.010396
0.035255
0.038508
0.043077
0.030821
0.057194
0.027638
0.019005
0.014366
0.028398
0.049318
0.028927
0.017126
0.027255
0.037279
0.023079
0.027532
0.017249
0.019672
0.031775
0.015857
0.007689
0.015775
0.018613
0.016039
0.025860
0.034351
0.021137
0.007297
0.016075
0.027920
0.025501
0.006831
0.012440
0.004998
0.025242
0.017373
0.013233
0.018238
0.009166
0.014093
0.024216
0.042521
0.009428
0.032900
0.022944
0.007574
0.006948
0.018970
0.019004
0.019779
0.004095
0.022050
0.027238
0.015602
0.027314
0.054753
0.017809
0.014227
0.026754
0.015837
0.041414
0.040052
0.047085
0.024862
0.015419
0.016742
0.042920
0.019916
0.032538
0.042372
0.035516
0.035548
0.020919
0.041743
0.031291
0.039983
0.017743
0.009396
0.012735
0.050882
0.016440
0.009439
0.021865
0.029840
0.008500
0.015008
0.017585
0.018187
0.036001
0.028225
0.030935
0.042408
0.030949
0.017862
0.007851
0.016204
0.024306
0.005690
0.011747
0.007701
0.039056
0.043404
0.028131
0.028227
0.035495
0.037710
0.023547
0.019612
0.026570
0.028573
0.010158
0.020990
0.025601
0.027112
0.017129
0.017733
0.010810
0.010662
0.018157
0.008764
0.016221
0.043655
0.029681
0.022374
0.015819
0.009081
0.021256
0.038134
0.010298
0.041795
0.020458
0.016500
0.016233
0.014123
0.013190
0.013860
0.012264
0.030813
0.022543
0.007933
0.004981
0.020279
0.020422
0.017125
0.025681
0.015157
0.018046
0.002484
0.019604
0.033820
0.019028
0.013439
0.028165
0.016188
0.019745
0.021047
0.053274
0.035467
0.029895
0.039950
0.051478
0.040569
0.037512
0.025440
0.028526
0.040676
0.018408
0.014324
0.027213
0.033114
0.021191
0.053858
0.033808
0.055214
0.049855
0.030478
0.039225
0.038484
0.040777
0.015780
0.014964
0.020403
0.021142
0.027078
0.023662
0.027151
0.030058
0.009358
0.023084
0.020619
0.009879
0.016519
0.023481
0.019943
0.026723
0.032935
0.011967
0.045886
0.037087
0.041916
0.015373
0.025854
0.010779
0.008192
0.015708
0.020960
0.025983
0.006382
0.042832
0.030622
0.019742
0.024925
0.032633
0.027486
0.015720
0.024169
0.004866
0.018011
0.011901
0.020907
0.027595
0.031868
0.036545
0.016425
0.018650
0.017132
0.014891
0.038239
0.010438
0.003468
0.044688
0.007493
0.006734
0.032506
0.026593
0.031844
0.023049
0.016208
0.024662
0.039262
0.028093
0.044420
0.007768
0.039957
0.040501
0.018634
0.015943
0.013004
0.022851
0.032978
0.009873
0.010548
0.018600
0.009171
0.012355
0.015154
0.023562
0.001140
0.009860
0.018102
0.016682
0.027964
0.013291
0.026373
0.015497
0.021005
0.011788
0.036684
0.021276
0.021235
0.017965
0.021547
0.028549
0.013215
0.010305
0.022036
0.036374
0.016201
0.016606
0.027316
0.016274
0.027150
0.034081
0.021627
0.016185
0.031191
0.027555
0.024075
0.021540
0.031267
0.015408
0.035982
0.017446
0.026252
0.009252
0.054397
0.011693
0.013450
0.014849
0.019866
0.047450
0.048138
0.020180
0.012243
0.033642
0.052623
0.009788
0.033893
0.044927
0.026830
0.037466
0.033298
0.043461
0.040746
0.013301
0.031788
0.036409
0.028089
0.038934
0.014303
0.051419
0.042263
0.022600
0.019336
0.014479
0.025948
0.023166
0.012644
0.004487
0.008132
0.040421
0.017598
0.031733
0.022343
0.005768
0.017071
0.009565
0.014688
0.031095
0.008361
0.004870
0.040877
0.018334
0.012967
0.017266
0.002782
0.021963
0.021416
0.030495
0.017853
0.010401
0.016589
0.011541
0.013909
0.009239
0.033129
0.023968
0.014626
0.021258
0.030050
0.009482
0.038543
0.020423
0.015383
0.012051
0.024303
0.007870
0.040376
0.013092
0.034626
0.041035
0.018548
0.023549
0.019779
0.058367
0.011700
0.009236
0.037609
0.044005
0.030679
0.011782
0.028907
0.009825
0.009399
0.058565
0.032138
0.009103
0.015358
0.023017
0.019676
0.022030
0.029757
0.022432
0.032173
0.011796
0.026179
0.017584
0.014118
0.027569
0.013977
0.021450
0.020678
0.010276
0.028267
0.041592
0.038862
0.044399
0.016121
0.027903
0.024563
0.051518
0.025074
0.038825
0.036574
0.025419
0.031354
0.019382
0.029357
0.017694
0.026270
0.038903
0.026348
0.034520
0.029686
0.006905
0.014145
0.015444
0.012932
0.036333
0.024123
0.042291
0.012401
0.028289
0.002282
0.047181
0.011036
0.016684
0.038858
0.014110
0.022779
0.006223
0.021004
0.011845
0.039627
0.031046
0.030104
0.030687
0.037005
0.018892
0.020671
0.046542
0.017177
0.032864
0.012036
0.011930
0.027661
0.034081
0.051288
0.017749
0.018493
0.015852
0.032841
0.009729
0.029959
0.043370
0.021593
0.006550
0.016015
0.010544
0.018903
0.005472
0.029847
0.008061
0.012926
0.013156
0.038360
0.022799
0.016374
0.025764
0.017319
0.041147
0.019583
0.010316
0.036000
0.028646
0.030350
0.008901
0.042937
0.019141
0.022254
0.013186
0.013870
0.040861
0.037561
0.030990
0.020706
0.026971
0.042066
0.028313
0.019401
0.038669
0.039331
0.054094
0.025821
0.046212
0.046996
0.014143
0.018669
0.035608
0.008514
0.033156
0.045269
0.024280
0.017652
0.028835
0.014150
0.034846
0.017408
0.020020
0.008194
0.014853
0.023525
0.025605
0.026637
0.019856
0.013828
0.038181
0.023451
0.035343
0.010237
0.003989
0.043545
0.033366
0.020909
0.043452
0.033896
0.016584
0.022516
0.029110
0.026087
0.060156
0.035340
0.055307
0.049090
0.041362
0.025054
0.037841
0.036784
0.024807
0.022750
0.013915
0.023907
0.008312
0.025809
0.023112
0.021357
0.017551
0.029893
0.021088
0.014099
0.019065
0.027566
0.021367
0.012801
0.039503
0.012209
0.038576
0.022979
0.022908
0.008143
0.024685
0.011273
0.024850
0.014369
0.017312
0.049695
0.034200
0.027843
0.004502
0.038361
0.023640
0.036307
0.033948
0.016077
0.022108
0.047256
0.031691
0.027811
0.014899
0.007675
0.018154
0.035028
0.014408
0.024771
0.008822
0.022869
0.017727
0.018853
0.026572
0.013774
0.007086
0.014409
0.009238
0.010622
0.027583
0.011602
0.022943
0.009922
0.023288
0.006651
0.007790
0.010324
0.023652
0.023089
0.010844
0.014724
0.019168
0.021366
0.016803
0.062810
0.073455
0.061919
0.053829
0.071066
0.037195
0.025782
0.024651
0.028299
0.017799
0.014139
0.020989
0.020014
0.035175
0.032501
0.027758
0.029455
0.032334
0.016326
0.015704
0.024139
0.015638
0.031683
0.013974
0.031501
0.018211
0.011419
0.022713
0.027897
0.009670
0.027894
0.013376
0.026893
0.027943
0.019704
0.019483
0.024644
0.013978
0.010097
0.012221
0.005290
0.022008
0.006374
0.008942
0.033379
0.017696
0.049455
0.019169
0.037950
0.020008
0.035243
0.049088
0.027106
0.020213
0.019095
0.042830
0.020399
0.011468
0.031180
0.049626
0.033512
0.012841
0.041571
0.048407
0.023529
0.027604
0.023027
0.019703
0.026919
0.015981
0.034249
0.013223
0.037039
0.009998
0.017176
0.018070
0.037413
0.041672
0.032671
0.019666
0.045265
0.020422
0.023867
0.022519
0.019346
0.043907
0.037573
0.012911
0.029168
0.035173
0.017839
0.027113
0.042626
0.038854
0.050492
0.031559
0.049774
0.059291
0.012108
0.023743
0.008847
0.017697
0.029376
0.023441
0.006927
0.022264
0.007815
0.016813
0.020324
0.036930
0.053359
0.063680
0.073712
0.052975
0.060035
0.083000
0.044472
0.036272
0.014678
0.047772
0.018932
0.049085
0.015432
0.026190
0.030375
0.018842
0.048419
0.045779
0.037823
0.027902
0.018522
0.025343
0.003853
0.020549
0.020865
0.019152
0.016476
0.017672
0.011398
0.033925
0.005664
0.042889
0.027508
0.066381
0.031369
0.054296
0.020904
0.006780
0.058908
0.026939
0.063072
0.016396
0.029916
0.039791
0.013895
0.013520
0.051422
0.012860
0.013274
0.059096
0.037728
0.003612
0.039815
0.043103
0.019475
0.033642
0.034014
0.028991
0.028269
0.020271
0.016536
0.042810
0.024651
0.037543
0.022432
0.022729
0.012942
0.008709
0.033772
0.023341
0.009999
0.018576
0.018163
0.009361
0.018147
0.012815
0.028648
0.016303
0.004909
0.004984
0.029543
0.018801
0.018978
0.007721
0.021934
0.026863
0.021067
0.019534
0.011405
0.029535
0.026981
0.036446
0.029756
0.024789
0.019449
0.009485
0.013876
0.030430
0.009286
0.020513
0.030952
0.029850
0.022578
0.007536
0.041116
0.012084
0.042322
0.023202
0.031645
0.018580
0.018062
0.019105
0.012768
0.025323
0.007949
0.023028
0.029299
0.004356
0.033700
0.034583
0.038188
0.020963
0.003491
0.010551
0.024637
0.003800
0.017713
0.010056
0.024667
0.022117
0.025629
0.022081
0.011075
0.007851
0.033418
0.022029
0.014691
0.005320
0.022498
0.020462
0.018365
0.020494
0.012979
0.022711
0.002483
0.026203
0.028540
0.027151
0.007435
0.022649
0.020549
0.008194
0.023704
0.014581
0.036086
0.031721
0.043307
0.031098
0.038150
0.038421
0.028834
0.008833
0.017542
0.016343
0.028810
0.031684
0.020117
0.032471
0.026437
0.042256
0.008400
0.023508
0.041074
0.022329
0.023726
0.031454
0.015550
0.015285
0.017529
0.009945
0.033475
0.037198
0.025010
0.009034
0.033170
0.007339
0.013592
0.018046
0.022007
0.029383
0.033699
0.023400
0.021034
0.034133
0.030500
0.049327
0.003901
0.045510
0.026544
0.016673
0.015626
0.005954
0.038660
0.007275
0.035572
0.021758
0.025862
0.034961
0.032301
0.021848
0.029348
0.019307
0.007197
0.021704
0.043660
0.020604
0.020612
0.022276
0.022521
0.012460
0.010786
0.025596
0.012278
0.018844
0.010277
0.041397
0.019112
0.030685
0.028343
0.017845
0.039805
0.025738
0.028040
0.022704
0.028811
0.014847
0.015317
0.023620
0.016775
0.008374
0.009690
0.023075
0.024155
0.022476
0.006413
0.013193
0.008025
0.025143
0.036356
0.028131
0.050827
0.014825
0.037165
0.001785
0.040923
0.012929
0.020897
0.027733
0.037606
0.015986
0.030324
0.020114
0.016587
0.010376
0.012523
0.033509
0.015136
0.016239
0.027248
0.027249
0.021608
0.035583
0.044357
0.032113
0.012587
0.022336
0.033803
0.038403
0.020238
0.019018
0.004040
0.019688
0.007200
0.041799
0.020616
0.023951
0.013560
0.028517
0.017736
0.024690
0.029125
0.022914
0.013507
0.011462
0.028243
0.023772
0.016921
0.016525
0.019611
0.011612
0.021093
0.022308
0.032567
0.026261
0.029925
0.015256
0.020822
0.016915
0.023719
0.002999
0.012795
0.021329
0.026940
0.020810
0.022623
0.011140
0.012535
0.019318
0.030259
0.006215
0.006450
0.030730
0.021151
0.014604
0.007552
0.013352
0.004163
0.020425
0.002113
0.037940
0.021361
0.038855
0.028458
0.020828
0.022305
0.036499
0.007721
0.018801
0.022014
0.041799
0.023983
0.011597
0.027154
0.025643
0.023775
0.020903
0.028351
0.019440
0.021745
0.022981
0.021887
0.010951
0.019291
0.027132
0.020954
0.013454
0.037581
0.012415
0.012773
0.038081
0.022831
0.023385
0.008596
0.017652
0.016495
0.014684
0.031213
0.017257
0.042246
0.032060
0.034891
0.007273
0.029138
0.008339
0.040134
0.022694
0.038376
0.034050
0.020401
0.019195
0.037557
0.017289
0.018491
0.007385
0.026072
0.030874
0.016504
0.022167
0.029406
0.006137
0.020686
0.024412
0.020948
0.018094
0.009618
0.016718
0.016363
0.022731
0.019613
0.004501
0.009864
0.035687
0.004064
0.012383
0.023994
0.029550
0.006162
0.026395
0.004871
0.041528
0.021454
0.012247
0.018847
0.018807
0.032670
0.022815
0.049487
0.014249
0.028533
0.034020
0.016593
0.014516
0.016448
0.021187
0.015966
0.017333
0.036208
0.030620
0.005993
0.009291
0.013316
0.020737
0.008157
0.031274
0.021955
0.022338
0.036810
0.032377
0.005182
0.020302
0.011949
0.024530
0.023906
0.025179
0.036610
0.050439
0.013036
0.015325
0.024155
0.010359
0.024713
0.012474
0.043636
0.024384
0.017317
0.024532
0.031004
0.039016
0.013512
0.019021
0.009572
0.038329
0.025193
0.013354
0.019527
0.008574
0.012937
0.016872
0.025143
0.017251
0.012145
0.004089
0.008786
0.026775
0.023612
0.030916
0.036734
0.024276
0.023443
0.032064
0.021861
0.019067
0.011424
0.011824
0.014343
0.024770
0.005558
0.017381
0.014542
0.031372
0.006844
0.003263
0.026649
0.009344
0.011961
0.011131
0.025515
0.019599
0.015022
0.024328
0.021831
0.014951
0.011297
0.008261
0.019580
0.029843
0.012723
0.030954
0.026781
0.015026
0.015652
0.008351
0.004744
0.004395
0.027702
0.032112
0.024829
0.018991
0.019306
0.019478
0.034152
0.030673
0.034331
0.013111
0.028088
0.042663
0.035420
0.044411
0.030210
0.040951
0.014562
0.044346
0.029983
0.031626
0.009140
0.032936
0.013731
0.026168
0.037737
0.035124
0.024399
0.021021
0.017296
0.027456
0.029246
0.016505
0.020591
0.040083
0.026437
0.013584
0.008261
0.007829
0.032660
0.018386
0.026448
0.025383
0.015937
0.017520
0.028050
0.017428
0.019759
0.030130
0.020489
0.025203
0.019512
0.043550
0.057002
0.026417
0.006079
0.016487
0.040207
0.020932
0.031376
0.009805
0.010322
0.031031
0.017937
0.030136
0.021025
0.001254
0.031667
0.017936
0.025379
0.024052
0.025708
0.034705
0.009780
0.009595
0.017387
0.032614
0.007556
0.035031
0.017626
0.022450
0.020311
0.031125
0.025679
0.019490
0.030688
0.007543
0.041582
0.035316
0.012385
0.025442
0.021639
0.008279
0.025492
0.032461
0.017685
0.015096
0.027350
0.015142
0.015145
0.003070
0.035703
0.020256
0.034026
0.037900
0.046097
0.003902
0.013874
0.012717
0.005366
0.017988
0.015539
0.013532
0.017980
0.011021
0.010659
0.023602
0.028133
0.029646
0.013674
0.024727
0.044316
0.030907
0.048332
0.048359
0.013299
0.057391
0.021880
0.007478
0.022314
0.043556
0.016027
0.018581
0.050433
0.016705
0.033761
0.015649
0.053252
0.053458
0.042368
0.020892
0.015908
0.016770
0.031226
0.020776
0.027016
0.010571
0.037398
0.035527
0.015264
0.040287
0.026167
0.020840
0.029715
0.034265
0.029011
0.013046
0.022920
0.026236
0.008486
0.031453
0.022471
0.005349
0.016831
0.016358
0.033971
0.014553
0.021932
0.044011
0.005692
0.021904
0.030749
0.026314
0.020114
0.030534
0.027172
0.006501
0.042076
0.033692
0.015711
0.032496
0.042397
0.028605
0.022351
0.007250
0.009704
0.012511
0.012387
0.022101
0.021086
0.015622
0.025130
0.033205
0.013501
0.007968
0.025274
0.017924
0.035458
0.038718
0.035213
0.024116
0.028405
0.033887
0.024670
0.027837
0.025618
0.030595
0.034533
0.010843
0.012698
0.012829
0.011345
0.015696
0.006428
0.043547
0.007752
0.008345
0.016970
0.026239
0.020880
0.017159
0.004157
0.010549
0.036265
0.035185
0.020206
0.017593
0.016642
0.039252
0.022019
0.003357
0.018418
0.023540
0.059803
0.069186
0.010684
0.027590
0.027499
0.031614
0.051599
0.032966
0.041120
0.022823
0.033273
0.028283
0.035697
0.014818
0.011569
0.046381
0.008605
0.019618
0.029306
0.039979
0.021091
0.032138
0.002955
0.026004
0.006107
0.010374
0.043643
0.023538
0.065577
0.026703
0.023608
0.018365
0.022784
0.041400
0.029874
0.048219
0.036851
0.063734
0.016912
0.011248
0.012350
0.022381
0.045098
0.023100
0.018148
0.030773
0.010352
0.020499
0.019777
0.030940
0.012601
0.017175
0.014315
0.009833
0.005942
0.040540
0.005693
0.036790
0.020350
0.005813
0.035927
0.036447
0.030631
0.011046
0.025713
0.029053
0.013347
0.022194
0.017611
0.019352
0.018928
0.011749
0.018313
0.039945
0.012916
0.017620
0.011483
0.006613
0.011753
0.007416
0.004562
0.011780
0.014421
0.027249
0.006433
0.008485
0.013753
0.033477
0.032239
0.007480
0.027646
0.018371
0.022548
0.016281
0.018467
0.028045
0.016279
0.043011
0.026244
0.022336
0.023058
0.049377
0.014194
0.028544
0.034180
0.017777
0.015198
0.016604
0.016208
0.017628
0.022112
0.036146
0.037905
0.009168
0.028589
0.040143
0.030645
0.044206
0.028322
0.026381
0.007681
0.026291
0.020315
0.036157
0.011971
0.039678
0.034655
0.041470
0.014901
0.007779
0.036876
0.047345
0.036340
0.024801
0.045293
0.045052
0.043770
0.023698
0.031948
0.019935
0.031395
0.038977
0.008527
0.027002
0.050950
0.026746
0.039908
0.025281
0.033067
0.009490
0.025667
0.005557
0.011188
0.023961
0.034617
0.029475
0.023277
0.033544
0.016403
0.025254
0.018769
0.007817
0.025840
0.039282
0.032931
0.053090
0.029584
0.045047
0.041284
0.015845
0.027066
0.034252
0.042461
0.021792
0.044165
0.030029
0.043640
0.015766
0.054760
0.060181
0.023000
0.030596
0.018213
0.020191
0.023483
0.009277
0.027147
0.025406
0.063673
0.029150
0.045429
0.014271
0.008442
0.015002
0.055391
0.042849
0.028101
0.056140
0.074020
0.042386
0.005205
0.020418
0.014865
0.014024
0.027788
0.014422
0.037906
0.040901
0.064247
0.025437
0.035157
0.039290
0.046071
0.022395
0.036240
0.046298
0.024816
0.037019
0.030193
0.052333
0.061392
0.051546
0.056415
0.048478
0.003191
0.021620
0.048740
0.034255
0.037151
0.022028
0.039558
0.036971
0.041793
0.041680
0.009698
0.010134
0.029435
0.007596
0.033213
0.001562
0.000577
0.008896
0.018091
0.009167
0.015014
0.013532
0.023731
0.015798
0.027473
0.033201
0.015374
0.025068
0.010298
0.010988
0.014806
0.024315
0.011915
0.049588
0.011454
0.027881
0.032224
0.021015
0.035003
0.009164
0.035637
0.010231
0.045665
0.013823
0.025766
0.009850
0.027535
0.014631
0.032517
0.004682
0.030777
0.013554
0.012833
0.026466
0.031880
0.023850
0.007700
0.032846
0.029107
0.023570
0.006090
0.010417
0.020443
0.028371
0.032351
0.005937
0.011301
0.016423
0.010819
0.003463
0.026924
0.023046
0.022888
0.025085
0.035762
0.036208
0.015728
0.003782
0.035957
0.026958
0.029159
0.034654
0.010089
0.010953
0.011392
0.026034
0.027940
0.032384
0.015632
0.033361
0.038870
0.016590
0.026650
0.028402
0.021213
0.030017
0.025514
0.033463
0.045921
0.008500
0.029242
0.017058
0.007454
0.017218
0.014343
0.014898
0.035986
0.023404
0.037659
0.012345
0.024801
0.021776
0.010241
0.039787
0.020893
0.036996
0.019629
0.003173
0.022626
0.028728
0.005897
0.047958
0.017678
0.049233
0.031274
0.047395
0.048055
0.015673
0.060747
0.042537
0.046177
0.022494
0.011927
0.027805
0.029620
0.014189
0.036231
0.037891
0.058460
0.067748
0.041833
0.039496
0.021746
0.015206
0.042115
0.008705
0.026247
0.025155
0.019613
0.026076
0.037687
0.025851
0.019027
0.008019
0.025864
0.016460
0.032072
0.018828
0.010699
0.026267
0.013291
0.012148
0.023688
0.015142
0.012975
0.051528
0.031046
0.012044
0.024091
0.054831
0.018329
0.034928
0.036514
0.017783
0.037665
0.014860
0.029801
0.008892
0.020796
0.007909
0.029072
0.017743
0.005378
0.025584
0.039243
0.021068
0.002652
0.005047
0.011213
0.033999
0.021913
0.020396
0.027241
0.003911
0.020826
0.018877
0.018809
0.018705
0.032294
0.017417
0.036838
0.022428
0.018490
0.006435
0.020767
0.009143
0.023065
0.020493
0.007193
0.030785
0.006361
0.026142
0.015403
0.005182
0.024688
0.015477
0.009872
0.009107
0.025734
0.010313
0.017072
0.026996
0.054698
0.055547
0.041135
0.043100
0.044178
0.064958
0.021937
0.009422
0.018506
0.013422
0.020975
0.024970
0.031469
0.027839
0.015828
0.025155
0.003101
0.018203
0.009917
0.024509
0.016717
0.026085
0.043569
0.027015
0.017991
0.034834
0.023138
0.025296
0.020792
0.011931
0.025029
0.019789
0.040997
0.019329
0.017785
0.007343
0.017398
0.030191
0.049377
0.008293
0.041047
0.023225
0.023289
0.018571
0.015990
0.018583
0.020594
0.044440
0.023376
0.022970
0.009991
0.026721
0.025083
0.043488
0.047598
0.042520
0.018364
0.055650
0.035415
0.042076
0.046236
0.016561
0.018618
0.028335
0.038937
0.019562
0.022992
0.028430
0.006652
0.025830
0.025165
0.021864
0.015155
0.020555
0.026765
0.004699
0.011125
0.026331
0.003717
0.026467
0.051524
0.027351
0.019651
0.065623
0.053300
0.053516
0.018457
0.036259
0.046481
0.015462
0.025014
0.020926
0.029201
0.023892
0.038000
0.025607
0.004338
0.058837
0.029393
0.028123
0.032000
0.038810
0.031756
0.029503
0.032471
0.023417
0.026821
0.024451
0.039697
0.030676
0.078946
0.011149
0.044648
0.006482
0.031639
0.043193
0.033581
0.027982
0.043826
0.033089
0.011209
0.010181
0.005373
0.022132
0.011848
0.025252
0.002526
0.008995
0.035904
0.010463
0.021751
0.007736
0.016997
0.039788
0.026580
0.040151
0.018933
0.037510
0.026629
0.026730
0.033982
0.025672
0.047785
0.036264
0.024925
0.019729
0.006167
0.025311
0.035547
0.023405
0.010522
0.024437
0.021833
0.020397
0.009183
0.019347
0.031586
0.035644
0.009870
0.038285
0.010751
0.031047
0.034638
0.011400
0.028304
0.012211
0.015868
0.020811
0.032137
0.003266
0.016721
0.024593
0.027803
0.020223
0.012272
0.030667
0.024531
0.031051
0.021005
0.019338
0.011473
0.029587
0.027030
0.036783
0.030005
0.024923
0.019513
0.009484
0.013775
0.030338
0.008931
0.020294
0.030908
0.029943
0.022623
0.007471
0.041093
0.012223
0.042398
0.047709
0.055317
0.030103
0.017065
0.042436
0.031378
0.017628
0.019392
0.013344
0.009676
0.024305
0.039850
0.008651
0.027051
0.005557
0.006600
0.002166
0.004941
0.009339
0.019589
0.024065
0.012873
0.006323
0.020373
0.011799
0.032044
0.030138
0.022883
0.035910
0.023664
0.018814
0.026087
0.030619
0.029189
0.021729
0.021451
0.033737
0.017662
0.006385
0.028807
0.027408
0.039052
0.038568
0.029755
0.037250
0.039400
0.012625
0.024310
0.006273
0.025661
0.018041
0.014031
0.008508
0.013503
0.025929
0.021396
0.009884
0.052644
0.033075
0.035105
0.037537
0.021996
0.052402
0.021039
0.016579
0.080732
0.070730
0.027358
0.020313
0.066619
0.040497
0.051584
0.020936
0.009441
0.030772
0.047056
0.017268
0.005738
0.030746
0.030504
0.033178
0.014006
0.016758
0.018922
0.005570
0.033127
0.014715
0.018900
0.018957
0.017119
0.037619
0.021664
0.031224
0.037397
0.023731
0.034319
0.044727
0.029017
0.042670
0.025308
0.032088
0.039847
0.032738
0.015098
0.010688
0.035373
0.047083
0.022158
0.015942
0.025070
0.020813
0.034910
0.020245
0.004897
0.006405
0.011018
0.055934
0.049114
0.038982
0.049595
0.061121
0.033263
0.029797
0.049383
0.012520
0.016817
0.010830
0.025055
0.011646
0.020599
0.035421
0.022521
0.034297
0.011854
0.024767
0.002879
0.003965
0.022958
0.018342
0.011907
0.029591
0.023242
0.033511
0.041923
0.045137
0.034115
0.047066
0.053314
0.017450
0.031746
0.026892
0.014933
0.022271
0.031954
0.018979
0.031222
0.012228
0.022547
0.024678
0.017696
0.008492
0.032831
0.022783
0.015227
0.005331
0.011519
0.044490
0.007077
0.022578
0.032562
0.007264
0.004699
0.029148
0.003237
0.017875
0.029988
0.015812
0.013765
0.033265
0.047110
0.039957
0.027777
0.030742
0.033097
0.013377
0.016579
0.013646
0.007065
0.013035
0.025979
0.016231
0.037189
0.016431
0.024862
0.011870
0.020348
0.022903
0.023349
0.019959
0.005028
0.022915
0.027994
0.045000
0.010678
0.029180
0.031322
0.014024
0.008300
0.011968
0.040102
0.022926
0.052528
0.039659
0.058779
0.054272
0.043409
0.010954
0.047601
0.036205
0.030455
0.030499
0.019099
0.030805
0.021245
0.039915
0.027134
0.022124
0.038522
0.022706
0.055829
0.037805
0.016552
0.024667
0.033684
0.040974
0.020678
0.032329
0.025269
0.022170
0.006335
0.029768
0.019700
0.026915
0.032062
0.033481
0.003423
0.010054
0.013690
0.016645
0.022620
0.010658
0.015624
0.028337
0.042036
0.028410
0.030704
0.005774
0.010684
0.016536
0.012379
0.027323
0.033252
0.045409
0.033729
0.011240
0.037259
0.008778
0.044448
0.016842
0.046349
0.040275
0.041102
0.023854
0.048604
0.012748
0.033970
0.020591
0.040194
0.029241
0.044647
0.032281
0.015849
0.031754
0.037462
0.016795
0.005499
0.039099
0.021847
0.019889
0.029704
0.008832
0.018690
0.017285
0.026701
0.040770
0.023001
0.022400
0.017830
0.017872
0.053444
0.018839
0.038901
0.051321
0.035461
0.034813
0.021431
0.054657
0.025474
0.027195
0.042189
0.024309
0.026306
0.056136
0.057397
0.025695
0.026032
0.041839
0.014799
0.025445
0.020772
0.025050
0.043552
0.044899
0.032817
0.025687
0.016197
0.021239
0.042040
0.034364
0.028643
0.025923
0.006231
0.018126
0.041616
0.022099
0.010607
0.030873
0.019794
0.051507
0.002225
0.033845
0.019975
0.019188
0.025315
0.026374
0.034701
0.009681
0.032649
0.023446
0.024485
0.014247
0.007704
0.018568
0.017967
0.044110
0.032497
0.019709
0.030964
0.023361
0.043160
0.042263
0.021363
0.014264
0.004763
0.025927
0.010714
0.016257
0.028011
0.026491
0.020915
0.014811
0.018104
0.024740
0.024213
0.048537
0.034695
0.004050
0.029317
0.026226
0.014225
0.013615
0.019068
0.022480
0.005004
0.025801
0.033371
0.026657
0.013859
0.026324
0.034402
0.042892
0.034576
0.037164
0.034243
0.032901
0.029770
0.041329
0.009780
0.011537
0.014940
0.006931
0.027879
0.017895
0.028396
0.011148
0.025124
0.025768
0.007367
0.011654
0.020759
0.030395
0.001870
0.007900
0.018370
0.011253
0.019544
0.007837
0.012306
0.027507
0.032696
0.032210
0.010838
0.033332
0.013499
0.042443
0.045057
0.013174
0.034624
0.050850
0.047608
0.034766
0.039059
0.021828
0.021565
0.020465
0.029429
0.025005
0.018169
0.029325
0.006856
0.039144
0.031730
0.009476
0.009813
0.012303
0.023457
0.021452
0.011652
0.024201
0.031532
0.014080
0.013268
0.027291
0.018734
0.015217
0.008422
0.037748
0.017991
0.020410
0.020575
0.016925
0.027582
0.038514
0.040214
0.002672
0.038930
0.015896
0.038475
0.022052
0.043304
0.021554
0.025567
0.040875
0.058686
0.013820
0.047572
0.022380
0.058039
0.011270
0.009539
0.020243
0.011057
0.023390
0.010578
0.031240
0.016377
0.019667
0.018041
0.023143
0.049559
0.029289
0.010754
0.005655
0.021419
0.023980
0.011852
0.020275
0.028455
0.025534
0.007282
0.029141
0.033021
0.032295
0.009080
0.019862
0.033548
0.017043
0.009984
0.020631
0.028146
0.031189
0.043470
0.043446
0.017311
0.047381
0.029369
0.042120
0.028726
0.013554
0.036288
0.033786
0.042841
0.030464
0.019156
0.032447
0.047406
0.030191
0.030927
0.033426
0.049249
0.030981
0.022147
0.024651
0.025948
0.020718
0.037500
0.028040
0.034440
0.040634
0.032390
0.042542
0.043998
0.029347
0.033413
0.010163
0.005332
0.025712
0.036346
0.016185
0.016346
0.047144
0.027547
0.008083
0.032451
0.012980
0.018143
0.035566
0.030291
0.022992
0.007563
0.015004
0.001852
0.020414
0.023474
0.023992
0.023210
0.027214
0.006500
0.013355
0.021354
0.024002
0.024896
0.018993
0.051449
0.014534
0.006947
0.034426
0.009950
0.039520
0.008757
0.010876
0.036059
0.023667
0.014251
0.021214
0.050702
0.049198
0.020806
0.034424
0.027742
0.044382
0.046203
0.063683
0.046425
0.051908
0.032580
0.027712
0.038583
0.026115
0.020951
0.055466
0.036934
0.019367
0.052078
0.035854
0.038839
0.036870
0.021513
0.021352
0.034117
0.029870
0.006600
0.038280
0.040607
0.043607
0.026718
0.050411
0.052878
0.005879
0.038162
0.052293
0.060391
0.023714
0.031291
0.018823
0.019944
0.046518
0.037814
0.016319
0.009475
0.021685
0.024577
0.010499
0.014576
0.024736
0.036426
0.006904
0.017475
0.029538
0.026950
0.027404
0.017124
0.039675
0.030567
0.025377
0.040874
0.023189
0.050716
0.053385
0.025766
0.054355
0.037662
0.044093
0.038133
0.023280
0.021652
0.025824
0.018954
0.039557
0.026259
0.027472
0.036177
0.030953
0.025950
0.025576
0.038076
0.029514
0.036156
0.030197
0.037622
0.014143
0.042940
0.036221
0.017376
0.014867
0.024458
0.009721
0.006558
0.012022
0.015799
0.023698
0.029719
0.001323
0.030904
0.008597
0.026525
0.021524
0.013912
0.027809
0.018983
0.036099
0.042631
0.024476
0.019514
0.036895
0.021453
0.030438
0.048769
0.025237
0.031683
0.029808
0.022050
0.038221
0.016376
0.031956
0.037931
0.016847
0.016969
0.027458
0.032405
0.039830
0.016788
0.021568
0.031491
0.006819
0.012624
0.036261
0.028760
0.003001
0.043238
0.005863
0.015360
0.034750
0.010753
0.023336
0.006792
0.024646
0.008251
0.014491
0.012491
0.016770
0.025730
0.012208
0.016136
0.026436
0.010722
0.018334
0.029864
0.011013
0.001958
0.004720
0.024630
0.010437
0.017172
0.016160
0.015548
0.018470
0.041272
0.030152
0.026990
0.027734
0.035233
0.008979
0.015273
0.034164
0.027592
0.026634
0.022224
0.026131
0.012095
0.023834
0.028495
0.013026
0.002351
0.017309
0.028437
0.003497
0.034970
0.021884
0.018232
0.024454
0.025706
0.015052
0.015504
0.035519
0.033566
0.034300
0.036958
0.016206
0.018808
0.027041
0.016097
0.033406
0.020115
0.048244
0.024440
0.019189
0.030546
0.016201
0.044587
0.044996
0.017721
0.033096
0.039599
0.029115
0.035383
0.023830
0.034486
0.014628
0.021737
0.028809
0.016467
0.010910
0.040488
0.047041
0.023919
0.024882
0.022758
0.029547
0.015143
0.021205
0.028125
0.014908
0.030583
0.050674
0.035373
0.027566
0.033108
0.023323
0.018775
0.022324
0.032483
0.053861
0.012619
0.054830
0.048954
0.014361
0.014915
0.019578
0.015094
0.031861
0.002077
0.023671
0.013023
0.008909
0.018898
0.024914
0.010422
0.023186
0.051173
0.033864
0.028397
0.028076
0.005784
0.021504
0.041767
0.019083
0.018053
0.011843
0.027143
0.031890
0.018695
0.025107
0.009910
0.012910
0.024068
0.028199
0.046615
0.024380
0.033162
0.026617
0.037348
0.018495
0.036882
0.049416
0.019482
0.024697
0.021163
0.038730
0.040958
0.015978
0.018075
0.021783
0.040397
0.035709
0.025647
0.059414
0.025250
0.028746
0.025334
0.022695
0.014340
0.038914
0.019465
0.028921
0.026908
0.008498
0.024380
0.013304
0.026312
0.022674
0.018278
0.023102
0.020976
0.014171
0.030261
0.016475
0.013266
0.025098
0.033496
0.031735
0.013044
0.014434
0.011507
0.018700
0.010998
0.009606
0.007841
0.030273
0.028048
0.038129
0.028925
0.019209
0.017860
0.014146
0.055057
0.053612
0.044225
0.016139
0.029026
0.025285
0.020907
0.009583
0.011338
0.004452
0.020054
0.034852
0.016416
0.013197
0.021729
0.032424
0.005073
0.031829
0.045792
0.012418
0.026282
0.032823
0.020294
0.031357
0.043648
0.036898
0.026637
0.032701
0.017001
0.007417
0.038303
0.020447
0.017302
0.015978
0.034624
0.005223
0.027850
0.022655
0.015291
0.045563
0.008797
0.042659
0.033437
0.060003
0.001465
0.033165
0.050859
0.033661
0.035597
0.016252
0.032987
0.029013
0.013451
0.031407
0.010437
0.044879
0.004956
0.019285
0.025913
0.026045
0.044004
0.004004
0.042164
0.047959
0.025791
0.039211
0.016741
0.013450
0.023070
0.018954
0.012076
0.005826
0.027444
0.023829
0.022090
0.006183
0.014220
0.014959
0.012568
0.032210
0.012694
0.014939
0.025505
0.018718
0.021259
0.048876
0.018151
0.042525
0.029480
0.005244
0.033877
0.028806
0.026721
0.046594
0.042043
0.025717
0.024712
0.031077
0.032928
0.035689
0.022342
0.032533
0.021930
0.034472
0.052844
0.015494
0.024327
0.029263
0.011018
0.068957
0.014485
0.018675
0.041725
0.030744
0.016727
0.020170
0.034764
0.010759
0.034413
0.006151
0.054047
0.048385
0.039824
0.036624
0.011947
0.024894
0.044881
0.026225
0.043333
0.009523
0.039071
0.036516
0.025853
0.006893
0.016441
0.021227
0.011912
0.015984
0.015853
0.020222
0.026447
0.006503
0.005547
0.033385
0.009984
0.016019
0.021517
0.019729
0.036220
0.018329
0.039734
0.047800
0.021804
0.017335
0.016561
0.012158
0.024835
0.022377
0.011411
0.014619
0.024017
0.020563
0.026445
0.045347
0.017753
0.015883
0.011858
0.009897
0.007127
0.017838
0.001592
0.005856
0.011707
0.018301
0.031337
0.010903
0.007616
0.010023
0.012724
0.016353
0.010040
0.013621
0.018296
0.026049
0.014322
0.014733
0.032978
0.017766
0.024718
0.018521
0.033261
0.006336
0.018603
0.027059
0.018064
0.029330
0.017368
0.026484
0.027603
0.040433
0.040783
0.026043
0.055908
0.015709
0.027211
0.049225
0.007795
0.026516
0.011557
0.016361
0.030625
0.027035
0.006345
0.037455
0.019814
0.019885
0.003441
0.003467
0.005636
0.017075
0.006310
0.024070
0.042921
0.012079
0.028919
0.024307
0.004643
0.014588
0.027700
0.043302
0.029230
0.018141
0.024050
0.021946
0.040776
0.031859
0.036784
0.009886
0.010231
0.009640
0.028299
0.036926
0.011069
0.023398
0.026493
0.038366
0.025396
0.033476
0.026854
0.034025
0.030902
0.018245
0.023338
0.028403
0.011953
0.027273
0.013980
0.014204
0.041423
0.016453
0.014407
0.017310
0.016354
0.024721
0.011127
0.020733
0.041769
0.013149
0.030444
0.025763
0.029733
0.047006
0.027025
0.006116
0.041547
0.021525
0.013199
0.015332
0.010986
0.020804
0.028982
0.012701
0.025105
0.018264
0.016309
0.028364
0.026355
0.032675
0.053661
0.022629
0.014095
0.012661
0.013161
0.012231
0.018418
0.009930
0.009416
0.017737
0.012816
0.027216
0.014737
0.023251
0.040650
0.013127
0.019921
0.036364
0.029405
0.030318
0.033988
0.009317
0.047189
0.018585
0.028778
0.012968
0.029299
0.015638
0.015844
0.023352
0.039391
0.039757
0.012148
0.036794
0.031134
0.048908
0.033553
0.039419
0.068813
0.075770
0.067965
0.058084
0.058575
0.012743
0.022553
0.027282
0.012359
0.033805
0.037168
0.033858
0.030268
0.037371
0.034053
0.013488
0.051239
0.030008
0.012640
0.018165
0.027090
0.032417
0.012318
0.010796
0.019919
0.005924
0.028182
0.013738
0.056976
0.050945
0.036185
0.040025
0.022174
0.026117
0.040336
0.042332
0.020907
0.028874
0.011481
0.019621
0.009897
0.060687
0.007142
0.011519
0.035522
0.039971
0.022746
0.019996
0.010511
0.009898
0.034408
0.045874
0.039991
0.027203
0.042331
0.006644
0.044403
0.048880
0.018225
0.035448
0.054335
0.012486
0.061717
0.036241
0.042078
0.056015
0.060639
0.036036
0.016546
0.027547
0.046373
0.042555
0.034852
0.016560
0.040136
0.051716
0.054985
0.016203
0.014985
0.008127
0.022949
0.028971
0.012104
0.029394
0.017137
0.013856
0.016335
0.028795
0.010280
0.027213
0.023042
0.016654
0.007997
0.018695
0.033985
0.020595
0.026824
0.010618
0.012744
0.028691
0.035546
0.035339
0.018845
0.047882
0.030127
0.012570
0.014189
0.043458
0.023774
0.005775
0.031258
0.028185
0.003940
0.028009
0.023756
0.022135
0.007425
0.021438
0.011113
0.020029
0.035600
0.017273
0.025288
0.012699
0.039348
0.014675
0.034480
0.026589
0.023662
0.031435
0.016937
0.019780
0.039611
0.006306
0.011606
0.029872
0.010298
0.014796
0.019100
0.022412
0.018775
0.039257
0.000720
0.008174
0.012732
0.037413
0.013279
0.012308
0.018257
0.018696
0.017195
0.041635
0.012513
0.006575
0.018648
0.011101
0.030157
0.033468
0.026755
0.037837
0.026979
0.036528
0.065653
0.020825
0.050111
0.025200
0.013716
0.022956
0.041931
0.032047
0.028323
0.013304
0.052750
0.013368
0.009300
0.014365
0.046943
0.042242
0.011363
0.026614
0.015163
0.025373
0.006828
0.016140
0.033986
0.003217
0.022445
0.016719
0.037445
0.013022
0.015068
0.028808
0.020266
0.003488
0.004097
0.017514
0.009651
0.004122
0.025990
0.024268
0.042086
0.018530
0.015166
0.033932
0.026226
0.027419
0.037427
0.020010
0.036902
0.044618
0.041439
0.024912
0.008466
0.048803
0.048890
0.028446
0.029473
0.018750
0.039578
0.029833
0.015591
0.044678
0.016900
0.018967
0.036150
0.015066
0.043939
0.042815
0.026812
0.023389
0.050490
0.023852
0.009932
0.016237
0.011089
0.029526
0.004967
0.005522
0.022249
0.006102
0.021490
0.033948
0.010368
0.011728
0.039246
0.044969
0.019274
0.063128
0.039158
0.014546
0.022441
0.008770
0.027539
0.028062
0.021781
0.017943
0.016841
0.041683
0.037066
0.046131
0.044203
0.035323
0.015745
0.035331
0.046050
0.013413
0.033052
0.025642
0.016402
0.032827
0.034759
0.052463
0.031910
0.035985
0.023195
0.033985
0.036281
0.049158
0.008605
0.031252
0.028821
0.048420
0.027611
0.034863
0.017937
0.022991
0.026347
0.016682
0.013800
0.040102
0.014615
0.011162
0.025085
0.015164
0.040098
0.016689
0.047920
0.034963
0.004354
0.014844
0.017425
0.011744
0.020074
0.032520
0.021091
0.028625
0.010999
0.011282
0.033947
0.019955
0.021983
0.026059
0.012917
0.051285
0.027096
0.017608
0.049488
0.065506
0.014835
0.023607
0.065951
0.068120
0.035180
0.031433
0.030911
0.016056
0.039963
0.014150
0.055018
0.031582
0.021940
0.043294
0.014281
0.011019
0.011960
0.009918
0.022116
0.005210
0.007121
0.018738
0.034286
0.011290
0.006545
0.004041
0.036949
0.031772
0.014985
0.032050
0.064220
0.013302
0.010858
0.044861
0.027593
0.034516
0.035463
0.025041
0.034038
0.023184
0.011842
0.021128
0.040049
0.020958
0.035915
0.055255
0.040275
0.024562
0.031770
0.055782
0.045511
0.020422
0.016702
0.043036
0.058324
0.060425
0.073977
0.042287
0.012073
0.058710
0.017311
0.032373
0.055261
0.057333
0.034606
0.022301
0.042330
0.039643
0.029101
0.023416
0.022183
0.034635
0.019744
0.019370
0.018850
0.017409
0.004987
0.028906
0.010491
0.012455
0.024997
0.008016
0.022726
0.028352
0.007525
0.031452
0.002739
0.012154
0.022691
0.031045
0.002841
0.021822
0.010600
0.018138
0.025657
0.026124
0.053101
0.025859
0.017288
0.034236
0.037713
0.040525
0.039948
0.025275
0.033517
0.022305
0.032201
0.042933
0.031085
0.017888
0.028959
0.033694
0.026544
0.032195
0.023683
0.006880
0.015683
0.035592
0.012881
0.027071
0.005953
0.019325
0.021367
0.027218
0.013257
0.047188
0.034920
0.026767
0.016839
0.012284
0.028838
0.011099
0.017074
0.025037
0.012182
0.039561
0.022557
0.010662
0.021614
0.039783
0.040109
0.034991
0.037552
0.026274
0.047951
0.030247
0.042482
0.036664
0.039722
0.014920
0.005936
0.031397
0.012057
0.006534
0.015969
0.025569
0.024919
0.002495
0.032635
0.013329
0.011710
0.040549
0.009829
0.018791
0.018055
0.007669
0.028288
0.024385
0.035151
0.031565
0.053741
0.023675
0.024084
0.030644
0.024608
0.037985
0.049305
0.036319
0.042626
0.024032
0.035371
0.048522
0.040461
0.017636
0.009107
0.036924
0.022460
0.042190
0.018849
0.009482
0.021051
0.048848
0.029898
0.035418
0.032515
0.037960
0.008230
0.025941
0.038756
0.013286
0.013826
0.022562
0.012012
0.024823
0.030017
0.047391
0.023708
0.019569
0.022509
0.028108
0.020103
0.018578
0.024794
0.046855
0.035847
0.035699
0.021997
0.033820
0.032845
0.021131
0.017097
0.029656
0.027271
0.018985
0.028924
0.022954
0.008552
0.030699
0.020441
0.017253
0.024776
0.006598
0.015573
0.045788
0.053981
0.041744
0.056203
0.037625
0.040646
0.029954
0.045748
0.035815
0.032144
0.029126
0.014882
0.006992
0.009429
0.020199
0.017235
0.019028
0.025480
0.013811
0.006048
0.013936
0.007915
0.006788
0.026741
0.011815
0.026471
0.030608
0.009710
0.031244
0.009407
0.003616
0.013116
0.010256
0.022253
0.007220
0.006994
0.011627
0.021649
0.018819
0.023504
0.011613
0.014233
0.045958
0.017945
0.021745
0.017439
0.063828
0.076171
0.064239
0.073225
0.061240
0.028487
0.018700
0.028745
0.020314
0.010796
0.014619
0.021155
0.052505
0.018380
0.022949
0.012877
0.034687
0.045223
0.046475
0.028031
0.017540
0.030442
0.018165
0.027215
0.033337
0.024106
0.009330
0.025043
0.027808
0.013607
0.005766
0.021824
0.027845
0.039640
0.049962
0.032804
0.023675
0.029775
0.010659
0.022090
0.040624
0.017963
0.012143
0.016410
0.039895
0.010783
0.009376
0.021291
0.045666
0.015678
0.029483
0.032704
0.026805
0.031106
0.006630
0.033568
0.021987
0.007411
0.020085
0.006131
0.036722
0.034521
0.015621
0.045012
0.025662
0.035995
0.029484
0.035191
0.012735
0.043395
0.047523
0.007750
0.018641
0.051039
0.023412
0.045040
0.045156
0.025442
0.009861
0.024377
0.021131
0.026804
0.054025
0.030104
0.042239
0.012578
0.017941
0.044910
0.033648
0.032130
0.049370
0.013401
0.032838
0.028404
0.012975
0.019246
0.030365
0.013796
0.026215
0.017828
0.018547
0.019980
0.023874
0.018624
0.025170
0.002048
0.023235
0.023555
0.057218
0.012324
0.035324
0.026121
0.029863
0.015941
0.011509
0.024775
0.025875
0.018202
0.014016
0.067997
0.017743
0.020805
0.034203
0.031996
0.014655
0.025442
0.014566
0.030570
0.019279
0.024464
0.028465
0.009918
0.015803
0.024650
0.016747
0.020718
0.024595
0.007294
0.011608
0.017818
0.006065
0.023045
0.009260
0.018822
0.002501
0.025909
0.004168
0.009057
0.036396
0.017866
0.042333
0.018014
0.039979
0.016102
0.029452
0.022450
0.065093
0.065490
0.054362
0.021003
0.043972
0.031695
0.027775
0.046940
0.020884
0.010270
0.033703
0.045416
0.034293
0.013092
0.045463
0.051105
0.025484
0.029669
0.024771
0.020722
0.020324
0.025962
0.016456
0.027172
0.022310
0.038183
0.034784
0.016542
0.017860
0.046601
0.036466
0.040071
0.032482
0.016729
0.043643
0.021161
0.021903
0.020430
0.017103
0.042212
0.012805
0.028360
0.033057
0.016023
0.026521
0.042198
0.037823
0.036149
0.058412
0.033414
0.030913
0.042799
0.030166
0.046983
0.024399
0.015485
0.020919
0.030779
0.019796
0.031673
0.026989
0.024494
0.020254
0.021657
0.019059
0.026798
0.025190
0.014995
0.012975
0.028143
0.012329
0.031114
0.031963
0.020773
0.010504
0.012144
0.013854
0.022305
0.020126
0.020291
0.032150
0.008414
0.003710
0.027704
0.023305
0.022244
0.051274
0.024746
0.051146
0.017438
0.036187
0.027018
0.055148
0.026491
0.028667
0.044973
0.055954
0.030081
0.041534
0.025522
0.051542
0.035736
0.023952
0.022042
0.040642
0.036261
0.050921
0.015265
0.046161
0.049283
0.027618
0.052058
0.046621
0.049915
0.056145
0.034738
0.015991
0.027856
0.047676
0.045078
0.052887
0.064443
0.031817
0.038411
0.031623
0.036307
0.025735
0.050924
0.011746
0.013981
0.025045
0.030183
0.005861
0.006464
0.030190
0.021807
0.014744
0.007465
0.013313
0.004584
0.004255
0.036930
0.013010
0.020292
0.038490
0.028228
0.020661
0.020559
0.035247
0.007842
0.037868
0.024069
0.041566
0.018341
0.041092
0.011298
0.024684
0.020815
0.042652
0.020775
0.019681
0.006677
0.027521
0.023015
0.047491
0.044441
0.013426
0.023476
0.036456
0.035232
0.035226
0.062785
0.051056
0.034129
0.022111
0.015289
0.032976
0.027932
0.047379
0.025292
0.023651
0.031178
0.031268
0.013802
0.031518
0.021585
0.028231
0.027277
0.010720
0.007026
0.014030
0.020727
0.024807
0.043528
0.012538
0.023340
0.020556
0.024510
0.028335
0.012924
0.018330
0.004359
0.005865
0.020065
0.050151
0.027542
0.002909
0.016007
0.020403
0.027293
0.015485
0.057816
0.067700
0.058821
0.067692
0.052680
0.077139
0.040233
0.043833
0.034981
0.015395
0.049103
0.049632
0.036001
0.043480
0.015599
0.033152
0.017540
0.040159
0.038522
0.030846
0.019416
0.024265
0.003382
0.017777
0.015981
0.017407
0.012125
0.034800
0.020463
0.013301
0.005453
0.004171
0.028131
0.011759
0.026983
0.032310
0.055936
0.022207
0.027837
0.064399
0.016847
0.029195
0.031510
0.025750
0.039755
0.012500
0.011143
0.012428
0.065366
0.003857
0.016845
0.027747
0.023530
0.038479
0.038676
0.019652
0.033058
0.031630
0.031596
0.029399
0.053676
0.027788
0.024184
0.022103
0.079316
0.069111
0.062161
0.080886
0.073473
0.014862
0.029225
0.031881
0.035323
0.030312
0.021002
0.026769
0.016410
0.018108
0.003445
0.013796
0.019173
0.041515
0.014028
0.026576
0.027751
0.051457
0.022179
0.051208
0.023959
0.051879
0.030765
0.017645
0.053320
0.040022
0.045730
0.025403
0.026360
0.037572
0.018342
0.030946
0.011838
0.034868
0.040264
0.022393
0.017408
0.019873
0.042183
0.013194
0.030994
0.045565
0.044954
0.018237
0.035671
0.055051
0.020117
0.023755
0.013625
0.031973
0.007197
0.043584
0.029569
0.023868
0.033844
0.029563
0.031808
0.042856
0.033206
0.031136
0.025784
0.035302
0.022688
0.032149
0.041701
0.025955
0.009347
0.006605
0.021043
0.007887
0.010610
0.017863
0.037743
0.007345
0.029405
0.021746
0.025983
0.014679
0.029587
0.016847
0.015225
0.036285
0.035683
0.047944
0.034586
0.021995
0.031823
0.005818
0.021386
0.030274
0.010648
0.016770
0.020413
0.030304
0.006714
0.027914
0.022808
0.008443
0.007724
0.029258
0.036372
0.042860
0.027108
0.023992
0.017182
0.031084
0.020947
0.009402
0.034085
0.028178
0.045792
0.030935
0.034684
0.034645
0.034734
0.037046
0.021731
0.019853
0.030596
0.026659
0.010322
0.027099
0.041512
0.035483
0.018563
0.004402
0.009666
0.017113
0.012414
0.034067
0.022591
0.011548
0.002188
0.024344
0.031011
0.020509
0.017880
0.042689
0.012976
0.038200
0.024885
0.019075
0.041102
0.026122
0.037977
0.025659
0.026071
0.022068
0.030682
0.019575
0.044264
0.041992
0.031194
0.030014
0.021290
0.039683
0.031235
0.035706
0.020455
0.002811
0.027129
0.040354
0.025202
0.049760
0.042721
0.025696
0.021414
0.014211
0.019596
0.021330
0.014249
0.027712
0.015790
0.019680
0.026717
0.031183
0.041987
0.010439
0.015109
0.028018
0.004854
0.011936
0.012692
0.046421
0.053032
0.037276
0.039639
0.013642
0.017009
0.030396
0.013142
0.016379
0.027266
0.008606
0.011223
0.018131
0.002334
0.020657
0.042659
0.025980
0.023941
0.020318
0.020373
0.023233
0.035398
0.035381
0.031467
0.048584
0.026314
0.026706
0.040074
0.024076
0.032846
0.047027
0.023165
0.035052
0.034011
0.046690
0.015340
0.024807
0.023830
0.029180
0.010650
0.066953
0.025295
0.034774
0.003166
0.046939
0.026279
0.028881
0.032975
0.024957
0.037852
0.041060
0.029470
0.014529
0.046620
0.009343
0.047052
0.046427
0.045271
0.049521
0.038826
0.046446
0.040345
0.010154
0.040070
0.051290
0.060196
0.027131
0.019110
0.005874
0.024325
0.034836
0.014433
0.032437
0.024865
0.008188
0.027626
0.012299
0.035517
0.024329
0.017358
0.017371
0.012272
0.033132
0.006999
0.002199
0.027324
0.018879
0.019193
0.047019
0.044026
0.028109
0.033500
0.025485
0.050709
0.018336
0.030903
0.033727
0.027373
0.034992
0.014878
0.012476
0.013014
0.018427
0.033766
0.017623
0.032370
0.064256
0.030777
0.038305
0.025648
0.029240
0.045694
0.027764
0.018589
0.084178
0.074758
0.069351
0.085244
0.078819
0.072722
0.060282
0.071730
0.064723
0.067799
0.078105
0.065420
0.036872
0.034825
0.041069
0.013555
0.040370
0.036928
0.031884
0.020340
0.017970
0.016844
0.023095
0.031002
0.012555
0.027852
0.005955
0.021425
0.023860
0.009304
0.018964
0.019020
0.016402
0.010661
0.031300
0.021398
0.022485
0.025947
0.006153
0.046870
0.030008
0.035465
0.037159
0.031395
0.025778
0.049556
0.036585
0.010672
0.023814
0.028618
0.023209
0.032695
0.010795
0.034838
0.023871
0.011530
0.028090
0.027217
0.031753
0.022970
0.039564
0.034896
0.040856
0.030120
0.019536
0.023209
0.031828
0.013040
0.021260
0.026443
0.017987
0.012444
0.009608
0.027477
0.037386
0.054126
0.065599
0.025193
0.047700
0.016392
0.031907
0.008571
0.014266
0.041133
0.039246
0.013256
0.019579
0.004403
0.028215
0.019096
0.007582
0.002149
0.014309
0.015524
0.035173
0.023692
0.025197
0.031371
0.023612
0.038822
0.020834
0.009679
0.017164
0.032373
0.019806
0.019469
0.011074
0.007643
0.025694
0.018994
0.029662
0.014181
0.024826
0.025812
0.019723
0.022791
0.031652
0.026501
0.041583
0.045204
0.043010
0.038340
0.059199
0.004872
0.007492
0.013209
0.017195
0.011115
0.029620
0.016596
0.010560
0.014251
0.005686
0.006384
0.003702
0.018806
0.025850
0.025475
0.028497
0.032554
0.014223
0.020195
0.024275
0.018752
0.026100
0.029359
0.039897
0.036245
0.053520
0.032204
0.051919
0.023730
0.046855
0.013660
0.014567
0.046563
0.038879
0.025652
0.023065
0.043795
0.034860
0.008277
0.037131
0.038999
0.031333
0.016597
0.018821
0.014691
0.018978
0.036160
0.012205
0.018497
0.011063
0.011424
0.008355
0.017731
0.008580
0.009531
0.007663
0.003238
0.011870
0.010776
0.018535
0.024428
0.015782
0.019310
0.029500
0.018460
0.040035
0.031559
0.029978
0.034697
0.016739
0.032533
0.028006
0.029897
0.046417
0.047165
0.038834
0.030246
0.019705
0.024715
0.017131
0.017075
0.010335
0.019814
0.009542
0.030114
0.007819
0.012119
0.006464
0.026076
0.005054
0.015258
0.023790
0.022605
0.027433
0.013163
0.030770
0.032556
0.036953
0.019806
0.019697
0.019683
0.027439
0.013601
0.010173
0.030699
0.033121
0.040829
0.010752
0.032595
0.031700
0.038369
0.018451
0.025482
0.021242
0.048770
0.007043
0.055601
0.012691
0.032149
0.047154
0.022151
0.014104
0.031293
0.034612
0.005433
0.025087
0.005747
0.036393
0.059853
0.032305
0.026376
0.029937
0.028553
0.016483
0.040405
0.029690
0.006659
0.018678
0.031555
0.011217
0.007113
0.015766
0.001467
0.018559
0.030664
0.026441
0.023341
0.014581
0.018203
0.023971
0.014365
0.020710
0.019708
0.036199
0.022818
0.039324
0.020225
0.010659
0.022928
0.042225
0.047569
0.020097
0.033553
0.033264
0.023317
0.027432
0.032896
0.022594
0.026666
0.026024
0.032230
0.035822
0.012737
0.014536
0.013331
0.019162
0.013432
0.006021
0.046469
0.015197
0.025857
0.020881
0.005718
0.013358
0.034477
0.020947
0.027758
0.015360
0.024969
0.018296
0.006929
0.037774
0.018262
0.039453
0.018389
0.018122
0.025037
0.019389
0.032021
0.016965
0.040027
0.030782
0.016264
0.031570
0.013963
0.025785
0.047497
0.016472
0.005258
0.016648
0.021937
0.031599
0.014974
0.037731
0.007820
0.022872
0.011546
0.006340
0.020223
0.007261
0.019564
0.022802
0.007990
0.012144
0.009065
0.035341
0.039980
0.005319
0.017017
0.032420
0.014310
0.013913
0.019818
0.006755
0.038950
0.012654
0.029515
0.041937
0.026714
0.027020
0.031774
0.011533
0.019089
0.035264
0.010335
0.022344
0.019873
0.029015
0.029403
0.020668
0.021339
0.013026
0.025244
0.011981
0.016728
0.018472
0.009837
0.019999
0.022066
0.019726
0.010778
0.020179
0.007137
0.018673
0.042297
0.024229
0.016982
0.026563
0.020476
0.009222
0.013421
0.023471
0.026254
0.026916
0.047083
0.022271
0.019276
0.025268
0.033137
0.043789
0.052596
0.029959
0.030530
0.036528
0.038351
0.041371
0.036809
0.022983
0.016823
0.033951
0.028338
0.035872
0.031438
0.020308
0.023705
0.015332
0.036340
0.039277
0.035822
0.012871
0.036938
0.023421
0.012509
0.020581
0.021596
0.010785
0.006901
0.007215
0.039405
0.005352
0.030861
0.019482
0.018535
0.055243
0.028647
0.004135
0.016874
0.017488
0.022985
0.019789
0.024555
0.064557
0.051898
0.009811
0.056030
0.049796
0.014150
0.032473
0.020118
0.012754
0.022953
0.032302
0.034703
0.022294
0.004975
0.029883
0.038836
0.017815
0.017785
0.044973
0.050799
0.010985
0.064438
0.022833
0.028487
0.032323
0.038216
0.044421
0.049214
0.026038
0.026488
0.034460
0.029472
0.047432
0.016987
0.012428
0.026305
0.029003
0.043880
0.014739
0.003172
0.037548
0.022430
0.024597
0.029045
0.020082
0.054766
0.048843
0.007076
0.025816
0.018777
0.025292
0.030197
0.030145
0.058426
0.054411
0.024761
0.022792
0.056813
0.027833
0.022792
0.029768
0.011946
0.023893
0.015059
0.042069
0.051220
0.050934
0.053069
0.053160
0.029370
0.010272
0.037399
0.021997
0.004934
0.018975
0.012388
0.033170
0.024673
0.049645
0.026831
0.005563
0.026453
0.022330
0.015275
0.004443
0.011994
0.012880
0.014720
0.038745
0.030945
0.005488
0.015207
0.041281
0.016442
0.043211
0.018694
0.033252
0.049655
0.008798
0.017437
0.033947
0.039914
0.010132
0.014213
0.043301
0.026760
0.003961
0.029207
0.016165
0.026242
0.025314
0.020024
0.011115
0.023566
0.009945
0.022766
0.038290
0.014690
0.023516
0.023849
0.009380
0.040629
0.017717
0.031893
0.010289
0.051859
0.011037
0.008388
0.037808
0.029331
0.014924
0.015788
0.037668
0.027160
0.019743
0.043695
0.005252
0.013681
0.003151
0.010323
0.030930
0.025890
0.029217
0.019767
0.009707
0.023450
0.023502
0.014907
0.038635
0.019947
0.025234
0.028798
0.049948
0.042510
0.029159
0.020458
0.053451
0.012870
0.053824
0.055615
0.042893
0.033560
0.025649
0.030651
0.035178
0.035680
0.024270
0.043122
0.023658
0.028053
0.026072
0.037001
0.014112
0.036939
0.034321
0.023874
0.032208
0.029760
0.033485
0.018365
0.031926
0.009978
0.056226
0.010820
0.034877
0.034738
0.032269
0.061085
0.045802
0.019314
0.010138
0.033916
0.028740
0.025547
0.050963
0.013302
0.042548
0.031576
0.015857
0.043233
0.026201
0.021252
0.022110
0.019213
0.007082
0.032454
0.030477
0.026023
0.034065
0.033846
0.026940
0.029492
0.031516
0.024214
0.029882
0.038130
0.031959
0.013431
0.050616
0.035713
0.034347
0.046570
0.027174
0.049238
0.015649
0.044720
0.026939
0.024160
0.035617
0.041005
0.006695
0.044446
0.013290
0.004633
0.014644
0.030762
0.027238
0.020887
0.028132
0.016249
0.023252
0.011893
0.008131
0.023271
0.021056
0.028113
0.036321
0.038521
0.058934
0.040189
0.059509
0.038389
0.038520
0.053509
0.025294
0.045690
0.045291
0.014251
0.017463
0.033515
0.009011
0.032487
0.044506
0.019281
0.030610
0.014319
0.034461
0.018242
0.017972
0.007856
0.014319
0.023884
0.025210
0.027216
0.020041
0.013389
0.038576
0.025322
0.036096
0.010351
0.034480
0.021435
0.044007
0.017595
0.039833
0.033047
0.015795
0.023600
0.029169
0.036207
0.056328
0.041529
0.025350
0.038491
0.036281
0.025035
0.051191
0.014850
0.028914
0.015867
0.018828
0.015836
0.038196
0.031975
0.032216
0.017053
0.012343
0.018569
0.049558
0.039880
0.032466
0.030066
0.037569
0.046428
0.049072
0.028530
0.007256
0.009587
0.039529
0.038119
0.043177
0.050745
0.028490
0.008379
0.041549
0.046975
0.041084
0.044448
0.033875
0.013362
0.054017
0.029619
0.023133
0.022997
0.015638
0.014922
0.021604
0.030170
0.036676
0.024950
0.026587
0.007537
0.050441
0.015536
0.020473
0.010787
0.016608
0.006380
0.021788
0.017961
0.024807
0.015385
0.038931
0.011791
0.041172
0.012428
0.006142
0.011360
0.016492
0.025953
0.014702
0.032050
0.026177
0.029554
0.027501
0.027630
0.017124
0.024463
0.023129
0.029550
0.008343
0.032691
0.011059
0.020299
0.026438
0.020330
0.014445
0.036015
0.014595
0.039306
0.023982
0.014992
0.030746
0.023203
0.026945
0.033272
0.007807
0.050440
0.031064
0.014504
0.043052
0.021768
0.041382
0.039238
0.021782
0.028543
0.034734
0.022821
0.028847
0.008246
0.025425
0.017325
0.007183
0.005785
0.021852
0.022627
0.018223
0.007582
0.043211
0.030048
0.017540
0.029033
0.021362
0.013592
0.009073
0.008153
0.034150
0.025013
0.029963
0.043326
0.038423
0.034212
0.011733
0.006637
0.019677
0.018518
0.023165
0.027130
0.024853
0.015707
0.012861
0.024871
0.013327
0.043716
0.023892
0.026350
0.020635
0.025569
0.024595
0.007452
0.005319
0.032763
0.033516
0.013289
0.056232
0.047470
0.019795
0.030636
0.033077
0.042643
0.034903
0.022377
0.038807
0.058890
0.070602
0.036262
0.048037
0.018097
0.012658
0.034409
0.049990
0.034943
0.024010
0.020180
0.026344
0.035653
0.022371
0.016034
0.048543
0.034086
0.037128
0.028082
0.023218
0.035957
0.022904
0.025199
0.025777
0.022138
0.010545
0.029772
0.010718
0.023078
0.018106
0.015073
0.012651
0.005723
0.021857
0.006739
0.021228
0.032910
0.036337
0.010410
0.029470
0.020718
0.031580
0.005000
0.026537
0.022173
0.026181
0.005776
0.005275
0.029912
0.025338
0.022043
0.019527
0.039779
0.008818
0.016717
0.036195
0.028499
0.010620
0.006387
0.033928
0.008623
0.039003
0.026700
0.032002
0.009089
0.014788
0.035940
0.021672
0.032022
0.032619
0.026933
0.048186
0.021515
0.034272
0.043127
0.039250
0.041439
0.045962
0.042973
0.061526
0.031150
0.044494
0.031723
0.025005
0.037113
0.037992
0.024854
0.019922
0.036921
0.052923
0.036979
0.034754
0.021209
0.018857
0.039866
0.033876
0.032115
0.006335
0.010887
0.017972
0.031484
0.042087
0.055179
0.037458
0.048018
0.014587
0.020142
0.035785
0.035206
0.020909
0.015780
0.012382
0.020936
0.022493
0.021877
0.015246
0.051269
0.043934
0.018286
0.045292
0.017002
0.022136
0.023935
0.021599
0.023224
0.017542
0.012858
0.042021
0.011612
0.018417
0.022418
0.022972
0.007936
0.008204
0.038224
0.034429
0.029353
0.018412
0.030042
0.036941
0.014664
0.032867
0.030362
0.016875
0.028528
0.027963
0.023854
0.031886
0.034808
0.011459
0.042584
0.036481
0.010869
0.023819
0.041037
0.028791
0.018014
0.020040
0.036033
0.007469
0.011352
0.012538
0.026270
0.019918
0.020586
0.027057
0.026129
0.018561
0.017830
0.006011
0.026581
0.026219
0.014031
0.014662
0.004281
0.006558
0.025387
0.032772
0.014795
0.008932
0.006100
0.010274
0.010189
0.040174
0.037832
0.021906
0.036047
0.030517
0.019432
0.014055
0.016228
0.050634
0.042518
0.020140
0.005716
0.008483
0.055107
0.021885
0.009984
0.018130
0.022455
0.052477
0.007823
0.058647
0.024623
0.023540
0.029264
0.045677
0.026556
0.053468
0.026087
0.015194
0.017614
0.034860
0.038364
0.040859
0.025405
0.034134
0.022954
0.033018
0.012716
0.044436
0.032205
0.040758
0.017884
0.028791
0.035230
0.026483
0.032488
0.023090
0.037169
0.006336
0.030102
0.012984
0.027871
0.006734
0.019288
0.022483
0.027073
0.013203
0.047005
0.036406
0.044440
0.004447
0.028417
0.026854
0.017670
0.012354
0.030239
0.010507
0.018673
0.026537
0.014917
0.038303
0.011226
0.024033
0.038684
0.039206
0.027751
0.030557
0.030960
0.032193
0.035556
0.032100
0.017534
0.023444
0.025598
0.024276
0.014106
0.014960
0.044854
0.050435
0.019756
0.027004
0.015948
0.012629
0.010886
0.021848
0.028272
0.002784
0.019824
0.014788
0.037967
0.028190
0.019216
0.021430
0.030951
0.034083
0.026178
0.028759
0.027047
0.040092
0.032534
0.062347
0.011504
0.060189
0.055209
0.053995
0.013386
0.037859
0.016485
0.033008
0.039011
0.042594
0.036237
0.015027
0.010221
0.025596
0.028712
0.010619
0.028184
0.006282
0.013238
0.011563
0.029225
0.010155
0.032656
0.024191
0.017197
0.018575
0.011062
0.024161
0.028483
0.016145
0.011180
0.037572
0.013930
0.022462
0.011768
0.033290
0.050855
0.030581
0.048848
0.029910
0.018762
0.045598
0.020565
0.035106
0.025184
0.029022
0.035690
0.025016
0.024092
0.026924
0.030062
0.014271
0.024204
0.007833
0.010600
0.010997
0.012515
0.015836
0.013344
0.011579
0.011199
0.012252
0.018944
0.010388
0.005364
0.028990
0.026051
0.029046
0.022232
0.023343
0.052514
0.012031
0.043905
0.038278
0.012243
0.039908
0.007940
0.013952
0.015375
0.028414
0.021589
0.022574
0.014003
0.013470
0.004166
0.008088
0.032799
0.022205
0.005237
0.007418
0.014047
0.009902
0.017371
0.034061
0.025717
0.035632
0.004178
0.034283
0.012992
0.004877
0.017347
0.022741
0.020505
0.034154
0.024900
0.015035
0.007677
0.009233
0.042784
0.007213
0.008301
0.010729
0.016422
0.022854
0.042486
0.023397
0.039957
0.025692
0.043506
0.032958
0.020423
0.025014
0.013190
0.010813
0.020310
0.018162
0.026512
0.012893
0.020441
0.032683
0.011802
0.031918
0.037571
0.036254
0.012442
0.044403
0.041243
0.012721
0.032515
0.006282
0.011572
0.022657
0.013317
0.017439
0.010656
0.029302
0.023572
0.039430
0.042619
0.014208
0.018355
0.049857
0.004608
0.053183
0.006857
0.029777
0.025355
0.014563
0.033590
0.022490
0.006761
0.007753
0.028298
0.014605
0.023072
0.038189
0.033789
0.035840
0.040651
0.019534
0.036833
0.038991
0.023841
0.010380
0.007765
0.036365
0.051158
0.025805
0.030436
0.048386
0.006897
0.019668
0.036019
0.036633
0.034898
0.011974
0.015671
0.010574
0.024679
0.020617
0.018867
0.014012
0.013067
0.017904
0.031431
0.028785
0.019342
0.034373
0.007881
0.043756
0.036358
0.010552
0.003806
0.014412
0.021194
0.007339
0.023221
0.007158
0.023385
0.012099
0.014989
0.009064
0.020721
0.018190
0.023533
0.020730
0.040137
0.022414
0.011388
0.008862
0.042188
0.024377
0.011535
0.022087
0.033550
0.031553
0.020087
0.019140
0.037686
0.029544
0.023857
0.042233
0.027785
0.034371
0.027180
0.023372
0.029262
0.016504
0.029690
0.023285
0.040847
0.036464
0.036606
0.012776
0.030887
0.027097
0.022935
0.048313
0.034872
0.059848
0.030144
0.043241
0.042965
0.053132
0.061484
0.047697
0.055825
0.054281
0.041997
0.024688
0.048353
0.039686
0.035553
0.054685
0.032595
0.014759
0.038899
0.003322
0.048822
0.009727
0.006829
0.037598
0.027864
0.034189
0.022780
0.016146
0.048545
0.030042
0.014465
0.023854
0.036640
0.027125
0.045343
0.006744
0.042421
0.016287
0.013996
0.022018
0.028710
0.029272
0.009606
0.008882
0.017047
0.007987
0.019480
0.006931
0.015661
0.016201
0.013246
0.018512
0.021493
0.004772
0.011339
0.020284
0.010905
0.027925
0.012053
0.029371
0.020862
0.021296
0.010795
0.036838
0.022711
0.041758
0.017084
0.027465
0.018268
0.030645
0.035571
0.023019
0.019099
0.029989
0.029285
0.027530
0.021963
0.031728
0.020658
0.027007
0.009748
0.060005
0.033545
0.010890
0.028335
0.010580
0.010982
0.015456
0.008411
0.025004
0.014310
0.028363
0.021816
0.023400
0.023674
0.020646
0.017925
0.012159
0.016076
0.032182
0.014169
0.035452
0.054339
0.038100
0.028263
0.050039
0.065087
0.022372
0.051347
0.049354
0.037363
0.059001
0.023884
0.015833
0.059944
0.028889
0.053600
0.027616
0.047086
0.021034
0.023957
0.047804
0.020975
0.018015
0.017567
0.020976
0.016739
0.010996
0.027161
0.027085
0.024094
0.006704
0.010738
0.023187
0.044540
0.010968
0.046928
0.021159
0.057614
0.065579
0.022823
0.029606
0.020087
0.012686
0.070024
0.026787
0.013812
0.065240
0.039608
0.025194
0.050695
0.019785
0.009303
0.029501
0.046770
0.016232
0.005283
0.024379
0.021928
0.028441
0.030494
0.032254
0.014624
0.018586
0.019936
0.005915
0.034384
0.014273
0.020378
0.018848
0.017170
0.031556
0.035723
0.023290
0.046040
0.030558
0.045142
0.024977
0.032168
0.040699
0.034750
0.016199
0.011598
0.040580
0.035149
0.022729
0.016517
0.025703
0.020942
0.036191
0.021016
0.030520
0.005798
0.049729
0.015268
0.025068
0.049813
0.006582
0.037196
0.051245
0.019056
0.018826
0.046561
0.037885
0.018241
0.008628
0.019066
0.004212
0.022598
0.024657
0.008779
0.015517
0.023822
0.036206
0.005271
0.017738
0.040457
0.025692
0.043742
0.025273
0.040810
0.023423
0.055138
0.038456
0.030587
0.045004
0.024141
0.031658
0.035666
0.020768
0.034863
0.034328
0.024881
0.041115
0.008050
0.008664
0.031292
0.013282
0.027897
0.003800
0.013835
0.022213
0.015994
0.030494
0.010133
0.009787
0.013697
0.014212
0.024961
0.013920
0.010885
0.028370
0.018385
0.041697
0.030548
0.021813
0.024858
0.032153
0.038248
0.013049
0.030202
0.034104
0.023873
0.004778
0.024198
0.016120
0.018351
0.022759
0.018949
0.025321
0.008772
0.001079
0.025902
0.030011
0.021467
0.012582
0.028804
0.037412
0.009356
0.036196
0.015814
0.020477
0.027324
0.034901
0.017821
0.029263
0.032490
0.024250
0.020504
0.032448
0.005625
0.010174
0.018570
0.014375
0.010649
0.040159
0.034677
0.045147
0.026396
0.004525
0.029820
0.038481
0.030422
0.020707
0.022787
0.021889
0.028390
0.031587
0.023100
0.022508
0.027834
0.047630
0.032062
0.026792
0.022590
0.037737
0.023501
0.017040
0.032416
0.031349
0.046617
0.021321
0.021456
0.013705
0.030920
0.035760
0.011122
0.029232
0.040537
0.010583
0.038165
0.016264
0.011908
0.018042
0.018068
0.010459
0.038311
0.003443
0.012918
0.016661
0.022916
0.020391
0.009516
0.035707
0.039495
0.033187
0.033430
0.026297
0.022126
0.047785
0.025856
0.045169
0.007749
0.020227
0.017070
0.028660
0.028580
0.032781
0.014795
0.017183
0.003734
0.031159
0.028475
0.007127
0.005609
0.028057
0.033056
0.013193
0.023012
0.021595
0.013175
0.053562
0.034962
0.015389
0.016663
0.029359
0.030218
0.019460
0.012442
0.010729
0.022250
0.036897
0.025332
0.026682
0.025930
0.050589
0.022922
0.027516
0.042746
0.057438
0.030351
0.020799
0.042009
0.047794
0.039952
0.030463
0.027449
0.021507
0.014930
0.009162
0.026236
0.052649
0.025999
0.019301
0.037436
0.024523
0.038915
0.021997
0.019941
0.029245
0.026635
0.037251
0.056971
0.031840
0.028932
0.027881
0.023924
0.025522
0.011462
0.024270
0.035998
0.019413
0.023733
0.024135
0.022462
0.037179
0.022982
0.039292
0.047171
0.057108
0.043279
0.040285
0.034079
0.006196
0.014135
0.015325
0.011637
0.028011
0.021106
0.027973
0.039959
0.058991
0.048479
0.041117
0.058560
0.059104
0.044673
0.038831
0.018042
0.026859
0.035640
0.013096
0.031931
0.049344
0.014939
0.050981
0.008847
0.028243
0.035665
0.019243
0.023477
0.016630
0.064194
0.052083
0.015019
0.029249
0.018543
0.018372
0.027955
0.014000
0.022217
0.004375
0.003773
0.006328
0.012387
0.029740
0.034464
0.023586
0.023457
0.031046
0.037332
0.033110
0.021272
0.016293
0.038475
0.052290
0.033754
0.062337
0.028330
0.030930
0.041393
0.052206
0.050402
0.024819
0.009607
0.007716
0.012676
0.023738
0.020293
0.012622
0.024354
0.021076
0.010821
0.012257
0.011299
0.016607
0.030544
0.010451
0.053556
0.026902
0.022561
0.019302
0.003479
0.027766
0.031917
0.027117
0.013951
0.010857
0.007655
0.034980
0.026230
0.022037
0.019325
0.019867
0.037174
0.033488
0.027900
0.045050
0.036914
0.047964
0.020507
0.036083
0.019037
0.040312
0.024744
0.016065
0.043861
0.032431
0.008789
0.036565
0.030703
0.013122
0.026151
0.014122
0.035882
0.020119
0.016732
0.030469
0.023775
0.043589
0.042582
0.018123
0.028308
0.027278
0.014786
0.002426
0.015351
0.035987
0.029447
0.012110
0.015923
0.027989
0.028263
0.020390
0.015384
0.004065
0.028051
0.033137
0.020315
0.015639
0.019240
0.022523
0.006018
0.027390
0.034666
0.027919
0.047389
0.036854
0.031737
0.066346
0.051029
0.022813
0.029971
0.014052
0.023414
0.023500
0.024073
0.026349
0.012168
0.004810
0.021798
0.006172
0.018415
0.005734
0.024916
0.038568
0.036877
0.033897
0.019362
0.027847
0.029300
0.024449
0.023056
0.049449
0.038718
0.036761
0.019881
0.036476
0.010138
0.002330
0.021044
0.030184
0.023211
0.038370
0.031835
0.017157
0.024640
0.055083
0.027316
0.037641
0.054652
0.048599
0.031083
0.024722
0.048661
0.058189
0.034756
0.037181
0.025788
0.024461
0.041294
0.013477
0.024287
0.018271
0.029412
0.045511
0.010637
0.012873
0.018744
0.043557
0.023350
0.019699
0.010926
0.015022
0.020428
0.025928
0.029922
0.023211
0.017590
0.014886
0.021331
0.012580
0.013462
0.023172
0.035986
0.015865
0.009734
0.035681
0.032304
0.026454
0.019686
0.010848
0.017493
0.035429
0.034076
0.033575
0.038300
0.036717
0.044596
0.017193
0.020159
0.016217
0.016741
0.031783
0.001904
0.031325
0.039967
0.028117
0.040537
0.010620
0.024942
0.030060
0.034139
0.031345
0.007735
0.017152
0.009469
0.056195
0.014396
0.019107
0.031091
0.015011
0.013657
0.024218
0.021058
0.016826
0.016359
0.023213
0.015010
0.021004
0.007213
0.009819
0.015370
0.040592
0.026472
0.025999
0.019076
0.015935
0.016493
0.043317
0.050561
0.026719
0.006207
0.048773
0.038605
0.021737
0.034065
0.028124
0.024917
0.008227
0.014481
0.009436
0.027537
0.008150
0.010446
0.014077
0.028216
0.018872
0.006840
0.044831
0.050642
0.014420
0.022886
0.028105
0.021988
0.022310
0.014671
0.027518
0.031867
0.041693
0.033906
0.035578
0.008789
0.055607
0.033184
0.013250
0.036710
0.049050
0.054402
0.023803
0.039760
0.027541
0.010217
0.031459
0.026665
0.010796
0.023320
0.018257
0.005188
0.021360
0.018700
0.003485
0.019531
0.017719
0.011572
0.010141
0.021614
0.009833
0.021967
0.022255
0.033041
0.042223
0.031653
0.042147
0.019455
0.034040
0.033241
0.033604
0.036711
0.005164
0.029527
0.010283
0.011245
0.014329
0.006810
0.015840
0.018625
0.027259
0.005983
0.025286
0.031251
0.043262
0.036280
0.010521
0.005412
0.016343
0.015511
0.037893
0.024048
0.041880
0.018695
0.038025
0.037772
0.038164
0.012206
0.007256
0.024239
0.006720
0.005531
0.022186
0.024664
0.011595
0.025179
0.042001
0.011960
0.031422
0.021336
0.019767
0.042941
0.019943
0.046754
0.060036
0.030934
0.015112
0.043104
0.007734
0.031813
0.021100
0.029200
0.015373
0.019642
0.039889
0.023332
0.022255
0.039111
0.024504
0.024016
0.024759
0.025328
0.012334
0.022887
0.033721
0.014320
0.017212
0.014022
0.009572
0.016441
0.020565
0.022701
0.009198
0.022060
0.049560
0.057392
0.040500
0.034027
0.016599
0.022153
0.041010
0.027605
0.042434
0.016815
0.028404
0.010251
0.016355
0.003962
0.028557
0.004143
0.010436
0.004098
0.009092
0.010449
0.017207
0.026233
0.018265
0.029591
0.008122
0.014344
0.030904
0.030618
0.026312
0.019343
0.021186
0.039526
0.037289
0.041314
0.030590
0.025378
0.054487
0.039813
0.027552
0.012136
0.025086
0.024936
0.026027
0.012413
0.012728
0.020425
0.032008
0.027118
0.009186
0.027520
0.020603
0.012351
0.007646
0.005049
0.014029
0.015169
0.049995
0.022564
0.019776
0.045066
0.026887
0.035209
0.025270
0.010185
0.016756
0.013742
0.030667
0.024611
0.014843
0.005753
0.007433
0.026103
0.025842
0.021172
0.017731
0.011724
0.030663
0.019486
0.009543
0.002866
0.041241
0.021722
0.034853
0.030508
0.019173
0.035249
0.043225
0.011884
0.028993
0.026835
0.009185
0.019975
0.024356
0.014259
0.039759
0.018411
0.037628
0.018180
0.018494
0.035367
0.028468
0.026726
0.032402
0.018165
0.031521
0.025815
0.025786
0.019659
0.003341
0.014612
0.025097
0.033119
0.014491
0.033488
0.004571
0.023787
0.011188
0.005444
0.021201
0.007340
0.016690
0.036465
0.015136
0.016901
0.025996
0.008466
0.041086
0.026898
0.030763
0.011816
0.015529
0.019828
0.035393
0.008786
0.018516
0.006657
0.018904
0.028927
0.014182
0.056451
0.044458
0.031204
0.026407
0.016176
0.019138
0.019702
0.017379
0.029890
0.014257
0.013918
0.010880
0.013950
0.022169
0.005370
0.022484
0.040800
0.012490
0.008553
0.042328
0.027501
0.016015
0.019209
0.023826
0.018336
0.041125
0.015242
0.050010
0.056765
0.033795
0.011327
0.012523
0.027137
0.018364
0.022802
0.030164
0.017768
0.014316
0.010625
0.012651
0.022028
0.025808
0.016766
0.025858
0.010192
0.044065
0.024836
0.014414
0.023594
0.026233
0.013469
0.007362
0.043323
0.067684
0.059885
0.015163
0.038172
0.020295
0.031698
0.036228
0.023530
0.041433
0.010399
0.019225
0.037627
0.027183
0.036735
0.026323
0.017421
0.018578
0.034429
0.015849
0.028468
0.022586
0.013173
0.025403
0.013483
0.008525
0.006925
0.023756
0.012524
0.014269
0.008717
0.008024
0.023124
0.004609
0.035409
0.024444
0.017401
0.014483
0.016931
0.021987
0.010368
0.020678
0.025287
0.033083
0.024625
0.020680
0.034706
0.023200
0.021305
0.016953
0.016180
0.050343
0.031893
0.033692
0.020982
0.052871
0.023005
0.019531
0.040110
0.026792
0.050611
0.054024
0.020234
0.025768
0.025923
0.038299
0.015247
0.027817
0.043995
0.026486
0.012851
0.035891
0.031941
0.033320
0.018085
0.026046
0.015102
0.008595
0.038277
0.021661
0.035251
0.048456
0.043974
0.002618
0.041979
0.032343
0.027941
0.028989
0.012667
0.018606
0.045624
0.032443
0.037540
0.013661
0.027057
0.022311
0.006739
0.024918
0.024389
0.009825
0.016580
0.035087
0.019731
0.014096
0.013785
0.028856
0.021370
0.029246
0.031474
0.044461
0.032542
0.017907
0.020292
0.003183
0.031557
0.040920
0.041925
0.050466
0.018479
0.013948
0.036838
0.026393
0.008272
0.017866
0.025946
0.008194
0.007789
0.033279
0.007726
0.038780
0.028660
0.031263
0.009869
0.020516
0.035815
0.018695
0.037066
0.028079
0.031858
0.004407
0.045707
0.039873
0.024070
0.031058
0.041698
0.006846
0.030769
0.021759
0.030739
0.037371
0.022846
0.018406
0.018378
0.031677
0.037773
0.049158
0.012288
0.023128
0.026268
0.020947
0.038220
0.036759
0.058891
0.058379
0.074217
0.074271
0.079139
0.017162
0.021665
0.034413
0.023253
0.013920
0.020263
0.014699
0.012042
0.007722
0.016985
0.009811
0.009985
0.020269
0.016792
0.004641
0.016203
0.029434
0.023246
0.035347
0.021281
0.016064
0.019855
0.015050
0.026448
0.018552
0.025729
0.014817
0.034659
0.015098
0.032124
0.019394
0.022961
0.016443
0.048578
0.056493
0.022459
0.022691
0.024895
0.035032
0.038872
0.039546
0.038654
0.022168
0.034584
0.038136
0.026733
0.019746
0.019265
0.045998
0.005923
0.029911
0.027978
0.028909
0.015699
0.020199
0.025312
0.015082
0.040110
0.003170
0.014343
0.016520
0.004702
0.004181
0.018755
0.025307
0.020801
0.007591
0.017268
0.012171
0.043107
0.021179
0.025530
0.006402
0.018792
0.043014
0.020867
0.030768
0.021205
0.003258
0.034409
0.017986
0.024196
0.024735
0.027215
0.034695
0.009294
0.032751
0.037093
0.023683
0.025053
0.013945
0.004845
0.017602
0.014017
0.008741
0.017521
0.032448
0.008376
0.035437
0.018902
0.024871
0.040762
0.030744
0.041409
0.023018
0.016014
0.031563
0.016332
0.035587
0.009364
0.005123
0.047595
0.006498
0.042122
0.009686
0.010592
0.014132
0.007171
0.017306
0.006697
0.016704
0.015924
0.015704
0.020393
0.027316
0.024960
0.011002
0.018656
0.010582
0.024758
0.008086
0.013601
0.020604
0.019211
0.015544
0.020727
0.034963
0.028085
0.017794
0.040153
0.022587
0.029869
0.038080
0.021096
0.006897
0.020391
0.037758
0.010862
0.003843
0.017310
0.006113
0.008674
0.027681
0.028101
0.030596
0.031914
0.018410
0.058318
0.033454
0.035546
0.051926
0.032826
0.014139
0.020234
0.004437
0.004497
0.013183
0.023258
0.009856
0.020790
0.006025
0.010430
0.021971
0.011769
0.005379
0.004637
0.016855
0.023445
0.024467
0.033218
0.026897
0.034813
0.038667
0.039022
0.022055
0.073758
0.021834
0.044037
0.048808
0.024794
0.034590
0.039205
0.035286
0.040031
0.012124
0.036672
0.007830
0.019231
0.044092
0.039863
0.031981
0.021557
0.041834
0.030330
0.007959
0.041769
0.045800
0.057424
0.042401
0.058996
0.049737
0.045585
0.027350
0.023387
0.015628
0.006858
0.035240
0.029342
0.026455
0.043702
0.029249
0.016367
0.021909
0.021576
0.019581
0.017283
0.019037
0.039032
0.032350
0.009386
0.015790
0.007777
0.052160
0.045022
0.018556
0.013893
0.020026
0.026253
0.015626
0.009961
0.016579
0.024937
0.028960
0.030419
0.017687
0.009534
0.019969
0.003354
0.018648
0.038533
0.012427
0.021970
0.014181
0.008801
0.039013
0.029093
0.018045
0.023110
0.018214
0.005784
0.020195
0.022459
0.009824
0.014430
0.028309
0.031627
0.024018
0.028173
0.028150
0.038720
0.029934
0.007030
0.008397
0.035305
0.041056
0.022010
0.013360
0.043719
0.020384
0.025067
0.026694
0.034859
0.025171
0.020014
0.036448
0.036949
0.024553
0.041112
0.028203
0.042715
0.034846
0.047344
0.041104
0.026903
0.024758
0.016845
0.023041
0.069665
0.058321
0.080519
0.087460
0.078956
0.070230
0.015087
0.046929
0.044424
0.029294
0.031604
0.023936
0.012421
0.023854
0.011206
0.024404
0.013600
0.023418
0.039004
0.013361
0.003330
0.038440
0.031247
0.053866
0.024078
0.045375
0.026808
0.015512
0.037058
0.042168
0.022588
0.020291
0.029684
0.023320
0.034823
0.010047
0.032970
0.016101
0.033024
0.012850
0.032824
0.015525
0.032561
0.018865
0.021443
0.015703
0.031450
0.025943
0.031353
0.035557
0.009999
0.013519
0.049803
0.025607
0.013120
0.020552
0.040739
0.020499
0.022194
0.020477
0.031610
0.025988
0.020006
0.031110
0.007617
0.036518
0.012434
0.025625
0.021636
0.008673
0.025836
0.032862
0.018243
0.014939
0.027096
0.014290
0.015400
0.002880
0.035682
0.037825
0.048008
0.004679
0.014066
0.013557
0.005166
0.043062
0.018645
0.036320
0.021523
0.021665
0.042200
0.011306
0.027476
0.027668
0.052865
0.033824
0.025107
0.027071
0.036451
0.031990
0.037682
0.033277
0.040137
0.032113
0.047985
0.024593
0.032121
0.038393
0.032433
0.023527
0.030109
0.011285
0.022477
0.024973
0.024891
0.011875
0.017490
0.031518
0.009711
0.026000
0.020531
0.021945
0.010302
0.019494
0.014182
0.024910
0.014085
0.043280
0.012379
0.062480
0.035432
0.039600
0.029726
0.024032
0.016824
0.032118
0.027676
0.050745
0.012798
0.033085
0.024366
0.005852
0.020461
0.023759
0.012210
0.018067
0.034902
0.040179
0.023654
0.005136
0.014040
0.026644
0.022924
0.026060
0.013460
0.009752
0.012807
0.023170
0.024985
0.030245
0.033124
0.015626
0.026783
0.045072
0.045092
0.010611
0.050655
0.039644
0.030360
0.034357
0.022548
0.021392
0.003787
0.006876
0.022254
0.012423
0.028315
0.017497
0.015369
0.009342
0.017014
0.021891
0.021247
0.016546
0.033332
0.033682
0.006819
0.015678
0.022223
0.026888
0.009534
0.030471
0.027080
0.032196
0.019340
0.018606
0.042353
0.018347
0.038273
0.035524
0.039651
0.034885
0.059571
0.009327
0.044971
0.022147
0.024840
0.027478
0.019001
0.025419
0.027615
0.021222
0.006752
0.007073
0.039397
0.014550
0.008276
0.026982
0.021578
0.028906
0.025426
0.013398
0.032061
0.020433
0.024478
0.018581
0.007908
0.011631
0.024483
0.030219
0.002648
0.026887
0.015263
0.028291
0.026876
0.014433
0.008219
0.021734
0.026029
0.018504
0.024307
0.018993
0.026366
0.010236
0.019456
0.020670
0.013552
0.008910
0.007401
0.032738
0.023128
0.031286
0.049366
0.033371
0.066193
0.031357
0.037844
0.046790
0.025540
0.039177
0.032354
0.020807
0.017563
0.045077
0.061177
0.024230
0.028069
0.039933
0.010369
0.048405
0.036434
0.010043
0.044885
0.044555
0.032991
0.025458
0.018425
0.051628
0.028791
0.024279
0.045374
0.048148
0.043345
0.049993
0.008652
0.043606
0.034951
0.050074
0.049162
0.029081
0.039473
0.039808
0.037132
0.033653
0.053633
0.039378
0.018539
0.039572
0.044895
0.050441
0.028678
0.039155
0.024058
0.025040
0.018813
0.013736
0.005491
0.013365
0.030728
0.026581
0.017462
0.007793
0.002451
0.017180
0.054476
0.044591
0.034984
0.020980
0.014860
0.018433
0.055790
0.034213
0.033260
0.033248
0.023890
0.024141
0.034924
0.039964
0.017276
0.036568
0.015616
0.022795
0.024477
0.031823
0.045281
0.033957
0.025157
0.017650
0.058652
0.024434
0.018533
0.009645
0.008075
0.013027
0.005284
0.009925
0.010636
0.041893
0.006719
0.011470
0.020614
0.039356
0.021937
0.007559
0.020033
0.024764
0.025990
0.026297
0.013577
0.003655
0.019438
0.021081
0.025169
0.041829
0.041308
0.035068
0.022231
0.033186
0.032951
0.024819
0.047593
0.015891
0.028293
0.007987
0.014374
0.041590
0.052238
0.020739
0.031276
0.045085
0.022917
0.015387
0.027586
0.021866
0.026105
0.035737
0.026514
0.030983
0.026103
0.017665
0.019547
0.035894
0.036804
0.031340
0.017593
0.016424
0.034753
0.011778
0.021738
0.017559
0.015523
0.026726
0.001533
0.024325
0.026815
0.025536
0.039451
0.021212
0.037556
0.013272
0.023337
0.029146
0.019484
0.033314
0.016220
0.032870
0.015025
0.027347
0.022447
0.016183
0.012998
0.038288
0.015233
0.030816
0.017973
0.030414
0.026261
0.019147
0.012072
0.022892
0.027129
0.009717
0.029853
0.016648
0.017516
0.008209
0.045779
0.028410
0.006213
0.051395
0.039207
0.022393
0.018965
0.010482
0.021476
0.037252
0.015111
0.008323
0.023332
0.039094
0.014210
0.018738
0.031492
0.048819
0.025207
0.019723
0.013298
0.042703
0.040185
0.059236
0.023262
0.068527
0.016092
0.053119
0.055177
0.030610
0.042903
0.041211
0.051331
0.023867
0.026722
0.031813
0.023326
0.048293
0.007704
0.007460
0.045544
0.034218
0.020325
0.020828
0.009236
0.027128
0.031738
0.008725
0.032293
0.015711
0.023535
0.027610
0.029195
0.015510
0.019316
0.030466
0.022765
0.010240
0.038181
0.016163
0.025296
0.064460
0.017378
0.038764
0.047836
0.017662
0.037512
0.040199
0.015585
0.049950
0.034633
0.018394
0.039825
0.040820
0.023877
0.041841
0.014184
0.020686
0.023530
0.031037
0.023992
0.042294
0.017098
0.049183
0.018108
0.010692
0.015199
0.040882
0.045385
0.026649
0.051697
0.020041
0.036411
0.015050
0.021947
0.007252
0.021131
0.051751
0.010451
0.025216
0.015561
0.012997
0.014236
0.026629
0.007566
0.022672
0.032527
0.008165
0.016266
0.024043
0.015209
0.029365
0.028346
0.029118
0.040355
0.036614
0.049503
0.014113
0.035736
0.026567
0.026327
0.035899
0.015021
0.026702
0.026811
0.015783
0.050545
0.053746
0.023997
0.013300
0.034771
0.009836
0.037781
0.028459
0.043229
0.042207
0.034828
0.028157
0.048379
0.029618
0.049062
0.041811
0.020648
0.020178
0.010393
0.025357
0.011321
0.014363
0.010209
0.003712
0.031166
0.004380
0.005514
0.039960
0.012879
0.032382
0.022115
0.002547
0.014445
0.008839
0.014161
0.030674
0.010970
0.005117
0.040203
0.018686
0.012953
0.016627
0.013707
0.005905
0.033220
0.010785
0.011111
0.017551
0.029468
0.019320
0.011030
0.031728
0.024753
0.016642
0.021638
0.030449
0.011687
0.015533
0.013075
0.020014
0.017423
0.036426
0.022810
0.019520
0.020374
0.030354
0.031678
0.014766
0.036543
0.009135
0.031623
0.022166
0.013273
0.011107
0.015263
0.012094
0.020513
0.014238
0.021122
0.026647
0.033735
0.022712
0.017639
0.027648
0.020400
0.019880
0.011595
0.011371
0.005724
0.018410
0.025373
0.017016
0.035735
0.029698
0.022661
0.027318
0.040191
0.015889
0.033795
0.023102
0.050398
0.013768
0.030004
0.004189
0.024843
0.011343
0.014701
0.016055
0.019856
0.016107
0.036576
0.042114
0.030138
0.017055
0.019224
0.016239
0.008628
0.017661
0.030832
0.010882
0.014961
0.026326
0.021738
0.049506
0.049107
0.030900
0.022001
0.045145
0.023978
0.054508
0.013271
0.040778
0.014731
0.017416
0.033321
0.015046
0.013920
0.026188
0.025202
0.027568
0.021068
0.014947
0.014850
0.012817
0.012881
0.012904
0.017490
0.047444
0.020266
0.018114
0.016457
0.011433
0.049810
0.024790
0.043275
0.025905
0.031564
0.010550
0.015864
0.025424
0.030567
0.020233
0.018859
0.021315
0.038634
0.032707
0.055221
0.028822
0.014861
0.026171
0.042259
0.014684
0.009942
0.008379
0.005897
0.040344
0.028125
0.040259
0.026906
0.024501
0.034038
0.007026
0.016724
0.034341
0.010428
0.016037
0.004218
0.023655
0.012242
0.028197
0.034939
0.018342
0.031716
0.022948
0.019168
0.031351
0.022291
0.040576
0.039084
0.019749
0.022710
0.018002
0.028181
0.038404
0.022494
0.021668
0.026569
0.030045
0.012557
0.012016
0.019540
0.018941
0.038081
0.021396
0.032815
0.011881
0.026997
0.031938
0.032132
0.015111
0.016626
0.022782
0.036840
0.016934
0.032924
0.022096
0.007577
0.030802
0.022769
0.007838
0.007234
0.030945
0.051778
0.049978
0.038105
0.035075
0.020064
0.040635
0.019044
0.007131
0.028410
0.015565
0.027259
0.041501
0.030675
0.013780
0.008507
0.014938
0.018948
0.034627
0.026936
0.031238
0.021871
0.054817
0.035254
0.009628
0.031406
0.014246
0.039625
0.015050
0.024133
0.016765
0.015844
0.027872
0.056000
0.066078
0.021925
0.021307
0.030355
0.020803
0.033203
0.049293
0.038771
0.006702
0.033965
0.017142
0.016394
0.022969
0.014453
0.022257
0.012773
0.011546
0.022598
0.014862
0.029673
0.013483
0.033531
0.022641
0.027761
0.022401
0.016967
0.009825
0.027382
0.028589
0.042456
0.043864
0.017310
0.037457
0.036416
0.018652
0.051822
0.049727
0.045423
0.054950
0.047750
0.058834
0.054826
0.012987
0.032303
0.010294
0.028214
0.013775
0.029200
0.016374
0.029007
0.015675
0.027358
0.010136
0.018876
0.004538
0.010387
0.033386
0.008583
0.036107
0.026829
0.050407
0.042418
0.045772
0.018138
0.036059
0.028072
0.012738
0.018305
0.021073
0.026926
0.028350
0.015024
0.018849
0.045029
0.034540
0.029329
0.040614
0.029738
0.033976
0.010678
0.030536
0.041142
0.047376
0.014796
0.018308
0.054414
0.053625
0.074177
0.032151
0.032991
0.028401
0.022935
0.033715
0.024981
0.024793
0.036023
0.040154
0.020603
0.025152
0.024800
0.035482
0.035754
0.026696
0.019462
0.022553
0.012414
0.043617
0.010613
0.011450
0.021894
0.037048
0.013607
0.007895
0.013335
0.026575
0.048263
0.013313
0.002895
0.040834
0.014966
0.036948
0.011791
0.020904
0.026267
0.038639
0.034567
0.033474
0.054229
0.021770
0.034394
0.065666
0.025231
0.082996
0.081292
0.016075
0.042646
0.023149
0.055499
0.043108
0.037995
0.033444
0.008354
0.037715
0.042839
0.018584
0.012904
0.025418
0.009731
0.018319
0.019366
0.031977
0.024019
0.027114
0.013201
0.038408
0.016398
0.024245
0.027033
0.022301
0.048394
0.031289
0.015842
0.015449
0.040441
0.023269
0.046806
0.031825
0.006632
0.036428
0.005996
0.038660
0.010149
0.016268
0.018789
0.018529
0.018841
0.010154
0.012309
0.008479
0.066469
0.013151
0.014416
0.023303
0.045049
0.030229
0.022751
0.030263
0.038841
0.032314
0.016799
0.038788
0.025216
0.029374
0.022372
0.020646
0.017163
0.016938
0.033107
0.003631
0.034953
0.030056
0.028227
0.033167
0.047793
0.033248
0.013125
0.010221
0.036572
0.027885
0.015663
0.035096
0.016157
0.026793
0.007438
0.016949
0.008840
0.015804
0.018890
0.026493
0.014634
0.015058
0.053928
0.021763
0.029394
0.018407
0.008997
0.017266
0.014985
0.008291
0.029666
0.012368
0.022892
0.015749
0.013998
0.016516
0.016199
0.015204
0.026666
0.008622
0.014160
0.040684
0.029634
0.027785
0.035415
0.026091
0.037815
0.025775
0.019430
0.071990
0.014995
0.021343
0.037518
0.034406
0.030520
0.039478
0.010305
0.047070
0.025701
0.019583
0.037654
0.012078
0.017348
0.026138
0.030340
0.010147
0.015402
0.026279
0.024022
0.016900
0.010665
0.010861
0.005938
0.023284
0.013712
0.013061
0.011141
0.024326
0.024058
0.005999
0.008646
0.018671
0.037608
0.029038
0.013675
0.030705
0.018045
0.024049
0.035880
0.019144
0.013906
0.045308
0.021723
0.025489
0.050455
0.013883
0.019139
0.020454
0.035466
0.037202
0.025102
0.013329
0.060882
0.034986
0.016327
0.021928
0.052089
0.058136
0.064413
0.065401
0.081429
0.064264
0.073770
0.027308
0.037327
0.024406
0.047444
0.025352
0.011805
0.008073
0.015569
0.021076
0.028328
0.013638
0.025187
0.010114
0.016643
0.008503
0.030078
0.003471
0.015770
0.008133
0.016063
0.015489
0.015205
0.029848
0.021814
0.031202
0.015768
0.008538
0.041101
0.003803
0.009017
0.028533
0.040353
0.031121
0.019256
0.036396
0.012118
0.039517
0.040846
0.034226
0.041381
0.015335
0.053708
0.050584
0.007327
0.022545
0.019180
0.053530
0.046401
0.038939
0.035290
0.023595
0.044258
0.026052
0.044408
0.041428
0.023618
0.031699
0.019743
0.031443
0.037812
0.007535
0.025923
0.049647
0.025725
0.038446
0.024138
0.031961
0.040232
0.008581
0.025591
0.004775
0.011164
0.023020
0.034365
0.028077
0.017701
0.033438
0.016325
0.029304
0.021576
0.010744
0.019146
0.003081
0.009995
0.041688
0.015153
0.023044
0.026442
0.039777
0.034282
0.051810
0.031365
0.046074
0.040359
0.014760
0.023303
0.047068
0.030981
0.058708
0.022796
0.046539
0.031817
0.018836
0.010141
0.017686
0.037879
0.039869
0.042014
0.053261
0.008452
0.032559
0.033266
0.029697
0.021800
0.043597
0.028244
0.033305
0.015108
0.022869
0.031035
0.035367
0.028663
0.025760
0.015326
0.012164
0.008956
0.014207
0.038635
0.009835
0.011735
0.026520
0.016843
0.017656
0.012364
0.033054
0.028246
0.023918
0.027493
0.019815
0.043670
0.055765
0.037081
0.025014
0.032456
0.026232
0.029563
0.011652
0.006381
0.022162
0.027748
0.014682
0.054647
0.028331
0.018630
0.034959
0.025907
0.026407
0.013859
0.039403
0.026949
0.041474
0.019351
0.018675
0.015822
0.013161
0.037844
0.020391
0.012022
0.031522
0.023066
0.005661
0.038815
0.004632
0.015821
0.015889
0.020620
0.003863
0.030007
0.014275
0.008206
0.023112
0.028349
0.011228
0.014957
0.011221
0.029133
0.013549
0.027673
0.019020
0.018031
0.017119
0.022426
0.026105
0.019716
0.031295
0.026476
0.027978
0.012614
0.014189
0.028227
0.048247
0.012970
0.014052
0.019234
0.026717
0.012876
0.034500
0.032879
0.048064
0.049133
0.031702
0.021990
0.030658
0.024007
0.042271
0.010884
0.008115
0.026910
0.024182
0.012852
0.013656
0.011516
0.021031
0.011127
0.008586
0.025188
0.021571
0.030073
0.031075
0.024228
0.021243
0.006647
0.018941
0.019040
0.027881
0.019023
0.017803
0.028892
0.014360
0.022747
0.042286
0.028342
0.030188
0.014201
0.052878
0.021597
0.045610
0.021217
0.007300
0.015389
0.035677
0.032623
0.011374
0.015656
0.014323
0.017485
0.015983
0.033785
0.046117
0.007143
0.031730
0.040178
0.033686
0.025393
0.019660
0.017060
0.017374
0.011258
0.030007
0.014380
0.020400
0.033852
0.016860
0.025032
0.021344
0.034378
0.008634
0.016797
0.007313
0.017685
0.024505
0.009641
0.022418
0.015697
0.015507
0.023600
0.037201
0.023948
0.026425
0.007701
0.031718
0.017715
0.023324
0.023772
0.012789
0.028136
0.029001
0.022592
0.032034
0.024832
0.038166
0.006134
0.030572
0.007750
0.020191
0.026263
0.011117
0.013754
0.016280
0.013605
0.016564
0.021300
0.023432
0.029826
0.019315
0.019674
0.018517
0.031011
0.045805
0.019423
0.025022
0.029429
0.008781
0.035232
0.020050
0.036958
0.022417
0.037504
0.020851
0.011675
0.003080
0.043809
0.024641
0.016949
0.043689
0.031943
0.031114
0.032472
0.048222
0.023305
0.020226
0.052440
0.082879
0.073768
0.014755
0.029932
0.040952
0.022135
0.072179
0.043719
0.054829
0.013778
0.007514
0.013131
0.004166
0.025370
0.016468
0.011060
0.019840
0.016874
0.034686
0.023403
0.033746
0.038895
0.043597
0.023072
0.030614
0.027665
0.031525
0.048731
0.039921
0.023425
0.008718
0.006703
0.038862
0.043171
0.037872
0.040298
0.034236
0.014184
0.024749
0.020397
0.013907
0.020717
0.020571
0.028404
0.036889
0.019950
0.009506
0.041113
0.046298
0.025459
0.027736
0.012063
0.036341
0.033278
0.010913
0.017395
0.040410
0.017310
0.034795
0.018759
0.018302
0.013525
0.031472
0.019196
0.012362
0.003368
0.016624
0.010704
0.029561
0.025992
0.021499
0.019780
0.035142
0.027874
0.013910
0.020537
0.039256
0.023548
0.019017
0.013346
0.029564
0.035135
0.022809
0.031698
0.010151
0.017072
0.013644
0.047748
0.030805
0.024394
0.015016
0.005429
0.007803
0.026100
0.025698
0.021178
0.019295
0.030750
0.017339
0.011730
0.028636
0.030336
0.018839
0.009515
0.003143
0.041269
0.021416
0.034864
0.030684
0.036015
0.055328
0.038601
0.028678
0.066724
0.023356
0.052676
0.050633
0.038018
0.023993
0.016739
0.060505
0.029636
0.054551
0.048558
0.021428
0.025313
0.049262
0.020861
0.029806
0.022013
0.016408
0.016169
0.020408
0.016414
0.009176
0.027989
0.029685
0.024145
0.007458
0.010170
0.034650
0.024278
0.045735
0.009070
0.022952
0.011245
0.047694
0.021185
0.042029
0.023795
0.031011
0.021175
0.013853
0.054831
0.043109
0.042040
0.029612
0.054527
0.033158
0.030918
0.004332
0.032719
0.023394
0.022895
0.020921
0.016440
0.030829
0.027029
0.011011
0.027281
0.013047
0.040690
0.041856
0.017549
0.022548
0.027015
0.041038
0.035292
0.011953
0.008569
0.031214
0.031740
0.043779
0.038423
0.005922
0.010954
0.017331
0.011825
0.026972
0.039646
0.019258
0.009205
0.026315
0.005470
0.012623
0.015743
0.009689
0.035490
0.009583
0.016616
0.025015
0.018217
0.019520
0.036740
0.042327
0.029886
0.007672
0.003379
0.034043
0.054516
0.005159
0.034042
0.029547
0.028717
0.050890
0.043644
0.024855
0.023955
0.034328
0.031851
0.032270
0.021118
0.029885
0.049467
0.013059
0.011485
0.050733
0.018620
0.053709
0.034496
0.023464
0.026574
0.034396
0.011220
0.006075
0.012277
0.053115
0.047792
0.039127
0.013529
0.004886
0.017071
0.031744
0.006496
0.023926
0.029712
0.021383
0.021288
0.012333
0.021409
0.017738
0.023936
0.001265
0.021916
0.021109
0.027293
0.043772
0.027414
0.025884
0.007227
0.038268
0.009357
0.029434
0.013748
0.028662
0.016663
0.042136
0.029075
0.032540
0.005552
0.045370
0.036965
0.034435
0.039568
0.036465
0.036468
0.018572
0.027174
0.034658
0.045989
0.032974
0.042367
0.016985
0.011712
0.024422
0.019388
0.012782
0.055452
0.034069
0.017280
0.028564
0.024037
0.017542
0.013317
0.025034
0.040170
0.053239
0.038281
0.035343
0.019750
0.025299
0.024111
0.022011
0.048711
0.005630
0.064025
0.028090
0.038907
0.037228
0.029165
0.027492
0.038976
0.013567
0.020761
0.041188
0.046825
0.031587
0.028280
0.024650
0.022317
0.017072
0.044381
0.036217
0.024763
0.025432
0.023126
0.026582
0.019679
0.020542
0.045675
0.015214
0.037046
0.024030
0.037263
0.051562
0.029668
0.025641
0.036253
0.022553
0.032015
0.029337
0.039367
0.011932
0.020885
0.010365
0.027446
0.027047
0.016978
0.015649
0.008597
0.018670
0.044534
0.034809
0.023919
0.023102
0.012490
0.020674
0.024319
0.030991
0.030264
0.007255
0.032550
0.011303
0.025259
0.014376
0.044004
0.011814
0.034305
0.010153
0.033000
0.016836
0.006868
0.001943
0.026301
0.040921
0.024551
0.018067
0.009350
0.013420
0.007618
0.009081
0.009578
0.026789
0.025823
0.020446
0.018243
0.029373
0.031979
0.025964
0.010170
0.033953
0.011973
0.048508
0.033999
0.043115
0.022471
0.027271
0.050404
0.047090
0.011878
0.037143
0.018776
0.045448
0.015359
0.016222
0.015943
0.033217
0.012237
0.017295
0.008941
0.007705
0.012013
0.012607
0.015682
0.022784
0.012649
0.016449
0.021104
0.017866
0.022673
0.024161
0.023305
0.051708
0.024615
0.013811
0.010654
0.020848
0.040694
0.010965
0.033426
0.030290
0.026673
0.017010
0.019103
0.042152
0.021908
0.018257
0.040343
0.017120
0.025133
0.036605
0.012988
0.010084
0.006010
0.010594
0.005926
0.015427
0.039464
0.024138
0.024058
0.030132
0.028064
0.014428
0.048413
0.023872
0.033961
0.023259
0.039367
0.020898
0.040537
0.037089
0.044167
0.021149
0.019345
0.038128
0.030857
0.029425
0.015536
0.021479
0.030457
0.032810
0.017066
0.030803
0.037934
0.026219
0.039198
0.018328
0.026188
0.037904
0.025901
0.022836
0.031989
0.023606
0.044943
0.035011
0.023211
0.019178
0.006177
0.024057
0.032837
0.019181
0.010195
0.024526
0.021732
0.018684
0.009874
0.051595
0.017140
0.034035
0.034186
0.012323
0.042389
0.010669
0.033722
0.034820
0.012853
0.029321
0.012325
0.018348
0.020747
0.020545
0.003361
0.032238
0.003535
0.012095
0.024233
0.043850
0.019560
0.012608
0.032447
0.025803
0.029373
0.028966
0.016094
0.016427
0.024315
0.017205
0.023790
0.024526
0.006846
0.014084
0.006765
0.025124
0.015899
0.036095
0.037526
0.051492
0.015519
0.021443
0.045330
0.008645
0.035413
0.006077
0.006742
0.019273
0.016503
0.046695
0.037923
0.022906
0.010139
0.024944
0.015759
0.021231
0.038368
0.010004
0.003385
0.024727
0.017379
0.024713
0.030872
0.028053
0.025197
0.033322
0.052903
0.025710
0.026302
0.042835
0.007934
0.044104
0.023925
0.031822
0.016361
0.015850
0.018114
0.015980
0.009823
0.035162
0.059798
0.024986
0.009013
0.034488
0.032059
0.002618
0.006662
0.013381
0.016982
0.033377
0.021437
0.028442
0.032383
0.023408
0.011307
0.017670
0.032827
0.030525
0.049160
0.007560
0.013113
0.045373
0.026573
0.017776
0.015214
0.006192
0.039129
0.006678
0.036042
0.021651
0.027279
0.035423
0.031713
0.007347
0.021202
0.021581
0.020428
0.023393
0.019045
0.012574
0.011106
0.024769
0.012317
0.020162
0.009342
0.038664
0.021330
0.028645
0.027676
0.017675
0.040074
0.032932
0.047639
0.031454
0.041928
0.021426
0.035857
0.025193
0.003727
0.030389
0.028216
0.037805
0.045231
0.022579
0.045463
0.038243
0.020862
0.030488
0.030890
0.042574
0.031815
0.027575
0.029001
0.028500
0.026803
0.023369
0.044865
0.033289
0.040794
0.055726
0.018489
0.022941
0.039963
0.023294
0.024397
0.014330
0.009283
0.019215
0.023266
0.035346
0.021517
0.018521
0.007945
0.032572
0.019764
0.014302
0.006382
0.014027
0.003657
0.020347
0.029059
0.024843
0.021549
0.027389
0.020087
0.029242
0.021006
0.024127
0.019571
0.041265
0.021866
0.044116
0.024465
0.030826
0.033605
0.027111
0.044915
0.016751
0.031300
0.021200
0.023809
0.026251
0.021523
0.015977
0.013591
0.038727
0.020683
0.019917
0.006610
0.044875
0.032105
0.008481
0.020130
0.050504
0.004380
0.027822
0.029873
0.026811
0.027840
0.048897
0.010043
0.031069
0.018273
0.038950
0.030090
0.046355
0.052206
0.054250
0.022812
0.042908
0.047373
0.006506
0.010899
0.028930
0.042482
0.021605
0.015213
0.031525
0.032758
0.050222
0.031342
0.032483
0.022784
0.032746
0.033165
0.044945
0.007778
0.029679
0.027866
0.048491
0.026984
0.035731
0.028632
0.026904
0.016855
0.015085
0.040974
0.019734
0.011566
0.024263
0.015153
0.035619
0.025370
0.028549
0.014326
0.046311
0.035400
0.004056
0.012908
0.029103
0.016768
0.020159
0.019575
0.021948
0.027839
0.010854
0.013890
0.035520
0.019520
0.025829
0.022232
0.025474
0.013348
0.048974
0.017551
0.029000
0.013907
0.023437
0.042801
0.029773
0.045766
0.013419
0.054242
0.016816
0.039198
0.013508
0.016775
0.045467
0.009896
0.032023
0.015010
0.049313
0.041410
0.017905
0.020216
0.022967
0.019358
0.023556
0.011054
0.030789
0.013360
0.022654
0.036848
0.015730
0.049201
0.025461
0.014263
0.024560
0.034171
0.002472
0.022419
0.015556
0.023948
0.025886
0.029482
0.009317
0.030787
0.019716
0.006268
0.026378
0.038730
0.021315
0.003172
0.008961
0.011449
0.033733
0.022605
0.020508
0.025822
0.004247
0.022562
0.023315
0.018098
0.015693
0.017731
0.009516
0.039320
0.018346
0.017474
0.037778
0.007531
0.021673
0.052462
0.041396
0.032226
0.017682
0.034716
0.034038
0.032835
0.046112
0.005729
0.016740
0.018670
0.025231
0.005909
0.024888
0.019525
0.005465
0.015129
0.020498
0.010597
0.032274
0.018835
0.023809
0.036296
0.028329
0.008371
0.005118
0.015852
0.018459
0.036605
0.034902
0.031789
0.011207
0.030735
0.038613
0.021119
0.021591
0.044829
0.040774
0.033079
0.041051
0.045471
0.038181
0.035845
0.013291
0.014111
0.027958
0.007696
0.011706
0.027319
0.025297
0.033369
0.010958
0.041629
0.010714
0.030718
0.060043
0.006844
0.018064
0.014860
0.019581
0.042110
0.023340
0.050847
0.037480
0.050786
0.018029
0.053793
0.027868
0.036529
0.040867
0.030153
0.052882
0.038955
0.030561
0.021727
0.025308
0.011192
0.026292
0.026335
0.024848
0.014449
0.014467
0.021206
0.016200
0.024036
0.008999
0.013409
0.031642
0.025673
0.010002
0.025989
0.024042
0.013682
0.007238
0.003713
0.010982
0.018172
0.014625
0.048998
0.022762
0.025653
0.033465
0.024046
0.010618
0.027474
0.029211
0.028638
0.040403
0.015542
0.025536
0.010143
0.037943
0.014815
0.029828
0.034799
0.046984
0.043555
0.027305
0.041588
0.012751
0.023799
0.005260
0.023814
0.005884
0.031686
0.051819
0.010675
0.018753
0.032035
0.021754
0.024702
0.024627
0.027264
0.026052
0.015518
0.016439
0.008608
0.040998
0.030582
0.008032
0.045062
0.038672
0.020065
0.024281
0.008870
0.026287
0.006847
0.029230
0.003214
0.008021
0.027645
0.023164
0.015583
0.017341
0.021422
0.016967
0.019653
0.012863
0.019452
0.035803
0.022959
0.023287
0.033295
0.018529
0.020804
0.040475
0.026490
0.006864
0.017601
0.008200
0.017351
0.036111
0.056672
0.040744
0.031034
0.020151
0.054829
0.052053
0.009711
0.032730
0.026894
0.013320
0.016349
0.030936
0.028815
0.023824
0.013541
0.010506
0.007761
0.017389
0.021454
0.008887
0.027367
0.036847
0.034060
0.016743
0.026259
0.024865
0.039038
0.027267
0.030674
0.015706
0.020297
0.022248
0.006144
0.030021
0.034561
0.021522
0.040363
0.059987
0.069396
0.053609
0.056259
0.051593
0.039111
0.032186
0.029503
0.021669
0.010617
0.017884
0.030196
0.018006
0.043237
0.017759
0.004765
0.029465
0.009597
0.024873
0.041555
0.016168
0.021443
0.014182
0.010501
0.045268
0.041509
0.009338
0.007524
0.029155
0.030903
0.030318
0.039369
0.026826
0.015847
0.028840
0.047982
0.037957
0.010254
0.019923
0.021814
0.043756
0.023441
0.009576
0.026802
0.008278
0.032275
0.026065
0.030633
0.016226
0.022899
0.023377
0.007282
0.015060
0.022610
0.039656
0.041960
0.041783
0.033749
0.028264
0.034407
0.029577
0.037666
0.020482
0.042950
0.007043
0.046911
0.021020
0.034300
0.036599
0.045531
0.030449
0.031565
0.041270
0.023477
0.021233
0.022344
0.018922
0.028259
0.034003
0.057768
0.032200
0.028646
0.046401
0.039436
0.007131
0.026450
0.036723
0.044816
0.028234
0.042001
0.011996
0.016882
0.028203
0.025961
0.024741
0.011147
0.022541
0.016939
0.028479
0.009424
0.033247
0.039023
0.035355
0.051371
0.012354
0.024759
0.024441
0.047379
0.023863
0.031695
0.019772
0.031630
0.042221
0.022215
0.022470
0.025455
0.002299
0.003635
0.023440
0.002228
0.016928
0.033613
0.005757
0.021842
0.021226
0.038969
0.025172
0.044327
0.025952
0.044313
0.033124
0.008962
0.016924
0.031618
0.027198
0.023682
0.036801
0.018235
0.040442
0.026537
0.018907
0.036302
0.016925
0.041809
0.046246
0.023607
0.041845
0.023592
0.016395
0.009259
0.014691
0.036985
0.027189
0.031192
0.016515
0.015985
0.029795
0.016045
0.031432
0.032142
0.028084
0.031279
0.009590
0.037027
0.020404
0.017272
0.030387
0.007179
0.021894
0.026260
0.028579
0.004170
0.011076
0.036891
0.012591
0.018329
0.020966
0.056375
0.054807
0.010315
0.021816
0.024621
0.019848
0.020326
0.026866
0.036043
0.027711
0.053522
0.030573
0.027096
0.068266
0.016187
0.023564
0.038971
0.032043
0.013883
0.029189
0.021824
0.015587
0.028869
0.033068
0.052852
0.039357
0.029861
0.017064
0.024529
0.035728
0.029442
0.019600
0.040027
0.004670
0.017360
0.017863
0.014229
0.038004
0.048708
0.009967
0.055276
0.011741
0.026141
0.029543
0.014762
0.024998
0.029148
0.042273
0.041962
0.039024
0.068013
0.041492
0.011759
0.039727
0.037539
0.030286
0.018585
0.019818
0.019420
0.041901
0.005031
0.046119
0.031501
0.037566
0.065301
0.013928
0.030238
0.009735
0.034196
0.018480
0.013179
0.054396
0.018504
0.031732
0.005787
0.042810
0.019295
0.023695
0.037132
0.005179
0.026486
0.006923
0.040574
0.012364
0.015783
0.044766
0.028646
0.023255
0.010881
0.023290
0.019178
0.032323
0.004598
0.020946
0.036708
0.022997
0.050895
0.015879
0.020116
0.016941
0.053435
0.016118
0.050790
0.037252
0.033600
0.023544
0.037563
0.026251
0.018403
0.021685
0.024182
0.020400
0.027035
0.023114
0.029291
0.008896
0.032728
0.021217
0.015204
0.034533
0.012511
0.029295
0.014120
0.033336
0.019193
0.021240
0.010012
0.004462
0.015367
0.031545
0.034311
0.009181
0.047633
0.025691
0.014257
0.029348
0.020883
0.039514
0.021334
0.021311
0.045253
0.029253
0.031677
0.027227
0.043260
0.015650
0.030948
0.010092
0.024723
0.027569
0.024086
0.048919
0.030741
0.027548
0.017107
0.012068
0.011790
0.006720
0.042921
0.015021
0.043676
0.031378
0.026460
0.022284
0.036535
0.024351
0.008108
0.027219
0.031224
0.026095
0.031168
0.037565
0.014540
0.036830
0.033804
0.042178
0.032349
0.032988
0.040570
0.037239
0.014660
0.033946
0.030456
0.014653
0.037164
0.036681
0.038252
0.025149
0.041091
0.047024
0.013771
0.011263
0.045247
0.011406
0.007611
0.018130
0.015541
0.016008
0.025988
0.040306
0.050295
0.044223
0.056411
0.041645
0.033064
0.038217
0.037123
0.034697
0.050077
0.015404
0.021878
0.008761
0.032701
0.011712
0.023623
0.004496
0.004196
0.009961
0.023618
0.009917
0.014570
0.026418
0.016839
0.005294
0.004749
0.016493
0.021847
0.026813
0.043124
0.032459
0.035116
0.056822
0.041053
0.035676
0.031570
0.018866
0.023504
0.070362
0.021453
0.042559
0.047508
0.023677
0.034060
0.043521
0.038870
0.037449
0.016467
0.032752
0.037936
0.011733
0.035904
0.005979
0.019053
0.041916
0.037113
0.030192
0.021781
0.041882
0.029577
0.026548
0.041324
0.009111
0.047084
0.035002
0.015530
0.038607
0.028388
0.022357
0.053401
0.036932
0.022264
0.023404
0.031014
0.014360
0.014625
0.010021
0.027788
0.012328
0.039444
0.036278
0.025042
0.029730
0.008395
0.013903
0.019886
0.022861
0.030795
0.035766
0.023417
0.055263
0.025882
0.036089
0.030602
0.049626
0.003894
0.015753
0.016400
0.006167
0.039577
0.035220
0.021953
0.024066
0.034581
0.033281
0.021957
0.027640
0.024969
0.014287
0.007038
0.022444
0.042120
0.019377
0.020852
0.020742
0.027593
0.012282
0.015902
0.012523
0.016903
0.011929
0.045248
0.029286
0.029134
0.039686
0.039649
0.025537
0.019905
0.036398
0.017979
0.012679
0.039763
0.017545
0.024180
0.042140
0.020848
0.034403
0.044039
0.020755
0.039159
0.018884
0.010602
0.018240
0.010201
0.023253
0.034425
0.017939
0.008824
0.013294
0.017866
0.017846
0.023979
0.027268
0.036234
0.027456
0.028562
0.012571
0.031945
0.034809
0.036644
0.001217
0.025519
0.002668
0.009192
0.006571
0.015897
0.027839
0.008316
0.011841
0.007073
0.038329
0.023814
0.019545
0.012933
0.037073
0.043978
0.010656
0.034129
0.038210
0.040197
0.023625
0.007052
0.024507
0.030312
0.016370
0.022396
0.019306
0.024762
0.017634
0.029226
0.010892
0.033504
0.037128
0.022185
0.005817
0.023846
0.012829
0.034047
0.025860
0.050214
0.022591
0.013128
0.004464
0.007105
0.009530
0.015326
0.034473
0.030411
0.005512
0.006282
0.028789
0.015051
0.010097
0.012942
0.037949
0.015337
0.040068
0.059008
0.027628
0.020704
0.018537
0.033564
0.049189
0.008291
0.037514
0.017158
0.033506
0.023997
0.035734
0.019951
0.045282
0.066084
0.041017
0.011371
0.024208
0.028181
0.014181
0.007693
0.012339
0.020846
0.038745
0.015020
0.001848
0.023037
0.033576
0.010225
0.021843
0.020511
0.008144
0.008136
0.050130
0.011982
0.034419
0.031732
0.024639
0.029689
0.009298
0.030607
0.010435
0.007541
0.032076
0.042128
0.010960
0.008499
0.045276
0.021342
0.011914
0.040453
0.045404
0.012955
0.018121
0.035967
0.052884
0.023459
0.024352
0.012868
0.026033
0.034713
0.019207
0.041849
0.046830
0.020491
0.032928
0.053550
0.066557
0.028320
0.038476
0.043255
0.065698
0.046843
0.042359
0.032915
0.050982
0.040486
0.028799
0.024151
0.017711
0.037553
0.029020
0.024731
0.032986
0.009207
0.020551
0.021667
0.020275
0.028017
0.018085
0.018036
0.051258
0.009140
0.014420
0.042901
0.024872
0.041591
0.020815
0.040914
0.024193
0.036348
0.029919
0.052639
0.022894
0.041072
0.036661
0.032998
0.045676
0.028275
0.023730
0.028325
0.030476
0.007007
0.037519
0.039813
0.026035
0.030857
0.044568
0.012381
0.034288
0.015515
0.012695
0.006836
0.026255
0.012345
0.025716
0.044972
0.015830
0.010970
0.024528
0.027743
0.009881
0.026395
0.015353
0.042846
0.023341
0.046926
0.030292
0.002293
0.012197
0.014362
0.004946
0.021193
0.019505
0.014442
0.016899
0.024430
0.010300
0.018470
0.028489
0.031674
0.022769
0.026548
0.014276
0.031046
0.027300
0.033106
0.030357
0.020858
0.029995
0.025468
0.018890
0.029819
0.006818
0.040258
0.032438
0.007975
0.009477
0.010214
0.012328
0.023176
0.021337
0.012107
0.024581
0.032126
0.013882
0.011441
0.026673
0.017902
0.015612
0.006985
0.038152
0.018536
0.020354
0.030413
0.038477
0.042715
0.038844
0.016592
0.038582
0.035477
0.010659
0.043429
0.008608
0.029439
0.013820
0.037337
0.030540
0.011047
0.030846
0.028341
0.012582
0.026835
0.010717
0.010287
0.020405
0.025585
0.035268
0.025977
0.044485
0.038049
0.021645
0.026162
0.029672
0.049697
0.043970
0.050119
0.017279
0.053160
0.015691
0.028073
0.023296
0.016791
0.034301
0.038227
0.036297
0.022440
0.017516
0.015989
0.026757
0.034332
0.038842
0.049859
0.021487
0.045620
0.027442
0.020336
0.012630
0.017577
0.023089
0.029000
0.028907
0.049979
0.013068
0.023708
0.020955
0.019094
0.026371
0.032391
0.017876
0.024892
0.019094
0.008434
0.011831
0.025835
0.024354
0.008306
0.025816
0.018072
0.019865
0.025094
0.026832
0.033266
0.010194
0.022324
0.023583
0.012280
0.008698
0.009205
0.034870
0.023196
0.049387
0.036791
0.037847
0.038611
0.050517
0.025076
0.037004
0.033538
0.022382
0.018125
0.048131
0.042815
0.012786
0.051557
0.039252
0.054506
0.008931
0.044732
0.046637
0.037514
0.028838
0.019901
0.053886
0.049959
0.029231
0.012706
0.022903
0.024730
0.044449
0.045496
0.041822
0.021746
0.008715
0.033643
0.029727
0.039993
0.030550
0.033488
0.025605
0.047222
0.029444
0.022131
0.021328
0.015831
0.018134
0.038332
0.008965
0.021868
0.024687
0.017721
0.017164
0.011502
0.007418
0.025248
0.013311
0.013181
0.007381
0.032422
0.033613
0.034392
0.034766
0.038636
0.046354
0.006828
0.030012
0.030653
0.028608
0.021717
0.027766
0.046485
0.045941
0.047382
0.027517
0.017990
0.030242
0.026706
0.015562
0.014324
0.013370
0.040191
0.018537
0.012253
0.025277
0.015139
0.037553
0.032074
0.024775
0.033812
0.004400
0.013711
0.016607
0.014111
0.031381
0.018843
0.040652
0.019044
0.037225
0.026431
0.028263
0.011412
0.011215
0.035633
0.018959
0.026689
0.015111
0.050826
0.018454
0.022644
0.006384
0.026357
0.021486
0.039220
0.032144
0.037705
0.025664
0.025976
0.019216
0.040100
0.006927
0.014532
0.016033
0.019632
0.028272
0.013314
0.034454
0.009368
0.026359
0.011065
0.018041
0.008342
0.011772
0.023828
0.032588
0.027308
0.011019
0.022801
0.033359
0.034821
0.056459
0.042890
0.044500
0.049773
0.009470
0.018100
0.017007
0.022417
0.039886
0.003722
0.017302
0.002602
0.016192
0.031613
0.019160
0.006124
0.006392
0.013832
0.029966
0.014797
0.010873
0.037861
0.043939
0.017498
0.028958
0.021740
0.009071
0.020606
0.015728
0.016698
0.034369
0.021120
0.008869
0.009790
0.036306
0.025125
0.029951
0.010970
0.033813
0.036389
0.008166
0.014853
0.040908
0.051318
0.011830
0.030611
0.041969
0.032983
0.033326
0.024756
0.049662
0.031640
0.034262
0.033001
0.042688
0.044627
0.023370
0.038935
0.040537
0.021550
0.025946
0.024153
0.019256
0.036040
0.013872
0.038682
0.033827
0.031102
0.011735
0.039492
0.035891
0.030946
0.017310
0.019591
0.020360
0.044224
0.004894
0.048332
0.032396
0.037492
0.012785
0.017100
0.011934
0.034339
0.018522
0.013411
0.021290
0.032431
0.007886
0.036609
0.040156
0.026834
0.007003
0.038542
0.012538
0.016896
0.041823
0.010931
0.017133
0.027567
0.022936
0.014311
0.024048
0.009671
0.025208
0.019669
0.031049
0.003826
0.025765
0.015849
0.022218
0.022099
0.014765
0.052808
0.018515
0.025652
0.037046
0.044711
0.032554
0.022855
0.007657
0.037129
0.036600
0.025521
0.018240
0.026570
0.024214
0.019578
0.019293
0.010599
0.011462
0.004382
0.019277
0.031335
0.016127
0.016630
0.021773
0.033516
0.006764
0.049140
0.011672
0.027446
0.008007
0.018563
0.027396
0.042317
0.019252
0.006840
0.027925
0.059016
0.041680
0.035645
0.024282
0.029186
0.058727
0.010084
0.016812
0.074449
0.047906
0.028018
0.007681
0.035591
0.024802
0.014145
0.012043
0.026749
0.022715
0.013180
0.015122
0.027305
0.020820
0.003595
0.002661
0.015702
0.037147
0.009728
0.003649
0.025603
0.024169
0.014080
0.039387
0.018082
0.014969
0.033544
0.026254
0.012265
0.019815
0.041739
0.039532
0.029552
0.031436
0.033421
0.029831
0.025012
0.036934
0.016554
0.014113
0.024363
0.023445
0.006732
0.027545
0.020075
0.018051
0.031692
0.015473
0.045757
0.012063
0.035397
0.021282
0.024578
0.020773
0.037387
0.044163
0.025999
0.036924
0.032661
0.030967
0.030139
0.014444
0.048696
0.028847
0.026655
0.031955
0.009212
0.012462
0.018999
0.031839
0.032340
0.018332
0.010716
0.019037
0.006577
0.027620
0.039079
0.041195
0.021883
0.027645
0.041420
0.022452
0.031080
0.010333
0.012863
0.007315
0.013685
0.024398
0.042911
0.039566
0.038949
0.006675
0.042256
0.035466
0.017329
0.035148
0.010423
0.015520
0.027578
0.033478
0.027951
0.016650
0.039980
0.020089
0.018430
0.010480
0.025831
0.041928
0.031173
0.010498
0.019826
0.032587
0.011352
0.018966
0.006577
0.028177
0.005769
0.005339
0.000380
0.010082
0.012762
0.019876
0.022562
0.011080
0.012349
0.019476
0.009392
0.032031
0.009974
0.046721
0.024342
0.046949
0.026904
0.017836
0.030153
0.030482
0.041162
0.007330
0.003868
0.040053
0.024340
0.016447
0.021612
0.016235
0.007470
0.007296
0.017261
0.014940
0.001958
0.018550
0.026607
0.028940
0.026585
0.017954
0.015686
0.015320
0.022245
0.019539
0.022204
0.056966
0.034340
0.027320
0.042255
0.025395
0.032931
0.058979
0.026385
0.042139
0.035509
0.053377
0.029613
0.039177
0.012591
0.043535
0.024288
0.017174
0.024640
0.030992
0.038372
0.013504
0.017727
0.011669
0.032248
0.007367
0.025757
0.013360
0.018279
0.007028
0.012301
0.016041
0.025147
0.017066
0.012093
0.004226
0.008524
0.038175
0.011438
0.023759
0.014425
0.018825
0.016950
0.012836
0.012157
0.017126
0.015607
0.007723
0.014159
0.028479
0.007448
0.018234
0.024395
0.008970
0.025672
0.026392
0.038418
0.024244
0.009893
0.017740
0.006496
0.020032
0.003031
0.013570
0.031275
0.024343
0.008190
0.004867
0.013650
0.022704
0.010513
0.007771
0.024521
0.022263
0.015608
0.040544
0.016791
0.030177
0.013684
0.026121
0.020616
0.007010
0.016074
0.015732
0.016586
0.029692
0.024023
0.028853
0.010743
0.031444
0.033729
0.008238
0.013602
0.041928
0.040384
0.042939
0.047470
0.011463
0.031477
0.051348
0.039132
0.031754
0.032088
0.021860
0.031143
0.034376
0.039903
0.028272
0.022809
0.052225
0.037091
0.040612
0.041752
0.024376
0.025721
0.036075
0.012600
0.012264
0.039728
0.034797
0.032272
0.036940
0.020606
0.032015
0.014845
0.005830
0.007886
0.019800
0.022778
0.023109
0.009934
0.031893
0.022773
0.024159
0.011297
0.027064
0.016353
0.032136
0.060906
0.042762
0.046496
0.036505
0.020826
0.025896
0.020929
0.037307
0.035460
0.029948
0.013155
0.043168
0.023647
0.022609
0.030227
0.047330
0.020657
0.020922
0.023786
0.020163
0.007908
0.017157
0.020138
0.006520
0.030116
0.041561
0.055741
0.016283
0.026564
0.011661
0.036081
0.023477
0.013719
0.004637
0.012003
0.026071
0.022238
0.027575
0.038061
0.039729
0.034661
0.020096
0.039342
0.044633
0.007984
0.026803
0.031488
0.030591
0.034154
0.015326
0.013673
0.017493
0.039230
0.022795
0.032038
0.010925
0.012438
0.019604
0.030310
0.042148
0.045396
0.028766
0.015072
0.023310
0.011755
0.014857
0.009983
0.009613
0.004672
0.017659
0.047894
0.007425
0.040798
0.035443
0.038067
0.020129
0.047130
0.024974
0.004849
0.023265
0.029328
0.035409
0.024429
0.007232
0.011472
0.030406
0.063065
0.022469
0.037130
0.018464
0.051007
0.029177
0.019809
0.016367
0.029892
0.017498
0.014429
0.023595
0.046143
0.010797
0.012261
0.022191
0.004930
0.022438
0.039525
0.012896
0.008385
0.040477
0.026616
0.015083
0.019636
0.022528
0.018058
0.039646
0.048631
0.040302
0.053038
0.031987
0.007353
0.009494
0.012562
0.029273
0.019328
0.025072
0.029696
0.016667
0.009717
0.010733
0.013058
0.021056
0.023400
0.017281
0.034715
0.012013
0.047483
0.023177
0.015682
0.023952
0.026195
0.017126
0.032956
0.011289
0.022319
0.039375
0.009937
0.039834
0.036401
0.024179
0.014016
0.018633
0.021125
0.013900
0.016430
0.034422
0.028101
0.003545
0.026647
0.013109
0.028282
0.017681
0.006636
0.041766
0.010436
0.019595
0.018723
0.016004
0.015393
0.017866
0.048255
0.023943
0.031663
0.034504
0.011352
0.042308
0.036067
0.010634
0.023517
0.039216
0.028320
0.017907
0.019845
0.035376
0.007459
0.011028
0.012030
0.025863
0.019642
0.020482
0.017438
0.026874
0.025621
0.018007
0.015941
0.005740
0.026595
0.026797
0.014040
0.015350
0.004310
0.007340
0.025063
0.032788
0.013352
0.009610
0.006223
0.009845
0.037969
0.036345
0.031536
0.020272
0.015267
0.016432
0.051474
0.042479
0.019954
0.005914
0.008562
0.053336
0.021627
0.010013
0.018472
0.022361
0.052837
0.008170
0.059029
0.024156
0.030122
0.046333
0.011314
0.040916
0.052876
0.036796
0.043982
0.014094
0.035589
0.018669
0.010019
0.031237
0.035270
0.028998
0.035227
0.019891
0.015208
0.029172
0.048068
0.024479
0.023350
0.053379
0.049513
0.018051
0.049832
0.024318
0.021172
0.020664
0.018047
0.014564
0.041577
0.030037
0.017459
0.007585
0.013326
0.023166
0.024832
0.006662
0.033535
0.015742
0.029868
0.010696
0.022402
0.037383
0.033511
0.056880
0.030445
0.019137
0.030290
0.014919
0.033994
0.033107
0.029312
0.028151
0.051228
0.060338
0.022263
0.022097
0.028129
0.026472
0.017549
0.014759
0.008754
0.018137
0.019018
0.021718
0.021948
0.020820
0.012851
0.021621
0.011781
0.038271
0.034503
0.010480
0.036748
0.036326
0.022668
0.012892
0.034359
0.012051
0.018434
0.021761
0.040385
0.026413
0.025584
0.025268
0.012121
0.068077
0.025934
0.075611
0.028658
0.026148
0.046732
0.036282
0.058043
0.022834
0.052240
0.028689
0.025579
0.021157
0.027961
0.024609
0.016251
0.020431
0.022355
0.015622
0.037521
0.028389
0.052249
0.028387
0.019863
0.018931
0.033580
0.029342
0.021059
0.022827
0.019449
0.015079
0.019226
0.010236
0.026170
0.025771
0.006677
0.005019
0.028160
0.009225
0.014465
0.012499
0.011006
0.025335
0.007586
0.043875
0.038771
0.003451
0.002648
0.018865
0.039912
0.019082
0.026147
0.005305
0.019468
0.028398
0.027886
0.016910
0.023598
0.012689
0.010295
0.020804
0.040485
0.044362
0.005706
0.025769
0.027521
0.020577
0.028979
0.014135
0.020089
0.011268
0.029194
0.043754
0.022366
0.022683
0.012482
0.041610
0.026397
0.023857
0.033268
0.006326
0.003983
0.047688
0.009488
0.051459
0.044898
0.036248
0.047447
0.033658
0.012304
0.007777
0.023447
0.025602
0.012618
0.011890
0.009999
0.040819
0.036600
0.016122
0.026805
0.034122
0.049234
0.033865
0.043074
0.017861
0.046189
0.033568
0.045535
0.025102
0.067222
0.032538
0.031005
0.049862
0.064076
0.019280
0.014910
0.026920
0.027008
0.020444
0.039303
0.033658
0.035414
0.027535
0.029842
0.030714
0.027262
0.016478
0.024673
0.008159
0.025008
0.016083
0.010914
0.030279
0.014055
0.023351
0.022200
0.017209
0.031712
0.024974
0.018191
0.053909
0.029522
0.044856
0.031942
0.022949
0.028579
0.019460
0.017022
0.029455
0.014407
0.061196
0.055698
0.058588
0.043450
0.029874
0.031602
0.017052
0.014303
0.055076
0.022719
0.045895
0.011214
0.012353
0.021753
0.005959
0.019407
0.037880
0.034485
0.012649
0.007645
0.038550
0.025141
0.015313
0.017128
0.020329
0.017159
0.037145
0.011524
0.048124
0.032741
0.008021
0.006993
0.012430
0.028399
0.019536
0.024866
0.025403
0.016809
0.011943
0.010939
0.035148
0.013573
0.020768
0.027743
0.017054
0.034550
0.009700
0.046526
0.020350
0.016407
0.024179
0.025999
0.019192
0.021975
0.049073
0.017955
0.051146
0.011829
0.043141
0.036514
0.018882
0.040001
0.008754
0.014885
0.015283
0.027110
0.023419
0.005871
0.025029
0.022219
0.014137
0.017274
0.003264
0.011496
0.032994
0.018602
0.005568
0.009201
0.009534
0.011118
0.014057
0.033767
0.026027
0.038227
0.008438
0.036045
0.060598
0.019648
0.032856
0.025705
0.016248
0.009776
0.015626
0.039161
0.008566
0.042667
0.009026
0.008760
0.061752
0.011987
0.016950
0.049779
0.006666
0.055717
0.040073
0.024323
0.033525
0.019241
0.002002
0.022183
0.027603
0.027660
0.020084
0.010484
0.049996
0.032165
0.022434
0.049015
0.020164
0.013249
0.009869
0.043366
0.041354
0.028397
0.015142
0.030584
0.038283
0.010895
0.037519
0.021721
0.002657
0.007456
0.021371
0.018784
0.029158
0.016934
0.011237
0.033100
0.014122
0.022249
0.017472
0.020083
0.016898
0.015118
0.025200
0.028405
0.020834
0.004898
0.039040
0.020129
0.033644
0.011609
0.019608
0.026297
0.040091
0.045761
0.026071
0.042785
0.016344
0.030848
0.020743
0.022566
0.030679
0.026038
0.048936
0.058299
0.012121
0.015692
0.024537
0.034791
0.018242
0.029320
0.021959
0.008930
0.027895
0.008758
0.017117
0.030090
0.011456
0.002577
0.020435
0.015839
0.027356
0.036434
0.052951
0.073642
0.052829
0.059898
0.082703
0.030994
0.052629
0.030184
0.019334
0.003071
0.023036
0.036142
0.038276
0.022980
0.039016
0.004515
0.002336
0.009544
0.018809
0.010885
0.014950
0.025456
0.018784
0.012742
0.013548
0.024910
0.015720
0.025432
0.021418
0.029601
0.016670
0.024899
0.011657
0.028706
0.033368
0.012068
0.015147
0.011962
0.031002
0.020511
0.048123
0.026354
0.008323
0.048020
0.025200
0.034969
0.021796
0.031908
0.028557
0.031375
0.028990
0.019271
0.004055
0.020224
0.021988
0.018067
0.013131
0.011793
0.019756
0.013967
0.012382
0.031701
0.023927
0.036301
0.024145
0.021433
0.015181
0.018839
0.003778
0.017371
0.019176
0.009166
0.066334
0.019637
0.016855
0.031443
0.036290
0.011262
0.010710
0.017236
0.018184
0.048286
0.015664
0.007014
0.033453
0.031493
0.014340
0.017694
0.036963
0.027599
0.030940
0.018428
0.011507
0.028719
0.031433
0.013340
0.045120
0.050659
0.025379
0.037433
0.030480
0.020812
0.023312
0.036058
0.038270
0.045253
0.024921
0.030206
0.027696
0.022788
0.015043
0.021253
0.033178
0.033484
0.024378
0.023379
0.030297
0.028031
0.015888
0.027864
0.053593
0.057929
0.057260
0.054757
0.057891
0.032444
0.060752
0.025650
0.034631
0.042885
0.019886
0.024351
0.016135
0.010350
0.023947
0.045997
0.014847
0.025876
0.008923
0.053583
0.020580
0.029028
0.011968
0.008949
0.005243
0.019817
0.025900
0.017471
0.037230
0.029572
0.010270
0.026318
0.015990
0.006359
0.011434
0.007321
0.008300
0.014920
0.019420
0.001927
0.059996
0.021288
0.046036
0.045305
0.022413
0.014189
0.002479
0.009208
0.028096
0.026449
0.017590
0.021120
0.027491
0.005558
0.011453
0.017884
0.012340
0.022679
0.010959
0.010955
0.022181
0.020809
0.010104
0.018185
0.008623
0.012963
0.013544
0.019407
0.013192
0.009478
0.027325
0.032982
0.024159
0.042489
0.025245
0.026546
0.016270
0.008929
0.034222
0.027164
0.009943
0.025327
0.022572
0.022535
0.029070
0.020903
0.034527
0.011151
0.042523
0.021555
0.066409
0.034790
0.041839
0.027848
0.041783
0.041809
0.020049
0.015669
0.046780
0.025313
0.035763
0.043375
0.044086
0.021906
0.017502
0.024042
0.033021
0.041756
0.024217
0.015110
0.028601
0.036561
0.037810
0.040867
0.026124
0.040263
0.036032
0.022686
0.016669
0.034737
0.026749
0.035006
0.027412
0.032109
0.031548
0.032544
0.021261
0.025209
0.016266
0.039679
0.041228
0.012847
0.023723
0.023722
0.010552
0.006975
0.005448
0.040120
0.008641
0.028307
0.021237
0.041284
0.019860
0.005410
0.015405
0.019655
0.027716
0.004438
0.019103
0.017891
0.023070
0.019449
0.024872
0.024827
0.045000
0.011071
0.032325
0.033002
0.035901
0.020327
0.028244
0.022245
0.025044
0.022870
0.014259
0.060985
0.015885
0.047512
0.052912
0.058920
0.060779
0.019229
0.039248
0.017120
0.003097
0.023377
0.050667
0.027487
0.017655
0.014956
0.010459
0.013593
0.028587
0.026671
0.018367
0.021177
0.029909
0.056101
0.030428
0.030592
0.031366
0.025815
0.006839
0.012850
0.010482
0.025633
0.021182
0.015230
0.021443
0.016699
0.010544
0.005482
0.021221
0.029046
0.015169
0.015080
0.008477
0.005266
0.004028
0.027716
0.020254
0.020026
0.019710
0.031344
0.027165
0.040905
0.033864
0.042347
0.019955
0.013775
0.027323
0.040992
0.012264
0.024725
0.026571
0.027426
0.009017
0.013625
0.025848
0.034837
0.038066
0.037966
0.024423
0.021772
0.023270
0.024321
0.029317
0.026884
0.045734
0.035904
0.028551
0.010094
0.003178
0.017714
0.017516
0.021157
0.035643
0.036535
0.018361
0.048834
0.030978
0.020336
0.022254
0.018336
0.032758
0.011200
0.026894
0.033942
0.018439
0.016383
0.013672
0.016597
0.030142
0.019955
0.005936
0.006623
0.020945
0.027027
0.032337
0.014851
0.018667
0.011917
0.031934
0.033522
0.068444
0.049933
0.058059
0.036564
0.049515
0.047530
0.037269
0.021740
0.023166
0.012105
0.032680
0.022362
0.023694
0.011317
0.021140
0.005844
0.025806
0.011040
0.027226
0.017197
0.043087
0.028248
0.010330
0.028002
0.026944
0.029473
0.012274
0.008945
0.020169
0.025621
0.035690
0.025969
0.027596
0.029298
0.010856
0.041986
0.038627
0.022315
0.024453
0.027137
0.043272
0.048668
0.051547
0.017020
0.051274
0.015430
0.047638
0.026765
0.029260
0.017057
0.033125
0.038102
0.027748
0.046108
0.036450
0.021597
0.017131
0.015738
0.027431
0.036669
0.024602
0.046963
0.028794
0.018549
0.025466
0.032738
0.024546
0.042110
0.048340
0.029185
0.030636
0.051348
0.043087
0.034526
0.031894
0.028203
0.043075
0.023074
0.040572
0.020954
0.017335
0.022632
0.048227
0.029032
0.033033
0.031221
0.033329
0.046947
0.038005
0.011812
0.016740
0.012799
0.011275
0.018761
0.026811
0.054825
0.024877
0.027933
0.050151
0.007669
0.024501
0.015601
0.024706
0.030934
0.022845
0.016430
0.038307
0.020213
0.031581
0.039069
0.024343
0.017648
0.028978
0.024944
0.017584
0.034064
0.021605
0.047408
0.060787
0.030915
0.047704
0.038138
0.022938
0.051946
0.046445
0.034640
0.031147
0.024899
0.039602
0.021953
0.062333
0.049256
0.059098
0.064410
0.052577
0.062220
0.073664
0.058776
0.015422
0.017958
0.010301
0.009998
0.023029
0.025338
0.018032
0.028064
0.035246
0.024221
0.021839
0.003077
0.027312
0.023064
0.035352
0.037261
0.030568
0.017017
0.021041
0.025324
0.004419
0.028068
0.016393
0.020067
0.018351
0.014308
0.014199
0.014623
0.025828
0.025994
0.033541
0.046323
0.042285
0.030945
0.028454
0.014684
0.031233
0.008788
0.023464
0.005788
0.019236
0.029165
0.028143
0.022131
0.023624
0.024870
0.021698
0.025198
0.042515
0.023858
0.014867
0.020491
0.028113
0.033379
0.052978
0.016802
0.040423
0.020912
0.008606
0.029619
0.021477
0.021936
0.022903
0.052552
0.047721
0.024728
0.051275
0.043084
0.038949
0.045853
0.039281
0.029938
0.024144
0.033001
0.044217
0.035837
0.030046
0.024280
0.048482
0.015127
0.020210
0.024652
0.028207
0.017598
0.024117
0.015828
0.027522
0.013693
0.018958
0.038088
0.039415
0.027072
0.008061
0.009540
0.016406
0.030422
0.010251
0.028208
0.019628
0.037753
0.038423
0.017512
0.050364
0.035997
0.024823
0.041701
0.028082
0.012544
0.008275
0.007669
0.035814
0.006633
0.029971
0.011952
0.040328
0.026538
0.043054
0.045327
0.019118
0.036033
0.033062
0.046427
0.013486
0.023380
0.047613
0.063404
0.046068
0.034193
0.041381
0.031459
0.040175
0.046091
0.024598
0.013245
0.015896
0.015100
0.011452
0.006886
0.031103
0.014023
0.014896
0.016839
0.008282
0.025962
0.018357
0.009460
0.028595
0.022876
0.012853
0.029481
0.016389
0.011349
0.012829
0.035127
0.059297
0.034007
0.036643
0.051647
0.015492
0.039590
0.006812
0.023278
0.023730
0.017536
0.032048
0.012813
0.035131
0.018395
0.017836
0.029157
0.024715
0.012912
0.006917
0.016736
0.029101
0.040310
0.058075
0.035195
0.039361
0.006713
0.005360
0.008815
0.021678
0.020348
0.027448
0.021045
0.049231
0.033171
0.016842
0.028629
0.021974
0.016560
0.032636
0.018020
0.026951
0.004502
0.023979
0.048606
0.018247
0.011054
0.021413
0.014543
0.018900
0.038312
0.027150
0.007866
0.005381
0.022160
0.031582
0.016953
0.040105
0.039662
0.018178
0.040832
0.026586
0.006396
