0.024569
0.015748
0.016872
0.028120
0.012603
0.010799
0.029398
0.019939
0.024037
0.014422
0.026438
0.018427
0.015453
0.027611
0.020812
0.011406
0.010319
0.033476
0.058132
0.013513
0.036878
0.014572
0.013099
0.011474
0.005049
0.021318
0.020060
0.015900
0.029801
0.016603
0.016354
0.028173
0.029420
0.019355
0.016709
0.026368
0.081309
0.016627
0.006150
0.016407
0.006234
0.048077
0.034329
0.019982
0.040182
0.010935
0.006171
0.007954
0.022669
0.020575
0.028598
0.160482
0.243213
0.191282
0.065240
0.237809
0.130494
0.122543
0.216042
0.072456
0.137092
0.068697
0.037145
0.109369
0.093539
0.149530
0.022647
0.061455
0.083285
0.082126
0.022367
0.011474
0.145253
0.132722
0.040654
0.102464
0.045187
0.094192
0.035864
0.030789
0.212404
0.127199
0.036172
0.019913
0.033533
0.035317
0.019538
0.012662
0.014493
0.017848
0.033592
0.043242
0.006440
0.029836
0.005081
0.022820
0.041563
0.054217
0.049111
0.016253
0.006219
0.016408
0.012094
0.042451
0.078518
0.020831
0.054169
0.018595
0.015415
0.035023
0.029030
0.010339
0.019037
0.005278
0.005964
0.017049
0.004517
0.012765
0.009456
0.040482
0.012246
0.016021
0.018078
0.077938
0.023247
0.011899
0.024222
0.088178
0.027560
0.106780
0.049137
0.173594
0.035855
0.024158
0.046882
0.054319
0.025121
0.058781
0.064786
0.008241
0.021391
0.035836
0.024332
0.034367
0.191528
0.033278
0.084568
0.024135
0.032068
0.031001
0.012309
0.021961
0.011712
0.008062
0.017712
0.014144
0.031187
0.020722
0.022690
0.029254
0.011565
0.010356
0.023894
0.013669
0.011094
0.006240
0.012286
0.019983
0.027749
0.026484
0.043921
0.027701
0.086569
0.021472
0.027626
0.046490
0.181201
0.228430
0.066284
0.455489
0.121285
0.096723
0.049776
0.149698
0.218022
0.122602
0.109857
0.276731
0.197108
0.063222
0.011375
0.122580
0.069051
0.087594
0.050295
0.024130
0.040989
0.096292
0.010005
0.009426
0.136830
0.075798
0.025225
0.051471
0.012406
0.077892
0.006798
0.125989
0.080522
0.265268
0.037849
0.187588
0.376985
0.040821
0.038136
0.024703
0.028586
0.012976
0.017639
0.011053
0.022998
0.071282
0.107174
0.060481
0.070999
0.244083
0.096352
0.282459
0.054637
0.074828
0.115999
0.090736
0.258758
0.040850
0.055401
0.047085
0.043104
0.026125
0.055372
0.038823
0.025643
0.013867
0.037141
0.023987
0.006840
0.010988
0.024681
0.053586
0.002533
0.003975
0.033578
0.007684
0.039192
0.027345
0.070683
0.054876
0.043443
0.021036
0.031099
0.034229
0.046943
0.033494
0.034583
0.153119
0.149705
0.044612
0.058890
0.124357
0.046286
0.041159
0.047931
0.056041
0.033600
0.087780
0.039421
0.073978
0.031587
0.042267
0.031069
0.061869
0.107069
0.037885
0.151199
0.019173
0.033999
0.044869
0.039746
0.180275
0.021084
0.040084
0.078342
0.036855
0.084499
0.037935
0.042871
0.078677
0.064197
0.136773
0.071915
0.089743
0.018695
0.239071
0.164639
0.074664
0.068349
0.186281
0.044655
0.034141
0.034279
0.101929
0.203520
0.018815
0.064744
0.008589
0.052417
0.040845
0.070195
0.013398
0.034096
0.033258
0.082558
0.038472
0.057724
0.020102
0.061682
0.011275
0.026553
0.043344
0.001567
0.007707
0.043920
0.021928
0.041001
0.028487
0.014273
0.033717
0.033187
0.041117
0.017411
0.037707
0.022946
0.012123
0.015212
0.047909
0.010150
0.016287
0.007492
0.016358
0.004502
0.014157
0.012479
0.021189
0.012092
0.031551
0.174511
0.127909
0.039913
0.111770
0.015453
0.072525
0.072398
0.042085
0.050637
0.037332
0.106526
0.090290
0.082891
0.015582
0.040834
0.037554
0.013636
0.045147
0.040652
0.085293
0.052288
0.051563
0.066067
0.039665
0.053453
0.046244
0.030361
0.016209
0.063478
0.090518
0.022780
0.040139
0.044813
0.027816
0.129761
0.056018
0.044501
0.006288
0.050663
0.041261
0.036561
0.020920
0.044224
0.037889
0.059848
0.037129
0.038513
0.053698
0.026893
0.028736
0.074800
0.023543
0.054788
0.084738
0.047958
0.038291
0.031068
0.032610
0.068723
0.136134
0.033381
0.078386
0.069639
0.077524
0.054933
0.096485
0.232029
0.087480
0.080204
0.227610
0.058174
0.060964
0.036020
0.042565
0.130126
0.270458
0.019068
0.015005
0.083532
0.080506
0.025826
0.076185
0.073898
0.014727
0.058347
0.038694
0.048069
0.081150
0.059487
0.191247
0.175842
0.102270
0.025721
0.034694
0.007871
0.009114
0.033780
0.026790
0.049094
0.032760
0.078415
0.093749
0.095535
0.037963
0.008733
0.018630
0.011344
0.061975
0.133674
0.011430
0.103092
0.019908
0.038526
0.050016
0.015454
0.096211
0.069198
0.089434
0.094923
0.020380
0.031021
0.019167
0.016621
0.021633
0.016967
0.083775
0.060137
0.052436
0.119689
0.134706
0.166883
0.044991
0.038821
0.057922
0.113082
0.121347
0.051773
0.106251
0.035350
0.059025
0.038233
0.023706
0.013428
0.008888
0.059883
0.044565
0.042837
0.037722
0.050063
0.041487
0.010005
0.042625
0.051904
0.018712
0.014950
0.012399
0.011723
0.018219
0.017495
0.009879
0.025887
0.032611
0.026320
0.040603
0.004107
0.019169
0.017540
0.006478
0.028309
0.026532
0.048576
0.018610
0.037114
0.026911
0.049892
0.090949
0.096451
0.046395
0.065728
0.089029
0.073098
0.034639
0.064698
0.028815
0.080546
0.099252
0.076838
0.076197
0.093480
0.071290
0.052189
0.115374
0.026521
0.050922
0.184361
0.176917
0.063562
0.071237
0.089644
0.240524
0.081832
0.131517
0.101458
0.019905
0.032947
0.084399
0.151175
0.123807
0.221126
0.145754
0.158297
0.069185
0.207875
0.113292
0.107235
0.094535
0.056094
0.035885
0.038750
0.200874
0.035529
0.240070
0.179497
0.023760
0.088474
0.015436
0.014269
0.096737
0.033965
0.047688
0.022345
0.051558
0.034563
0.078969
0.060972
0.018138
0.053575
0.026397
0.020443
0.100537
0.024342
0.012554
0.011354
0.025329
0.013314
0.007932
0.029428
0.013772
0.017350
0.022961
0.014747
0.025670
0.018272
0.011220
0.024083
0.027007
0.016761
0.010417
0.017756
0.019044
0.036637
0.019147
0.032982
0.010599
0.014330
0.003738
0.006742
0.040527
0.029738
0.014647
0.011680
0.012397
0.026679
0.078244
0.060085
0.031552
0.033558
0.056077
0.053391
0.075263
0.062716
0.025955
0.047373
0.052232
0.012974
0.004399
0.021313
0.020394
0.030630
0.018668
0.021929
0.030844
0.097394
0.022960
0.014907
0.007476
0.014260
0.030482
0.042541
0.062743
0.036427
0.069705
0.004456
0.019583
0.020573
0.031409
0.042649
0.026816
0.029805
0.054730
0.164166
0.248281
0.041481
0.050917
0.124234
0.184177
0.199196
0.123279
0.071403
0.133927
0.052738
0.108310
0.126566
0.087122
0.137127
0.020495
0.055699
0.075384
0.075606
0.054539
0.069053
0.081533
0.220198
0.235896
0.298625
0.021461
0.194667
0.063938
0.009389
0.070869
0.065543
0.063914
0.024321
0.068411
0.026252
0.019628
0.063488
0.034627
0.053663
0.017629
0.045328
0.050966
0.026179
0.021589
0.019686
0.072629
0.016840
0.085180
0.067523
0.039856
0.016783
0.044879
0.045277
0.066839
0.195697
0.187928
0.050312
0.064040
0.134998
0.018992
0.064079
0.068369
0.020169
0.056620
0.152618
0.061486
0.131074
0.106406
0.067781
0.101469
0.040037
0.134766
0.189349
0.031739
0.029165
0.091435
0.022421
0.053337
0.090374
0.072981
0.177490
0.016380
0.071700
0.056276
0.021787
0.022057
0.047786
0.048690
0.059206
0.028908
0.088397
0.036978
0.098270
0.061356
0.057255
0.069863
0.022660
0.012512
0.030480
0.039035
0.010542
0.010362
0.026576
0.006229
0.005282
0.009971
0.028434
0.008295
0.018304
0.010218
0.002679
0.027686
0.007859
0.010351
0.002698
0.019141
0.042506
0.030023
0.046256
0.007958
0.031168
0.035919
0.010472
0.029656
0.040940
0.015727
0.026029
0.018999
0.011190
0.018333
0.034380
0.009149
0.022492
0.020071
0.012525
0.034332
0.120443
0.083775
0.035272
0.225903
0.062895
0.123765
0.059483
0.082746
0.237956
0.068725
0.056010
0.075194
0.154993
0.061491
0.014951
0.019121
0.049491
0.083297
0.035673
0.066988
0.036088
0.108022
0.065464
0.099707
0.033387
0.060832
0.063960
0.096410
0.054386
0.034212
0.053123
0.011221
0.043147
0.024879
0.017728
0.089667
0.035514
0.012539
0.020847
0.024649
0.076206
0.029876
0.044777
0.032755
0.024094
0.119923
0.016455
0.013823
0.025645
0.018709
0.012960
0.007806
0.011921
0.002939
0.010187
0.011395
0.040996
0.003911
0.011287
0.019978
0.027636
0.007478
0.025179
0.024800
0.025417
0.021259
0.015205
0.006340
0.026725
0.056254
0.024524
0.020816
0.046202
0.043985
0.065304
0.094833
0.053251
0.078112
0.023019
0.032400
0.061881
0.063285
0.061783
0.030928
0.073818
0.073330
0.091662
0.056363
0.015472
0.071796
0.120892
0.065010
0.022584
0.023721
0.039682
0.041122
0.064536
0.067973
0.069894
0.035383
0.053998
0.008124
0.155150
0.099381
0.112058
0.142630
0.157553
0.011234
0.175890
0.030599
0.095327
0.043723
0.057875
0.092804
0.094658
0.074039
0.106907
0.115704
0.113887
0.444144
0.121889
0.139867
0.060126
0.022538
0.043917
0.014719
0.070039
0.041544
0.048702
0.102810
0.043718
0.119663
0.130468
0.017065
0.056820
0.063533
0.055124
0.116485
0.006778
0.021708
0.064150
0.022093
0.020759
0.099941
0.082211
0.042044
0.015597
0.057205
0.061638
0.209404
0.218460
0.053033
0.071470
0.151553
0.020241
0.072445
0.078265
0.023479
0.062160
0.174010
0.064875
0.156234
0.120011
0.076832
0.116840
0.047635
0.157309
0.220773
0.088172
0.034742
0.112408
0.027295
0.242028
0.063543
0.113596
0.054331
0.045069
0.023476
0.031905
0.019832
0.031289
0.034381
0.026571
0.018436
0.013317
0.008646
0.007756
0.039074
0.026407
0.048197
0.026307
0.035752
0.019962
0.023117
0.044007
0.025054
0.029433
0.046877
0.056667
0.025034
0.025416
0.027623
0.007745
0.018444
0.008584
0.030159
0.042543
0.015221
0.025084
0.028559
0.031662
0.033193
0.035196
0.016439
0.041646
0.018037
0.021341
0.031114
0.040636
0.042265
0.060364
0.036098
0.047305
0.048364
0.022667
0.035086
0.020054
0.081543
0.020871
0.058008
0.143059
0.066649
0.209285
0.219490
0.104085
0.139989
0.058286
0.024719
0.010315
0.015458
0.070551
0.055708
0.056142
0.021804
0.014909
0.013515
0.028166
0.045994
0.031242
0.034922
0.017029
0.014571
0.026252
0.014954
0.006921
0.006686
0.026078
0.025254
0.020706
0.004100
0.011623
0.033044
0.033711
0.021611
0.009270
0.031716
0.010837
0.025678
0.040998
0.017942
0.063408
0.052603
0.080255
0.063806
0.189121
0.038389
0.045921
0.051444
0.083399
0.081366
0.174274
0.015932
0.064585
0.045516
0.039680
0.179331
0.153725
0.366026
0.041697
0.079375
0.108296
0.073184
0.442593
0.023139
0.198934
0.123594
0.066095
0.033952
0.114176
0.183751
0.029409
0.079429
0.108736
0.143903
0.039545
0.066330
0.064231
0.041289
0.033662
0.059794
0.186382
0.055114
0.121029
0.117799
0.045556
0.015030
0.028136
0.030085
0.021042
0.033122
0.048431
0.025603
0.050103
0.061606
0.067013
0.086554
0.044507
0.032565
0.018015
0.044809
0.024414
0.019204
0.035381
0.024555
0.038359
0.020926
0.091903
0.028833
0.131561
0.016591
0.030989
0.045542
0.028921
0.020738
0.022394
0.015358
0.025065
0.043340
0.087299
0.131799
0.023144
0.037777
0.081532
0.095739
0.105122
0.060689
0.170465
0.098206
0.047298
0.045327
0.062552
0.062797
0.041121
0.023067
0.094996
0.043480
0.098778
0.070246
0.037002
0.101292
0.048567
0.108272
0.116470
0.032606
0.051863
0.095451
0.191462
0.069127
0.052150
0.028101
0.070087
0.066422
0.058263
0.043312
0.039241
0.076153
0.031283
0.171048
0.051086
0.016504
0.011804
0.028830
0.023554
0.027573
0.003178
0.051048
0.038333
0.127544
0.023521
0.089904
0.112024
0.136837
0.121076
0.059175
0.061842
0.103531
0.069089
0.049347
0.076547
0.044471
0.047236
0.026607
0.005732
0.041964
0.022567
0.014747
0.015672
0.011689
0.025697
0.021471
0.029092
0.013270
0.024496
0.016330
0.015179
0.028109
0.026241
0.032453
0.052603
0.022187
0.014731
0.012584
0.014589
0.009015
0.013678
0.006716
0.012008
0.012488
0.017872
0.010136
0.010479
0.018290
0.012385
0.027308
0.015297
0.018796
0.060725
0.023590
0.039343
0.012304
0.027391
0.019294
0.058018
0.039907
0.035629
0.029733
0.030504
0.033982
0.008639
0.046445
0.018634
0.029088
0.013011
0.096326
0.029409
0.055255
0.069211
0.090072
0.080391
0.015890
0.024266
0.015811
0.175672
0.060325
0.024276
0.039348
0.039574
0.064845
0.067640
0.138639
0.011871
0.055459
0.036493
0.057663
0.068757
0.164834
0.150183
0.190327
0.119151
0.030860
0.144381
0.111495
0.049064
0.050762
0.135008
0.061354
0.146902
0.158854
0.045125
0.245454
0.082883
0.069667
0.033980
0.094740
0.206948
0.039463
0.134148
0.125341
0.079338
0.106339
0.132177
0.076363
0.101676
0.237977
0.089942
0.134371
0.104023
0.040738
0.093141
0.035123
0.046496
0.047894
0.026188
0.101966
0.014471
0.155548
0.040189
0.077564
0.101835
0.027157
0.043016
0.019675
0.019515
0.016527
0.067925
0.065016
0.067975
0.013340
0.041445
0.081769
0.015158
0.086144
0.039980
0.090984
0.069322
0.057021
0.033591
0.024404
0.005650
0.038366
0.004838
0.016101
0.018172
0.022956
0.006353
0.031465
0.014517
0.007149
0.022088
0.028493
0.011737
0.014928
0.013111
0.028943
0.013313
0.025349
0.018739
0.017768
0.015287
0.022096
0.028653
0.019303
0.029913
0.048539
0.011306
0.022240
0.028096
0.010406
0.011432
0.026675
0.045870
0.012967
0.013679
0.019210
0.026836
0.063303
0.013483
0.035279
0.126706
0.118451
0.150024
0.055339
0.178395
0.099863
0.094168
0.162705
0.057405
0.278506
0.032341
0.060867
0.082454
0.058706
0.335732
0.088336
0.047718
0.077905
0.067137
0.031672
0.143714
0.096594
0.121947
0.019599
0.030162
0.054133
0.024445
0.051062
0.041096
0.010036
0.085491
0.082226
0.064938
0.031599
0.022668
0.013677
0.003799
0.017031
0.024491
0.003325
0.009692
0.027000
0.023894
0.013647
0.040041
0.017315
0.029394
0.013051
0.016969
0.027315
0.025667
0.021604
0.006461
0.013901
0.011355
0.017618
0.026497
0.020899
0.029319
0.050671
0.054935
0.011224
0.031384
0.034077
0.015359
0.080739
0.008161
0.011882
0.041849
0.022501
0.047750
0.039500
0.061099
0.042069
0.045631
0.074295
0.010816
0.101614
0.030463
0.058995
0.038199
0.031228
0.030355
0.021837
0.045880
0.031627
0.231846
0.089266
0.091982
0.157726
0.212360
0.108913
0.180733
0.065435
0.052373
0.091433
0.033896
0.104975
0.120312
0.039542
0.196186
0.027510
0.022207
0.037454
0.022285
0.133569
0.052607
0.036843
0.042675
0.039618
0.068467
0.040569
0.023872
0.054066
0.035539
0.090839
0.010330
0.099419
0.035880
0.068931
0.033236
0.037489
0.011621
0.133087
0.136579
0.106028
0.071781
0.117539
0.039544
0.088941
0.036591
0.129641
0.122251
0.170795
0.042069
0.071753
0.031522
0.017730
0.020151
0.020203
0.044044
0.005148
0.048471
0.032313
0.056569
0.038096
0.069518
0.013014
0.032189
0.011267
0.045488
0.034238
0.066981
0.018737
0.013420
0.032235
0.006993
0.045126
0.036147
0.039477
0.026825
0.025886
0.006812
0.038804
0.078685
0.012220
0.016479
0.042239
0.011751
0.017931
0.028270
0.012525
0.023673
0.010112
0.024061
0.019056
0.031175
0.004341
0.023014
0.001479
0.017846
0.023030
0.045685
0.019583
0.020222
0.016057
0.051767
0.018101
0.050946
0.025275
0.036712
0.089904
0.063359
0.114229
0.032891
0.022913
0.068394
0.056652
0.036673
0.025978
0.176847
0.018204
0.148066
0.082081
0.036295
0.168324
0.012294
0.023377
0.037838
0.017729
0.001933
0.009390
0.029515
0.002687
0.042938
0.081034
0.060275
0.117715
0.058662
0.067662
0.264730
0.078656
0.046919
0.014719
0.019323
0.246803
0.193010
0.062059
0.044775
0.183953
0.271521
0.043549
0.020839
0.057610
0.012323
0.039058
0.113839
0.043045
0.018524
0.059962
0.038331
0.029068
0.103487
0.025307
0.025961
0.075203
0.096663
0.175938
0.019708
0.042461
0.149638
0.164295
0.078532
0.152136
0.150487
0.068913
0.099284
0.137401
0.035574
0.103759
0.014472
0.037155
0.113587
0.031739
0.016585
0.022298
0.004604
0.031675
0.004625
0.014294
0.019814
0.008246
0.021596
0.025933
0.017173
0.031281
0.015801
0.014378
0.021737
0.001319
0.017452
0.003956
0.013850
0.030950
0.012228
0.028368
0.041385
0.111807
0.031531
0.044373
0.067442
0.027637
0.179765
0.302839
0.212183
0.016492
0.020327
0.008599
0.029075
0.018639
0.019792
0.058664
0.024149
0.022504
0.010293
0.007982
0.024802
0.028973
0.018154
0.058965
0.004328
0.027603
0.011291
0.019699
0.026348
0.020958
0.028117
0.037129
0.006373
0.031572
0.009551
0.027393
0.025739
0.017710
0.019492
0.018801
0.030552
0.028454
0.050662
0.022202
0.064275
0.026927
0.031366
0.008658
0.050638
0.051376
0.038252
0.021284
0.010854
0.011456
0.043259
0.045779
0.061545
0.012204
0.029860
0.041776
0.035986
0.025379
0.032272
0.030558
0.098497
0.037310
0.015388
0.026477
0.137143
0.074557
0.231917
0.100263
0.041237
0.077680
0.033885
0.033809
0.153641
0.083022
0.022585
0.018726
0.145336
0.089044
0.081558
0.028689
0.048183
0.017561
0.051473
0.102575
0.041596
0.024915
0.052046
0.020428
0.057128
0.072040
0.009271
0.022829
0.036767
0.029394
0.074592
0.077533
0.009701
0.019024
0.020326
0.004650
0.028886
0.029544
0.055217
0.010800
0.025198
0.036614
0.077986
0.055248
0.012035
0.060563
0.051146
0.072601
0.026172
0.072318
0.080863
0.017673
0.076428
0.022414
0.025632
0.026847
0.003883
0.019753
0.023800
0.026199
0.059451
0.265568
0.102429
0.047484
0.154825
0.057505
0.085548
0.054911
0.168501
0.091441
0.062357
0.022920
0.072437
0.018659
0.172019
0.046644
0.080491
0.046819
0.077685
0.060242
0.144121
0.010113
0.065696
0.045826
0.050901
0.021982
0.037971
0.020045
0.019041
0.024621
0.032147
0.012823
0.022011
0.054760
0.019759
0.021342
0.029901
0.016843
0.006663
0.010137
0.012465
0.035230
0.037629
0.003589
0.008125
0.005927
0.013100
0.034913
0.013581
0.018675
0.015860
0.021499
0.039450
0.017279
0.027449
0.062652
0.074534
0.067532
0.130864
0.122505
0.155411
0.117542
0.122545
0.085077
0.106599
0.020662
0.023592
0.013883
0.029250
0.044431
0.032122
0.035236
0.012305
0.021559
0.026260
0.024245
0.093536
0.214952
0.107114
0.156125
0.049955
0.139402
0.048461
0.072896
0.046700
0.039276
0.113327
0.114958
0.060144
0.111240
0.013711
0.027269
0.078728
0.055311
0.153740
0.038031
0.020835
0.011529
0.031504
0.021341
0.057234
0.020615
0.011581
0.020832
0.004688
0.019272
0.013385
0.049146
0.035055
0.027529
0.084666
0.053957
0.046243
0.180351
0.098720
0.017434
0.078526
0.076691
0.164256
0.031282
0.056716
0.026269
0.028772
0.025249
0.087754
0.113667
0.096652
0.048296
0.049558
0.084938
0.073254
0.050047
0.060118
0.018088
0.066680
0.024897
0.014926
0.009831
0.031691
0.027417
0.019424
0.012657
0.006025
0.020836
0.021109
0.031918
0.019845
0.005131
0.028254
0.028831
0.043583
0.042718
0.030233
0.027973
0.009636
0.025054
0.005306
0.011611
0.007368
0.028674
0.009939
0.055798
0.048524
0.073152
0.057484
0.174079
0.034933
0.141292
0.056009
0.164112
0.015568
0.064403
0.043110
0.241809
0.143823
0.083423
0.075231
0.093868
0.093155
0.061066
0.035647
0.145278
0.347861
0.038903
0.075520
0.021395
0.054810
0.080539
0.170686
0.157771
0.064320
0.085723
0.054908
0.188709
0.118151
0.155873
0.036530
0.034538
0.023389
0.028892
0.024762
0.018049
0.040276
0.050367
0.006982
0.003619
0.056098
0.021258
0.022600
0.015908
0.008040
0.043601
0.029500
0.017811
0.028352
0.021204
0.012880
0.008649
0.008458
0.008221
0.032774
0.024245
0.027467
0.040281
0.037517
0.033133
0.011334
0.024455
0.006730
0.019690
0.019021
0.023298
0.024239
0.024290
0.012122
0.013061
0.025134
0.013504
0.042704
0.022149
0.026136
0.020497
0.023930
0.026273
0.025078
0.006077
0.005823
0.033825
0.034030
0.139322
0.116953
0.056252
0.047833
0.045250
0.057594
0.108173
0.019757
0.118870
0.112741
0.066286
0.063773
0.048546
0.088428
0.091073
0.030376
0.062623
0.032806
0.042669
0.073364
0.034772
0.026614
0.080437
0.022041
0.039369
0.077684
0.058500
0.070151
0.090977
0.060419
0.086885
0.129584
0.097554
0.155435
0.036127
0.045818
0.181181
0.047584
0.018238
0.059035
0.012006
0.034010
0.049404
0.028165
0.083051
0.159928
0.124401
0.049160
0.034267
0.023932
0.166204
0.006320
0.019964
0.026502
0.035273
0.056970
0.012700
0.066456
0.019016
0.048917
0.022625
0.030449
0.032543
0.018897
0.043955
0.024224
0.004580
0.039213
0.097653
0.074917
0.012671
0.090006
0.030171
0.019537
0.044053
0.036968
0.045434
0.062450
0.093005
0.075527
0.095614
0.067333
0.145831
0.034349
0.060674
0.218388
0.211376
0.021347
0.064087
0.082616
0.025097
0.025988
0.008487
0.029654
0.007017
0.021161
0.016735
0.012465
0.014298
0.030351
0.016213
0.069146
0.030174
0.012393
0.028550
0.027251
0.014955
0.026509
0.037090
0.030661
0.103345
0.024461
0.021832
0.038987
0.017569
0.042352
0.015567
0.026330
0.011738
0.019599
0.017245
0.008706
0.011310
0.006588
0.045634
0.046278
0.180466
0.139149
0.224330
0.178938
0.105260
0.314707
0.091528
0.091087
0.097779
0.040224
0.060084
0.191138
0.411713
0.053188
0.244913
0.055960
0.154039
0.031654
0.102119
0.052464
0.045236
0.044926
0.095273
0.077135
0.056739
0.079106
0.026802
0.024715
0.031215
0.077032
0.038073
0.039341
0.076997
0.053121
0.023914
0.016120
0.058418
0.041255
0.011453
0.022597
0.008857
0.026341
0.039397
0.015097
0.025359
0.002197
0.050793
0.033925
0.014728
0.019859
0.027068
0.010421
0.011758
0.008002
0.019356
0.026018
0.017741
0.035405
0.027121
0.005264
0.018865
0.034387
0.027374
0.020452
0.012084
0.162886
0.325074
0.436092
0.042460
0.156171
0.078973
0.125464
0.084656
0.057713
0.172396
0.144176
0.022012
0.069642
0.038337
0.039376
0.035642
0.008980
0.074669
0.058873
0.043191
0.054968
0.022538
0.022527
0.057186
0.007080
0.023003
0.030551
0.021130
0.050710
0.052672
0.031854
0.019756
0.045203
0.091666
0.017868
0.013545
0.049307
0.012018
0.011394
0.073521
0.027357
0.020696
0.031546
0.019860
0.043234
0.016646
0.028346
0.027029
0.039361
0.023808
0.038927
0.038171
0.014283
0.066323
0.018463
0.045149
0.037632
0.021627
0.048538
0.012335
0.107976
0.162201
0.041848
0.128858
0.060200
0.114259
0.152662
0.146810
0.062853
0.037779
0.057347
0.006554
0.013188
0.015267
0.013181
0.028454
0.013280
0.010468
0.014652
0.003083
0.006113
0.012729
0.000618
0.007261
0.003912
0.018209
0.026407
0.027311
0.024107
0.017572
0.116699
0.072523
0.031128
0.079054
0.042118
0.037415
0.091452
0.032522
0.053951
0.044580
0.075681
0.058699
0.025519
0.050425
0.045494
0.013298
0.139797
0.176482
0.038791
0.022297
0.101686
0.013644
0.037211
0.101661
0.048752
0.047925
0.023514
0.030124
0.025804
0.020750
0.025017
0.004557
0.021997
0.069299
0.042655
0.033307
0.077746
0.009182
0.035356
0.027169
0.029334
0.038439
0.055875
0.008148
0.022779
0.014538
0.009473
0.046508
0.028462
0.018657
0.028562
0.022041
0.016691
0.011747
0.008209
0.022238
0.015794
0.024832
0.026752
0.037974
0.036918
0.034061
0.010436
0.023094
0.006988
0.019605
0.021526
0.020672
0.018397
0.024424
0.009735
0.013698
0.022892
0.015185
0.044072
0.018372
0.026433
0.021060
0.012274
0.015234
0.022940
0.024066
0.024766
0.006435
0.006381
0.144779
0.123875
0.057983
0.049301
0.047773
0.060947
0.113998
0.014511
0.020353
0.124145
0.120399
0.070874
0.069169
0.051929
0.093974
0.095679
0.031135
0.066320
0.033019
0.044393
0.077127
0.037433
0.027122
0.084309
0.029966
0.070289
0.093254
0.061485
0.028193
0.045787
0.170564
0.046508
0.172405
0.019052
0.059052
0.011771
0.034204
0.049320
0.027947
0.029591
0.041800
0.121172
0.048220
0.033690
0.023999
0.160705
0.017189
0.022611
0.031950
0.172396
0.039191
0.061598
0.202248
0.267425
0.108214
0.070508
0.060617
0.055786
0.021699
0.046777
0.047736
0.176753
0.022922
0.079941
0.044356
0.013661
0.024602
0.010276
0.014650
0.018774
0.021233
0.011475
0.022791
0.008719
0.016266
0.011490
0.015817
0.020235
0.018153
0.007369
0.010200
0.047059
0.027202
0.020466
0.010415
0.034978
0.026895
0.010545
0.023213
0.028908
0.039964
0.016693
0.063067
0.024484
0.020753
0.032812
0.034028
0.018158
0.084464
0.040822
0.068534
0.020026
0.026032
0.069186
0.021706
0.031554
0.006664
0.035792
0.021357
0.033800
0.035136
0.026159
0.035625
0.043659
0.046833
0.076798
0.098772
0.045511
0.210132
0.161200
0.171495
0.192680
0.211739
0.092319
0.014725
0.034893
0.046477
0.113653
0.274082
0.025985
0.226966
0.031319
0.124480
0.094969
0.129277
0.085237
0.181736
0.123163
0.136905
0.034879
0.129424
0.041706
0.082613
0.099096
0.123529
0.107351
0.052684
0.055754
0.092878
0.078785
0.058932
0.065213
0.079452
0.030357
0.014882
0.005915
0.040049
0.067235
0.041601
0.016163
0.016471
0.019906
0.025923
0.013794
0.004765
0.012267
0.011789
0.001649
0.022157
0.012102
0.027611
0.030213
0.009201
0.035485
0.012643
0.015863
0.007892
0.005192
0.012917
0.019388
0.026776
0.077353
0.015070
0.053313
0.018495
0.023262
0.065321
0.012196
0.047471
0.045071
0.150635
0.014032
0.060703
0.039694
0.033907
0.153574
0.225096
0.132617
0.048754
0.121975
0.083533
0.045227
0.055372
0.324732
0.137330
0.045384
0.060492
0.132159
0.211725
0.071129
0.065574
0.060925
0.051030
0.073579
0.232552
0.057504
0.036463
0.290786
0.114335
0.054709
0.100744
0.083889
0.103362
0.017509
0.073101
0.022184
0.037223
0.017932
0.098462
0.154205
0.031427
0.054933
0.017940
0.065867
0.121109
0.047243
0.024899
0.064367
0.067579
0.030990
0.076508
0.027488
0.033976
0.027167
0.049195
0.098818
0.127038
0.046007
0.036944
0.030329
0.077811
0.012896
0.022854
0.008371
0.014670
0.031307
0.019246
0.018854
0.026282
0.021469
0.016100
0.013789
0.039731
0.021842
0.022898
0.051072
0.029899
0.060729
0.011225
0.031486
0.021521
0.046233
0.032397
0.017305
0.042148
0.048436
0.063444
0.048707
0.023139
0.041379
0.027415
0.045012
0.006222
0.010466
0.028327
0.026664
0.101102
0.037682
0.073795
0.107572
0.089634
0.127318
0.185106
0.243165
0.268184
0.300221
0.133250
0.020589
0.382000
0.047351
0.320688
0.043953
0.142252
0.040364
0.084085
0.070386
0.072094
0.057174
0.132951
0.056214
0.114639
0.022900
0.180278
0.080644
0.087215
0.087662
0.343271
0.095851
0.089707
0.034917
0.307669
0.190683
0.113375
0.024578
0.063794
0.021420
0.031244
0.042277
0.007695
0.058951
0.011996
0.008455
0.054451
0.024025
0.018256
0.017204
0.032291
0.022267
0.018029
0.047015
0.004532
0.010044
0.003021
0.022859
0.022777
0.049060
0.036379
0.020056
0.038593
0.018425
0.041429
0.012006
0.018326
0.036310
0.032078
0.027966
0.053242
0.040593
0.045917
0.027708
0.031652
0.070410
0.099769
0.091326
0.056446
0.108783
0.076604
0.043563
0.071964
0.049291
0.097374
0.090358
0.013560
0.124690
0.030489
0.070846
0.063262
0.066397
0.063863
0.049103
0.036281
0.038523
0.030831
0.243554
0.268942
0.096264
0.053217
0.157471
0.067051
0.125948
0.031899
0.267610
0.094126
0.172560
0.125181
0.199405
0.073819
0.060427
0.071347
0.158628
0.046944
0.045855
0.024844
0.073665
0.019321
0.029747
0.162119
0.111105
0.120484
0.051698
0.149675
0.085812
0.079047
0.024392
0.125167
0.011774
0.008047
0.017942
0.021408
0.015359
0.049024
0.023766
0.004386
0.008733
0.020442
0.044916
0.028384
0.036012
0.020572
0.122389
0.102678
0.012558
0.037805
0.035498
0.031846
0.078832
0.018020
0.024773
0.015325
0.008467
0.036218
0.037908
0.014813
0.048580
0.138352
0.021186
0.035115
0.047248
0.093556
0.043868
0.003113
0.042019
0.031014
0.027831
0.028616
0.012880
0.022141
0.019585
0.046829
0.049766
0.011587
0.033898
0.036695
0.013818
0.027435
0.021924
0.007288
0.025646
0.025606
0.016125
0.034947
0.022853
0.015576
0.015311
0.021020
0.030218
0.033554
0.033848
0.031732
0.046008
0.082633
0.033420
0.041059
0.082873
0.018132
0.021214
0.033189
0.043432
0.159680
0.180286
0.017563
0.023937
0.010805
0.012942
0.007193
0.019000
0.005306
0.021384
0.014899
0.022655
0.032349
0.028867
0.008692
0.041797
0.020982
0.019079
0.015374
0.020566
0.054451
0.022753
0.018697
0.031351
0.021172
0.023951
0.009555
0.021539
0.010875
0.014894
0.027341
0.016374
0.039364
0.011544
0.024479
0.117208
0.014820
0.025248
0.099245
0.083996
0.029527
0.037425
0.025485
0.042379
0.026070
0.096804
0.040168
0.084138
0.043575
0.105810
0.135929
0.027103
0.041828
0.108675
0.180065
0.155435
0.128462
0.022363
0.197426
0.161881
0.045272
0.164836
0.204801
0.156741
0.063122
0.063834
0.056463
0.020705
0.099987
0.070326
0.086559
0.043918
0.158399
0.032854
0.022696
0.052343
0.008431
0.032086
0.038402
0.028271
0.020584
0.036729
0.114609
0.069269
0.140059
0.109166
0.044090
0.030362
0.023595
0.143323
0.018754
0.087476
0.030374
0.015993
0.007748
0.044733
0.004184
0.018635
0.027875
0.045230
0.012566
0.133140
0.049714
0.017144
0.038160
0.033695
0.027437
0.033485
0.067801
0.018933
0.050069
0.025767
0.029281
0.032751
0.024410
0.018798
0.017155
0.043689
0.013756
0.020703
0.006925
0.023022
0.020329
0.010776
0.014697
0.016566
0.002968
0.013787
0.022368
0.020477
0.040841
0.006775
0.015227
0.020240
0.016452
0.036032
0.014418
0.066082
0.016928
0.045002
0.007030
0.047210
0.017222
0.070568
0.010333
0.029721
0.027642
0.023259
0.043785
0.038142
0.041864
0.025875
0.009354
0.026613
0.018864
0.023558
0.046625
0.058332
0.053440
0.040528
0.070289
0.347211
0.219786
0.110374
0.052576
0.230860
0.019491
0.142768
0.273280
0.403346
0.068733
0.088324
0.054609
0.036682
0.098146
0.077866
0.129713
0.042325
0.216931
0.144440
0.248566
0.192858
0.071755
0.052928
0.025415
0.270415
0.047685
0.016290
0.049257
0.099071
0.039389
0.024554
0.050147
0.055869
0.024239
0.061344
0.018325
0.051543
0.069217
0.008814
0.022392
0.036254
0.024053
0.039344
0.076039
0.079281
0.185108
0.031550
0.032012
0.010538
0.020000
0.016890
0.006020
0.024477
0.027641
0.054535
0.010039
0.027593
0.024480
0.021908
0.026428
0.012387
0.021980
0.034659
0.081091
0.057921
0.041983
0.026821
0.077814
0.019240
0.047715
0.077859
0.127674
0.114239
0.057268
0.093928
0.127631
0.132032
0.309994
0.093097
0.314549
0.222777
0.063624
0.154793
0.010406
0.047728
0.142999
0.096682
0.063462
0.037307
0.167220
0.072503
0.038049
0.186244
0.063976
0.033599
0.115507
0.044787
0.011694
0.055091
0.055880
0.040090
0.005431
0.056606
0.055142
0.170891
0.024851
0.044604
0.001809
0.041916
0.042529
0.024663
0.034536
0.015324
0.006599
0.021336
0.036819
0.003023
0.006200
0.006138
0.025384
0.020831
0.004572
0.023699
0.005606
0.014100
0.014410
0.023932
0.055099
0.036801
0.073928
0.003422
0.033832
0.029711
0.033463
0.058947
0.042936
0.023515
0.033358
0.026307
0.036912
0.064556
0.016663
0.016513
0.079062
0.017382
0.067810
0.022871
0.063067
0.045416
0.004966
0.125868
0.048825
0.041843
0.178480
0.355814
0.094340
0.092588
0.072351
0.110635
0.041409
0.019079
0.055070
0.031716
0.006668
0.022356
0.021554
0.024421
0.006811
0.006916
0.028600
0.025072
0.024846
0.019494
0.040379
0.011153
0.016614
0.036422
0.027472
0.007448
0.052534
0.009540
0.004895
0.033918
0.008587
0.039229
0.026169
0.009097
0.013588
0.035981
0.021639
0.067064
0.132669
0.080062
0.063366
0.047078
0.021028
0.033284
0.042506
0.027026
0.052148
0.039656
0.041339
0.155873
0.160514
0.061459
0.048040
0.061841
0.131877
0.046252
0.043422
0.050153
0.060474
0.032398
0.097943
0.077839
0.032020
0.093296
0.104217
0.083620
0.066095
0.111909
0.038197
0.172526
0.024669
0.019915
0.043106
0.037781
0.182248
0.055103
0.055545
0.105068
0.037488
0.060022
0.035926
0.071086
0.034019
0.076313
0.032888
0.006402
0.040222
0.064322
0.137459
0.072468
0.090186
0.030874
0.097594
0.100159
0.019036
0.238196
0.163695
0.204649
0.136715
0.205683
0.183568
0.101019
0.199513
0.068248
0.008863
0.054121
0.043192
0.071654
0.011793
0.027519
0.031925
0.038519
0.055743
0.019503
0.059787
0.012421
0.026377
0.039979
0.003188
0.036277
0.007272
0.043721
0.020001
0.041718
0.029164
0.013925
0.034249
0.032037
0.026456
0.019581
0.038427
0.014411
0.039291
0.025585
0.014239
0.012825
0.007297
0.021437
0.008560
0.013958
0.004047
0.012858
0.014361
0.021189
0.030470
0.169014
0.124295
0.067679
0.039260
0.108611
0.015255
0.069711
0.070281
0.040761
0.048618
0.036052
0.102429
0.087264
0.040758
0.081234
0.015333
0.038918
0.035748
0.013825
0.043090
0.039556
0.081915
0.052188
0.047926
0.065353
0.091209
0.046415
0.030359
0.073517
0.014978
0.060222
0.086587
0.041370
0.041076
0.025558
0.125830
0.052113
0.043644
0.006124
0.049663
0.022355
0.083265
0.040322
0.034964
0.020842
0.041938
0.069313
0.038190
0.060283
0.038301
0.038597
0.055086
0.027280
0.030220
0.077678
0.023610
0.055823
0.032057
0.034573
0.070456
0.142173
0.074910
0.080043
0.055509
0.097681
0.052189
0.070578
0.128694
0.215526
0.051030
0.092063
0.039410
0.053553
0.054139
0.069761
0.026562
0.046823
0.121988
0.153243
0.075291
0.048256
0.014320
0.019455
0.038003
0.008367
0.033760
0.046409
0.022762
0.047457
0.038701
0.023600
0.015713
0.027533
0.014414
0.033138
0.016091
0.021607
0.007401
0.014171
0.023527
0.025706
0.024565
0.018642
0.014409
0.038047
0.022336
0.035721
0.010161
0.003702
0.109603
0.020391
0.087908
0.043066
0.043074
0.035859
0.016832
0.022616
0.029441
0.059086
0.026330
0.080230
0.059219
0.082951
0.042341
0.034714
0.054572
0.048469
0.099072
0.138277
0.104145
0.062298
0.078500
0.190830
0.096298
0.108945
0.110990
0.041658
0.025109
0.115799
0.075696
0.091153
0.037787
0.037002
0.024782
0.201914
0.080060
0.047064
0.087940
0.033552
0.059411
0.088286
0.022842
0.060572
0.145707
0.165944
0.157036
0.102622
0.180428
0.054463
0.110727
0.037619
0.062862
0.041304
0.026835
0.034528
0.017701
0.011108
0.186383
0.262651
0.138948
0.051629
0.094227
0.185109
0.035682
0.041321
0.032606
0.022316
0.007563
0.007322
0.018553
0.025281
0.016621
0.007567
0.018209
0.035491
0.025981
0.066588
0.020733
0.024940
0.026199
0.215501
0.261182
0.296922
0.044983
0.073656
0.146627
0.051150
0.159587
0.024965
0.099032
0.132958
0.077777
0.072736
0.179002
0.161658
0.156306
0.035907
0.102623
0.035925
0.056882
0.175780
0.229209
0.095506
0.061541
0.042995
0.032691
0.037354
0.048468
0.100661
0.054904
0.079817
0.109318
0.048225
0.020496
0.080412
0.019146
0.037438
0.024232
0.007888
0.011506
0.004791
0.009828
0.022080
0.014906
0.010095
0.016328
0.035133
0.028121
0.029208
0.013624
0.021758
0.027769
0.015790
0.018379
0.019361
0.017594
0.057593
0.013086
0.044367
0.033816
0.088925
0.009763
0.045219
0.030777
0.025743
0.010544
0.078308
0.064905
0.118437
0.079097
0.072781
0.036402
0.070226
0.055170
0.026811
0.041506
0.170140
0.081317
0.056487
0.060772
0.021358
0.043243
0.052106
0.118705
0.050602
0.029105
0.021384
0.043200
0.038369
0.091975
0.038833
0.039162
0.031474
0.029367
0.083182
0.111550
0.076616
0.156832
0.048568
0.045121
0.183359
0.366901
0.127891
0.148021
0.047800
0.060910
0.211742
0.167953
0.425829
0.282272
0.293159
0.039134
0.055712
0.176396
0.376958
0.050640
0.220038
0.130905
0.088790
0.083443
0.144622
0.080801
0.050116
0.060278
0.014480
0.097165
0.085524
0.049658
0.049215
0.139022
0.006223
0.039534
0.013000
0.071349
0.187327
0.061855
0.041519
0.025665
0.040362
0.021513
0.013481
0.033515
0.070785
0.052878
0.033489
0.269240
0.022114
0.228011
0.115210
0.009886
0.024986
0.026497
0.027793
0.016953
0.014023
0.012240
0.033460
0.026537
0.041359
0.029476
0.025467
0.027984
0.044924
0.018123
0.026452
0.035282
0.014417
0.027947
0.029428
0.038357
0.027522
0.027556
0.018930
0.026757
0.030343
0.018790
0.031677
0.048359
0.008591
0.010099
0.030834
0.018009
0.021741
0.013505
0.008576
0.007333
0.036844
0.012616
0.039711
0.016159
0.006889
0.008106
0.013764
0.009989
0.018995
0.017588
0.016799
0.025362
0.011116
0.011203
0.046908
0.012493
0.033993
0.004022
0.030798
0.029267
0.028360
0.037244
0.052665
0.026699
0.037364
0.195778
0.019295
0.073001
0.051242
0.282308
0.170511
0.105023
0.093684
0.112482
0.110555
0.071143
0.044461
0.200233
0.068276
0.251080
0.137796
0.128125
0.052876
0.044362
0.104633
0.088578
0.036919
0.092030
0.046025
0.222868
0.077241
0.039886
0.140824
0.062915
0.051602
0.027918
0.036942
0.133290
0.021777
0.039984
0.018240
0.011315
0.055280
0.058012
0.016005
0.046229
0.113521
0.046814
0.013578
0.028069
0.046843
0.022337
0.017279
0.030478
0.030903
0.006963
0.037269
0.019391
0.020619
0.008525
0.010104
0.000708
0.017316
0.046180
0.006451
0.020690
0.043500
0.012002
0.027695
0.025212
0.006228
0.019642
0.046553
0.017183
0.079904
0.023274
0.078280
0.046484
0.104438
0.004118
0.034467
0.078040
0.134449
0.101142
0.044200
0.034771
0.013903
0.100401
0.025542
0.094851
0.032309
0.077700
0.063826
0.049872
0.063453
0.039810
0.044585
0.073537
0.047100
0.026319
0.013078
0.069607
0.138722
0.050471
0.039692
0.302148
0.227334
0.203850
0.070241
0.022511
0.028425
0.012531
0.015888
0.014261
0.039572
0.011900
0.037085
0.037069
0.070418
0.011888
0.059516
0.108614
0.043975
0.019501
0.028142
0.070441
0.061333
0.090614
0.046050
0.086273
0.032212
0.015600
0.030580
0.024763
0.026590
0.168848
0.044920
0.033929
0.058808
0.023032
0.177474
0.009801
0.089918
0.059018
0.055432
0.018893
0.028296
0.012593
0.022983
0.034964
0.010856
0.036535
0.037743
0.038502
0.076359
0.033049
0.042402
0.041326
0.016132
0.059643
0.033912
0.028884
0.032914
0.005697
0.010176
0.019790
0.006303
0.028861
0.019939
0.007634
0.013472
0.058127
0.016521
0.009467
0.027245
0.014937
0.050293
0.030003
0.054028
0.035120
0.020840
0.023011
0.036130
0.039941
0.019108
0.024455
0.011951
0.017433
0.016915
0.006916
0.078783
0.057014
0.033011
0.017247
0.007963
0.009063
0.023113
0.042255
0.089609
0.041236
0.019095
0.039295
0.041554
0.150990
0.021396
0.023786
0.011124
0.008373
0.036697
0.050157
0.079056
0.041218
0.094109
0.007204
0.048485
0.045947
0.067238
0.063372
0.166802
0.227161
0.051417
0.366575
0.043044
0.308866
0.197288
0.214773
0.095625
0.294396
0.154244
0.150185
0.210872
0.243043
0.353998
0.260468
0.162833
0.194903
0.195762
0.058740
0.064927
0.036096
0.053766
0.048575
0.061794
0.098665
0.034896
0.180687
0.116313
0.208756
0.162757
0.061587
0.057364
0.053589
0.063761
0.025979
0.061190
0.107705
0.016630
0.014561
0.018658
0.012653
0.017755
0.026633
0.004863
0.002575
0.036203
0.027565
0.010344
0.019593
0.013923
0.008617
0.010238
0.014187
0.015582
0.006118
0.027518
0.026179
0.023048
0.013285
0.018984
0.036046
0.012770
0.022874
0.042638
0.027548
0.075614
0.066915
0.263046
0.032520
0.052082
0.145909
0.138789
0.092871
0.112882
0.063542
0.066125
0.075442
0.111545
0.072124
0.033437
0.051807
0.129147
0.204768
0.192239
0.050759
0.190586
0.240181
0.183019
0.076680
0.073964
0.061726
0.041564
0.025169
0.032756
0.095455
0.054972
0.025230
0.039738
0.034565
0.100957
0.060750
0.049144
0.042858
0.010036
0.070084
0.074417
0.028232
0.132479
0.037203
0.106765
0.041945
0.035547
0.069365
0.022852
0.049370
0.042725
0.031835
0.078603
0.011650
0.046356
0.125287
0.048437
0.102416
0.132441
0.022936
0.076389
0.163376
0.038721
0.166157
0.012192
0.013332
0.012192
0.021915
0.007730
0.009258
0.028565
0.021568
0.028559
0.005462
0.021741
0.060434
0.028504
0.080553
0.063863
0.028912
0.031930
0.073180
0.024052
0.056922
0.007089
0.021884
0.018286
0.009610
0.009602
0.033242
0.053644
0.037370
0.024691
0.076305
0.028242
0.017098
0.045558
0.030581
0.039117
0.025616
0.033816
0.004807
0.014904
0.030699
0.025233
0.013874
0.019279
0.038501
0.027497
0.032837
0.023884
0.022328
0.027276
0.036397
0.015287
0.171652
0.165990
0.065178
0.066107
0.043341
0.051128
0.067208
0.031232
0.131228
0.027294
0.107852
0.049905
0.236549
0.127452
0.060443
0.008101
0.073926
0.024803
0.039788
0.041595
0.093166
0.034890
0.018332
0.105108
0.046554
0.033828
0.032430
0.032139
0.015815
0.019697
0.108657
0.017933
0.057271
0.018107
0.045136
0.033061
0.067159
0.014408
0.040113
0.020262
0.018910
0.017217
0.038752
0.058749
0.031764
0.061124
0.027101
0.055244
0.035461
0.055929
0.017640
0.014775
0.016025
0.015350
0.018969
0.006126
0.032421
0.065157
0.066076
0.026912
0.027651
0.014249
0.043255
0.027536
0.006211
0.006924
0.027761
0.025362
0.039407
0.029040
0.007383
0.022912
0.016817
0.038917
0.010851
0.020848
0.009178
0.020754
0.023643
0.034436
0.048279
0.010459
0.018353
0.012673
0.016160
0.074700
0.019711
0.049829
0.009460
0.055269
0.022625
0.079823
0.038521
0.017657
0.025639
0.054275
0.065133
0.043555
0.075514
0.068856
0.027377
0.041771
0.069549
0.075175
0.069867
0.192781
0.256879
0.223563
0.243844
0.109549
0.338467
0.175152
0.172538
0.242307
0.412221
0.301668
0.095898
0.095703
0.058238
0.064866
0.016638
0.014216
0.142730
0.036389
0.024030
0.024627
0.014525
0.110671
0.223903
0.074868
0.180945
0.027388
0.026273
0.029324
0.020891
0.023474
0.052449
0.028275
0.015466
0.126759
0.078248
0.140972
0.233294
0.068212
0.028863
0.021056
0.015785
0.021556
0.028946
0.005776
0.020345
0.014265
0.017405
0.007144
0.024885
0.020083
0.039984
0.013202
0.012996
0.044096
0.040062
0.023522
0.023203
0.085432
0.025106
0.021109
0.017197
0.008993
0.008956
0.028165
0.018921
0.024849
0.005008
0.021470
0.047377
0.019465
0.014396
0.038862
0.024832
0.003152
0.023656
0.001884
0.027455
0.021522
0.035279
0.036462
0.030973
0.038053
0.020426
0.317940
0.105790
0.025788
0.026503
0.057286
0.009230
0.014063
0.179935
0.155774
0.168141
0.172318
0.200322
0.178728
0.207828
0.024363
0.032488
0.011990
0.014786
0.023838
0.062324
0.026389
0.032375
0.052256
0.204470
0.233436
0.061156
0.111099
0.061083
0.128416
0.068175
0.082663
0.017400
0.259117
0.034187
0.096183
0.154533
0.072850
0.065363
0.176478
0.080939
0.044709
0.038051
0.039240
0.033604
0.032418
0.093362
0.187101
0.014302
0.054928
0.007816
0.042806
0.030280
0.059093
0.014368
0.021706
0.048425
0.014442
0.043075
0.038883
0.014720
0.025972
0.029072
0.040975
0.078770
0.037805
0.012963
0.007106
0.050915
0.026853
0.041574
0.024274
0.051261
0.022976
0.019343
0.019392
0.021354
0.006264
0.019602
0.031886
0.017665
0.033248
0.029527
0.183580
0.071351
0.039586
0.114756
0.040020
0.056081
0.038450
0.043850
0.042371
0.043340
0.090527
0.015565
0.039948
0.039764
0.046830
0.040903
0.091859
0.053914
0.050273
0.101304
0.046325
0.033676
0.014920
0.085195
0.018465
0.038440
0.055530
0.028643
0.151018
0.068625
0.046665
0.050117
0.043314
0.020897
0.055708
0.029862
0.035288
0.058720
0.087783
0.052328
0.041401
0.034606
0.101795
0.039082
0.032894
0.050271
0.056360
0.040382
0.052963
0.038691
0.045067
0.082376
0.178738
0.024751
0.039882
0.054775
0.068857
0.092367
0.029531
0.039487
0.027688
0.051536
0.091712
0.048269
0.029745
0.043469
0.007294
0.024330
0.034188
0.014281
0.022183
0.016898
0.016293
0.036731
0.032121
0.024157
0.013588
0.022178
0.031958
0.019036
0.031256
0.016857
0.013479
0.049965
0.012137
0.024861
0.024780
0.019293
0.007944
0.035488
0.012865
0.018441
0.024577
0.012357
0.024508
0.076220
0.054569
0.036753
0.035969
0.025479
0.006567
0.118917
0.008351
0.134595
0.026408
0.077323
0.035855
0.089241
0.160981
0.132455
0.075145
0.026721
0.031365
0.035559
0.038447
0.112595
0.086571
0.059232
0.011288
0.099031
0.021772
0.027952
0.140641
0.110674
0.048542
0.090572
0.060430
0.136926
0.255376
0.150166
0.128354
0.077982
0.025887
0.054553
0.100455
0.044330
0.048811
0.048147
0.074077
0.121281
0.105614
0.061873
0.193782
0.081777
0.109321
0.201121
0.064488
0.076408
0.337408
0.194983
0.078517
0.012863
0.096367
0.064608
0.111867
0.094818
0.233852
0.028522
0.049995
0.054692
0.024108
0.032543
0.020404
0.031484
0.046103
0.045014
0.016748
0.021733
0.009227
0.020931
0.025726
0.033266
0.005274
0.024439
0.011524
0.035308
0.027129
0.024711
0.057445
0.014238
0.074871
0.046011
0.067490
0.094339
0.087875
0.219732
0.059710
0.287678
0.065671
0.121645
0.057280
0.073346
0.067029
0.058138
0.042904
0.034950
0.138005
0.021544
0.065670
0.036830
0.098351
0.060953
0.095862
0.031426
0.056686
0.059773
0.088581
0.049402
0.033319
0.050454
0.049212
0.038945
0.007237
0.036915
0.019073
0.016941
0.081480
0.030608
0.025109
0.044698
0.031005
0.023023
0.110827
0.014677
0.053651
0.022102
0.011771
0.010653
0.044484
0.024909
0.014765
0.028710
0.014774
0.019139
0.011582
0.031986
0.023445
0.026787
0.018305
0.011313
0.008941
0.055853
0.050383
0.071460
0.102573
0.120672
0.066909
0.025508
0.026800
0.040983
0.042476
0.027255
0.016347
0.036761
0.063151
0.036422
0.068175
0.071542
0.074061
0.035996
0.018114
0.081642
0.050241
0.053513
0.108320
0.139174
0.159783
0.049780
0.093309
0.125879
0.110898
0.016556
0.142088
0.084394
0.059053
0.079358
0.111763
0.072126
0.064318
0.044655
0.020180
0.103570
0.053329
0.100994
0.029605
0.014402
0.046314
0.049268
0.060390
0.048435
0.315166
0.026598
0.052548
0.011401
0.035966
0.021501
0.006532
0.015599
0.035900
0.028625
0.028086
0.030904
0.037274
0.009848
0.031288
0.025688
0.001703
0.035197
0.036186
0.016700
0.277176
0.491809
0.046313
0.024665
0.039789
0.049074
0.070018
0.043487
0.015207
0.067770
0.074663
0.090623
0.042094
0.023240
0.001725
0.035100
0.083342
0.020016
0.022842
0.057306
0.064193
0.011501
0.078970
0.026805
0.016198
0.036722
0.036936
0.042252
0.056543
0.033044
0.059056
0.209973
0.202967
0.072206
0.081265
0.055695
0.050859
0.113806
0.032540
0.040603
0.019937
0.032448
0.029207
0.036804
0.011077
0.009279
0.043742
0.016421
0.021141
0.028864
0.009065
0.036041
0.021693
0.063169
0.027510
0.009960
0.026723
0.018202
0.021714
0.036621
0.017907
0.043796
0.030405
0.047875
0.118201
0.024479
0.022200
0.046636
0.020676
0.046947
0.018638
0.026653
0.012768
0.027538
0.033277
0.011444
0.009074
0.037577
0.012026
0.036875
0.017073
0.038643
0.165602
0.028215
0.090833
0.040315
0.050652
0.088372
0.089153
0.071133
0.123119
0.089492
0.086446
0.079807
0.108875
0.108409
0.421364
0.115672
0.133940
0.045415
0.114602
0.035434
0.054648
0.017529
0.036204
0.012057
0.059468
0.039063
0.036760
0.084257
0.040982
0.107714
0.117216
0.015765
0.052414
0.058374
0.047918
0.110297
0.007012
0.020176
0.060122
0.022151
0.018602
0.096107
0.076589
0.136000
0.200828
0.209433
0.085777
0.050489
0.068146
0.147254
0.019597
0.067290
0.085220
0.058741
0.166194
0.064473
0.147462
0.051453
0.171397
0.044882
0.149654
0.037177
0.033835
0.106959
0.083456
0.202695
0.021860
0.078848
0.054243
0.042659
0.025249
0.043850
0.038594
0.023579
0.031323
0.019508
0.031543
0.020912
0.006112
0.024305
0.047939
0.024180
0.036427
0.070865
0.022358
0.030277
0.040253
0.007946
0.025601
0.006934
0.011134
0.021336
0.035012
0.025731
0.011193
0.033103
0.016398
0.034936
0.026899
0.016090
0.019011
0.001299
0.010980
0.040866
0.033508
0.047449
0.038451
0.013353
0.033272
0.019562
0.011282
0.059142
0.140369
0.019052
0.024152
0.014634
0.017168
0.044288
0.037827
0.028104
0.019815
0.009306
0.012465
0.029270
0.026186
0.007645
0.018747
0.040422
0.019968
0.015882
0.016162
0.021336
0.065155
0.016200
0.019719
0.023532
0.015959
0.031190
0.017898
0.037219
0.081601
0.175076
0.060142
0.148611
0.043007
0.024828
0.028323
0.041836
0.072575
0.057685
0.062608
0.119462
0.083267
0.042972
0.104296
0.132968
0.106798
0.094991
0.152194
0.127705
0.022835
0.193360
0.199304
0.152082
0.060953
0.063325
0.055666
0.021402
0.073178
0.102667
0.025791
0.042320
0.154730
0.029249
0.021426
0.163960
0.030754
0.031553
0.028492
0.014698
0.033364
0.025822
0.017519
0.104758
0.061217
0.128840
0.100822
0.041226
0.028115
0.023369
0.131241
0.017399
0.079100
0.027990
0.081838
0.031062
0.021441
0.027075
0.014329
0.011989
0.039831
0.040977
0.035815
0.045502
0.276584
0.192594
0.055441
0.134089
0.160097
0.112394
0.032620
0.008943
0.025807
0.008153
0.034753
0.049941
0.022079
0.007434
0.026783
0.078224
0.017710
0.005439
0.041508
0.018621
0.025879
0.018326
0.017041
0.028025
0.037052
0.022265
0.004354
0.016539
0.012232
0.030091
0.023316
0.021987
0.036380
0.005451
0.022752
0.020598
0.022525
0.004510
0.020960
0.029743
0.070346
0.039473
0.017523
0.024764
0.192074
0.093177
0.065580
0.216068
0.075929
0.068773
0.103358
0.057362
0.256462
0.196909
0.208394
0.042462
0.061552
0.135023
0.019913
0.011712
0.008829
0.163917
0.387115
0.082217
0.078320
0.194070
0.110100
0.131971
0.193050
0.021829
0.045545
0.114526
0.127042
0.117256
0.048197
0.069526
0.078337
0.107440
0.025936
0.044209
0.080747
0.103540
0.021827
0.094785
0.052343
0.036110
0.048402
0.043844
0.038918
0.047764
0.017210
0.018471
0.016709
0.025568
0.025924
0.055477
0.014404
0.026383
0.024532
0.038988
0.011105
0.031939
0.029255
0.032892
0.024588
0.010208
0.009754
0.025624
0.015638
0.017660
0.002106
0.026226
0.002112
0.008451
0.008608
0.014359
0.030211
0.161054
0.145418
0.053512
0.115062
0.010899
0.055578
0.080880
0.143755
0.169075
0.095549
0.084841
0.033578
0.127674
0.070928
0.025395
0.012498
0.056583
0.024574
0.024329
0.018299
0.014081
0.062680
0.017578
0.017369
0.059831
0.032906
0.030029
0.081129
0.053846
0.026711
0.028082
0.032954
0.010996
0.059368
0.012886
0.022471
0.012763
0.046227
0.014158
0.003683
0.010462
0.025328
0.011610
0.021445
0.024178
0.007925
0.019982
0.003066
0.022193
0.008340
0.035888
0.020671
0.037654
0.023676
0.012979
0.040300
0.029169
0.045119
0.058069
0.056619
0.045935
0.017388
0.020130
0.038214
0.028574
0.026594
0.037125
0.018681
0.010293
0.030765
0.048516
0.026362
0.106474
0.114232
0.111786
0.044078
0.033531
0.024785
0.021991
0.029262
0.015981
0.028663
0.021554
0.035616
0.056695
0.038344
0.040377
0.053292
0.024773
0.024741
0.021335
0.018202
0.044902
0.013650
0.075018
0.014032
0.230876
0.016083
0.187505
0.027563
0.078507
0.103634
0.114691
0.037602
0.065743
0.095659
0.096646
0.124132
0.024422
0.114681
0.219781
0.059668
0.166812
0.079052
0.069845
0.059010
0.061654
0.034414
0.030972
0.146466
0.077516
0.103913
0.121395
0.043637
0.046129
0.093474
0.142867
0.057472
0.034721
0.158983
0.158244
0.198018
0.162109
0.168894
0.058636
0.122343
0.080027
0.029774
0.054295
0.155031
0.281249
0.186148
0.213898
0.098988
0.144236
0.135037
0.249476
0.120048
0.057516
0.089083
0.117017
0.073871
0.226284
0.075275
0.218117
0.084776
0.241071
0.066255
0.213128
0.337621
0.088181
0.159701
0.063951
0.005796
0.015407
0.018854
0.019991
0.011407
0.007352
0.022652
0.050348
0.074694
0.172897
0.030089
0.290581
0.300987
0.029624
0.129622
0.068026
0.080798
0.020009
0.015345
0.151578
0.130585
0.061673
0.057490
0.139086
0.066414
0.059550
0.183182
0.155119
0.031866
0.144840
0.244964
0.058413
0.017823
0.127100
0.176185
0.067843
0.162625
0.024122
0.046438
0.127203
0.010641
0.010909
0.022347
0.004349
0.014421
0.008488
0.039583
0.026389
0.014248
0.021105
0.022277
0.018104
0.039275
0.045890
0.282126
0.148168
0.056003
0.101581
0.196024
0.265557
0.142601
0.037630
0.047634
0.039840
0.077852
0.049504
0.030570
0.023634
0.008356
0.009372
0.012645
0.031405
0.020115
0.027147
0.030943
0.015712
0.005753
0.013276
0.034880
0.014572
0.050763
0.022924
0.016741
0.024227
0.026225
0.019984
0.315162
0.105882
0.171077
0.042954
0.079392
0.072160
0.148361
0.043518
0.104150
0.014814
0.015405
0.079910
0.122013
0.069387
0.067302
0.044527
0.047842
0.045699
0.049662
0.064975
0.029722
0.031775
0.060299
0.050241
0.037731
0.029049
0.065539
0.023737
0.061402
0.064789
0.050206
0.034302
0.023878
0.008108
0.025266
0.014388
0.023702
0.040301
0.013367
0.002670
0.038644
0.058553
0.042345
0.030511
0.050358
0.096874
0.093003
0.116161
0.067822
0.052337
0.023973
0.063204
0.045081
0.045149
0.041091
0.026586
0.015598
0.121756
0.155696
0.178581
0.052645
0.104575
0.070726
0.072522
0.018894
0.011629
0.021175
0.037774
0.016583
0.032264
0.035330
0.040414
0.022907
0.031024
0.037923
0.035583
0.021071
0.032272
0.010819
0.013881
0.015344
0.015498
0.006984
0.017268
0.016481
0.041933
0.036702
0.021328
0.033224
0.006797
0.033768
0.027287
0.023262
0.026522
0.045651
0.018787
0.024606
0.029069
0.012032
0.014644
0.022212
0.031333
0.043195
0.025367
0.034353
0.042872
0.024775
0.013298
0.038610
0.041750
0.033644
0.051895
0.007592
0.005490
0.024008
0.038212
0.010811
0.017908
0.019049
0.038867
0.036341
0.032652
0.008848
0.007094
0.017538
0.089665
0.098260
0.037831
0.107028
0.148061
0.038982
0.048601
0.135099
0.040348
0.069775
0.041925
0.088829
0.030194
0.029240
0.025242
0.042777
0.126464
0.038343
0.081921
0.118306
0.083041
0.051986
0.061238
0.089859
0.078064
0.097457
0.079562
0.094098
0.094027
0.064314
0.082270
0.055827
0.118739
0.038929
0.040808
0.147492
0.046789
0.062175
0.017795
0.073505
0.054929
0.182514
0.123810
0.031153
0.035298
0.037789
0.116908
0.120395
0.143268
0.015381
0.088732
0.096740
0.015498
0.128672
0.057471
0.063448
0.055818
0.113422
0.089791
0.072075
0.024956
0.231530
0.140278
0.017593
0.027198
0.004509
0.024787
0.020993
0.020198
0.017101
0.018052
0.010647
0.041076
0.072071
0.079716
0.039587
0.055561
0.074294
0.047802
0.034828
0.057118
0.030153
0.051965
0.019121
0.078591
0.007675
0.172617
0.080399
0.145774
0.158675
0.025887
0.073680
0.125161
0.086427
0.087137
0.115428
0.061185
0.076766
0.207652
0.068211
0.112069
0.082952
0.148722
0.043506
0.095337
0.052726
0.043554
0.106669
0.158478
0.018467
0.035036
0.014377
0.011670
0.043679
0.015108
0.014441
0.050893
0.057916
0.043969
0.034401
0.086671
0.028664
0.028986
0.059612
0.125214
0.048852
0.108031
0.176520
0.196448
0.082176
0.272947
0.084470
0.044538
0.088364
0.138367
0.040479
0.107580
0.045978
0.254912
0.222993
0.007545
0.008372
0.035880
0.068511
0.022998
0.039642
0.018892
0.008341
0.032473
0.060135
0.100406
0.037397
0.021542
0.049493
0.029976
0.039363
0.035801
0.038426
0.038711
0.008249
0.027144
0.038957
0.049674
0.013498
0.014861
0.084050
0.027560
0.012059
0.024983
0.056458
0.099261
0.030312
0.115707
0.057262
0.192267
0.079177
0.045892
0.023597
0.052312
0.020711
0.078911
0.073003
0.044444
0.063149
0.022475
0.037610
0.072036
0.040343
0.018186
0.021545
0.036169
0.013620
0.018736
0.011001
0.008302
0.006494
0.017697
0.010107
0.008603
0.008297
0.003249
0.011889
0.010817
0.026358
0.015991
0.089164
0.106906
0.094391
0.019479
0.030771
0.030024
0.088841
0.019639
0.052359
0.022292
0.077401
0.112457
0.130428
0.034831
0.039179
0.079447
0.059353
0.053757
0.096061
0.042799
0.174403
0.141628
0.080290
0.109817
0.254442
0.254329
0.058529
0.066451
0.109581
0.031184
0.107021
0.056416
0.090761
0.095130
0.150289
0.084121
0.031509
0.130727
0.061635
0.154449
0.069074
0.035704
0.291258
0.220646
0.196970
0.033964
0.034961
0.007189
0.035366
0.018502
0.028202
0.068826
0.023441
0.061499
0.035872
0.013330
0.017095
0.011189
0.015695
0.010094
0.032208
0.011150
0.017862
0.022814
0.035638
0.028531
0.020838
0.049164
0.028121
0.059667
0.031284
0.009933
0.110193
0.045001
0.045806
0.154660
0.087657
0.261906
0.116110
0.047141
0.087775
0.027922
0.024633
0.158905
0.042178
0.031294
0.047634
0.024522
0.022191
0.179531
0.188167
0.044688
0.085649
0.078174
0.054947
0.040799
0.084399
0.093991
0.109064
0.075304
0.019222
0.011196
0.071296
0.011645
0.079789
0.036575
0.028681
0.026675
0.065785
0.062390
0.034272
0.029879
0.027370
0.117826
0.046485
0.152729
0.024164
0.069424
0.006329
0.020790
0.029211
0.038821
0.017148
0.009509
0.014323
0.031610
0.013610
0.023295
0.049626
0.032820
0.022955
0.031966
0.043282
0.075369
0.007923
0.041972
0.021912
0.011590
0.042392
0.176111
0.112817
0.067693
0.122634
0.037814
0.059147
0.056919
0.048021
0.086292
0.036593
0.049548
0.052112
0.063387
0.024646
0.044970
0.111544
0.138560
0.069566
0.042246
0.014770
0.015217
0.030958
0.010115
0.031417
0.043753
0.014600
0.007639
0.013116
0.024755
0.024399
0.027649
0.019871
0.012969
0.039408
0.028949
0.022292
0.096358
0.045051
0.035652
0.024459
0.073733
0.017397
0.039910
0.060847
0.042837
0.033153
0.014168
0.045059
0.037797
0.058217
0.081023
0.196106
0.101191
0.115696
0.117428
0.042190
0.026129
0.122452
0.080544
0.040022
0.013160
0.035290
0.109268
0.162327
0.025587
0.039249
0.117398
0.095879
0.003254
0.008171
0.018115
0.052934
0.027967
0.041566
0.010523
0.028994
0.024894
0.020944
0.014338
0.045217
0.028850
0.027870
0.007696
0.014161
0.129779
0.030376
0.072928
0.095917
0.115028
0.096780
0.020354
0.016443
0.228222
0.077560
0.035498
0.032053
0.059899
0.030707
0.033186
0.096556
0.064178
0.005703
0.034783
0.039612
0.038345
0.045974
0.157380
0.109389
0.019529
0.075196
0.105212
0.123487
0.029449
0.036761
0.072023
0.087192
0.211061
0.091953
0.078544
0.059611
0.055856
0.095630
0.213083
0.065122
0.130364
0.175083
0.141576
0.054719
0.064071
0.104672
0.020590
0.155192
0.122656
0.106593
0.055280
0.089502
0.122357
0.125158
0.296397
0.087748
0.080527
0.106808
0.302901
0.101452
0.213636
0.061536
0.090679
0.193571
0.136670
0.041225
0.008781
0.059954
0.042110
0.030437
0.087036
0.055519
0.033764
0.153610
0.065399
0.058862
0.028872
0.102624
0.016484
0.024020
0.026704
0.066190
0.010814
0.028013
0.013250
0.036929
0.004719
0.050380
0.034394
0.015591
0.017644
0.026492
0.040818
0.032316
0.019467
0.005003
0.034004
0.028142
0.023548
0.006030
0.008852
0.013388
0.029773
0.032037
0.046557
0.032873
0.006902
0.013422
0.006061
0.012170
0.015759
0.010567
0.041297
0.005633
0.021776
0.023989
0.020623
0.022417
0.036116
0.047012
0.033603
0.011729
0.003698
0.005122
0.033974
0.030092
0.032289
0.057616
0.046433
0.026187
0.026889
0.034836
0.033622
0.023437
0.030101
0.055585
0.013282
0.010657
0.056593
0.033150
0.005417
0.011489
0.047947
0.146417
0.013624
0.153310
0.108567
0.125174
0.081199
0.142192
0.072994
0.120225
0.124534
0.165308
0.030020
0.064203
0.051568
0.024071
0.012005
0.016347
0.020837
0.013930
0.026161
0.033008
0.022511
0.020244
0.026215
0.028562
0.019711
0.010730
0.029787
0.009302
0.017207
0.022566
0.013307
0.027934
0.010198
0.015815
0.016030
0.047440
0.058825
0.009102
0.007657
0.030607
0.069756
0.049860
0.029342
0.027403
0.032317
0.052631
0.063070
0.032768
0.045680
0.059393
0.025851
0.061702
0.054862
0.030566
0.025474
0.040717
0.127328
0.057645
0.108310
0.013793
0.050128
0.144724
0.039505
0.099189
0.042710
0.078842
0.027613
0.158040
0.064890
0.058591
0.087513
0.069735
0.050809
0.063520
0.174296
0.055572
0.092960
0.063933
0.120924
0.037501
0.054227
0.016654
0.046028
0.030382
0.060365
0.218489
0.077467
0.077286
0.075269
0.123743
0.046449
0.074986
0.220269
0.025247
0.076025
0.046654
0.054596
0.043258
0.081318
0.028316
0.037096
0.113329
0.009582
0.150390
0.039287
0.083543
0.036403
0.060179
0.034116
0.028478
0.025968
0.016200
0.008698
0.015959
0.008078
0.027999
0.011678
0.009278
0.013861
0.037272
0.016714
0.007673
0.024737
0.046386
0.032199
0.051033
0.032761
0.018251
0.024209
0.034946
0.014640
0.056067
0.021579
0.026023
0.020386
0.019843
0.012124
0.087951
0.098703
0.155334
0.024437
0.046557
0.077772
0.041248
0.095788
0.046487
0.033656
0.037455
0.160718
0.220179
0.050552
0.354159
0.042239
0.034334
0.297629
0.190696
0.207634
0.092345
0.283306
0.148994
0.144776
0.202875
0.233892
0.339468
0.250028
0.161143
0.192616
0.193792
0.060425
0.041877
0.193133
0.133086
0.175886
0.035787
0.052518
0.044777
0.070324
0.057490
0.090628
0.033533
0.171483
0.108812
0.036962
0.048978
0.054855
0.096152
0.033097
0.017204
0.099025
0.024652
0.026641
0.108175
0.198000
0.088505
0.161859
0.018503
0.038332
0.046273
0.070840
0.130889
0.144771
0.050236
0.032453
0.079953
0.037719
0.061929
0.108485
0.140895
0.126594
0.154784
0.074726
0.144550
0.143010
0.065979
0.094397
0.022255
0.029645
0.009706
0.020634
0.020953
0.020787
0.013937
0.010585
0.020204
0.006191
0.024141
0.016170
0.014023
0.010728
0.028506
0.016861
0.023185
0.028725
0.025777
0.005232
0.024241
0.008608
0.012090
0.032749
0.002490
0.021093
0.002073
0.047738
0.025491
0.010978
0.023052
0.017878
0.096576
0.205649
0.056492
0.401393
0.106390
0.218464
0.088621
0.014942
0.039802
0.127955
0.074983
0.098525
0.106439
0.147001
0.017127
0.037818
0.065644
0.010198
0.099200
0.101831
0.044505
0.063402
0.174085
0.063627
0.010783
0.007859
0.038323
0.028896
0.038122
0.023629
0.016104
0.058336
0.026695
0.043487
0.027954
0.046272
0.008532
0.042677
0.008880
0.023966
0.016863
0.009241
0.008436
0.016770
0.015847
0.030793
0.016568
0.028815
0.016428
0.021363
0.014276
0.036642
0.023191
0.019500
0.015734
0.024901
0.004501
0.026648
0.013027
0.020753
0.031605
0.021366
0.015834
0.029737
0.027107
0.082576
0.060939
0.022498
0.019532
0.115726
0.118959
0.206151
0.087286
0.187846
0.141657
0.063718
0.083917
0.123700
0.297070
0.173967
0.104775
0.120309
0.014034
0.084570
0.128683
0.053954
0.030848
0.141221
0.141831
0.177007
0.145670
0.297966
0.054425
0.093581
0.181236
0.154025
0.058353
0.114362
0.055282
0.065214
0.069456
0.097204
0.094501
0.389360
0.430622
0.152522
0.326081
0.050203
0.144332
0.260627
0.173457
0.197318
0.089428
0.165651
0.127908
0.073539
0.119880
0.057315
0.049734
0.159095
0.066510
0.041829
0.058582
0.060350
0.038901
0.076853
0.140072
0.008520
0.027294
0.014334
0.014656
0.026654
0.025003
0.045868
0.036252
0.013494
0.032121
0.018196
0.006514
0.010999
0.018985
0.025280
0.013476
0.022467
0.035040
0.039712
0.029222
0.030652
0.037162
0.031610
0.029701
0.038129
0.045620
0.025796
0.002020
0.018222
0.025466
0.036203
0.017842
0.050488
0.021134
0.010364
0.030455
0.016790
0.029492
0.010469
0.025190
0.040704
0.009903
0.029705
0.014710
0.011561
0.015449
0.058406
0.055781
0.077659
0.060220
0.030461
0.035618
0.056144
0.052907
0.016764
0.028061
0.083109
0.018450
0.070605
0.029173
0.054106
0.019323
0.035222
0.052434
0.009219
0.024368
0.026414
0.018063
0.035355
0.026069
0.028721
0.036970
0.059078
0.035903
0.069486
0.011534
0.055504
0.038509
0.039284
0.022996
0.026562
0.050404
0.055590
0.027555
0.047890
0.121028
0.180594
0.193270
0.118980
0.127914
0.049579
0.099563
0.116620
0.081077
0.032418
0.026622
0.074001
0.132351
0.020282
0.064464
0.138394
0.228927
0.263189
0.164447
0.042221
0.130807
0.061768
0.115252
0.061392
0.034414
0.147061
0.263942
0.013487
0.015965
0.026822
0.009349
0.009763
0.021843
0.006322
0.000737
0.012243
0.006829
0.023871
0.127458
0.077285
0.033314
0.082006
0.045190
0.038876
0.056865
0.046784
0.078631
0.062797
0.084011
0.022894
0.028005
0.053193
0.027339
0.079347
0.042046
0.039994
0.139608
0.173919
0.038183
0.021731
0.061283
0.116673
0.045033
0.042463
0.021690
0.028558
0.025685
0.020432
0.022840
0.003939
0.031591
0.074248
0.010848
0.128926
0.124902
0.062115
0.139731
0.057748
0.082007
0.180834
0.022883
0.074042
0.112118
0.188965
0.105516
0.031535
0.128470
0.013114
0.106271
0.099996
0.129749
0.021952
0.065302
0.087103
0.039720
0.032163
0.135397
0.192278
0.107596
0.039588
0.067522
0.143182
0.180678
0.043565
0.051808
0.022818
0.022950
0.127805
0.024667
0.011846
0.022501
0.011743
0.005540
0.232316
0.032165
0.038324
0.062137
0.112131
0.042846
0.123037
0.020021
0.073471
0.073142
0.123361
0.091656
0.172633
0.058132
0.073901
0.136603
0.016299
0.030571
0.114204
0.040208
0.026849
0.047856
0.030605
0.038389
0.057722
0.067353
0.024505
0.038772
0.099079
0.091757
0.049437
0.115222
0.148742
0.120759
0.103698
0.023692
0.211808
0.058070
0.026345
0.038551
0.023723
0.032324
0.082707
0.104213
0.050947
0.185085
0.037026
0.025791
0.194694
0.020230
0.029485
0.031483
0.064835
0.024283
0.031508
0.025190
0.045706
0.036477
0.028756
0.011706
0.024669
0.022427
0.056631
0.020092
0.010482
0.093093
0.037619
0.026359
0.054035
0.048140
0.012712
0.019317
0.022188
0.017091
0.036176
0.037782
0.007802
0.040582
0.013512
0.032338
0.040841
0.010875
0.029239
0.003493
0.019929
0.031478
0.026918
0.054664
0.029862
0.040061
0.038707
0.048453
0.122878
0.020685
0.188943
0.063585
0.044753
0.043993
0.015652
0.012773
0.033567
0.046012
0.009828
0.003416
0.085983
0.077683
0.031317
0.047769
0.143345
0.132435
0.132707
0.046998
0.092352
0.055435
0.040647
0.023762
0.032774
0.098291
0.062711
0.031386
0.042355
0.064480
0.058745
0.037733
0.046393
0.030566
0.031708
0.045222
0.103510
0.013437
0.029194
0.054161
0.066095
0.037339
0.043132
0.015040
0.052501
0.042411
0.010599
0.018685
0.026150
0.013846
0.021545
0.009697
0.019436
0.010454
0.014845
0.007181
0.041297
0.021477
0.008844
0.018353
0.002993
0.020290
0.017902
0.013197
0.008983
0.027886
0.029734
0.027888
0.025968
0.023229
0.028377
0.017567
0.012717
0.012364
0.013660
0.016136
0.020648
0.029796
0.007995
0.036390
0.014225
0.013530
0.026609
0.007439
0.024647
0.007964
0.035704
0.006610
0.016706
0.014483
0.037588
0.187256
0.082307
0.169257
0.129144
0.034458
0.036360
0.075115
0.113276
0.269624
0.098932
0.103048
0.227215
0.109171
0.257178
0.013868
0.102690
0.166994
0.090126
0.143637
0.120503
0.059471
0.053771
0.135448
0.031926
0.024196
0.068182
0.121065
0.017845
0.025447
0.064057
0.015149
0.008489
0.020773
0.026507
0.017797
0.014826
0.008590
0.021500
0.025081
0.018106
0.021215
0.040996
0.030163
0.027146
0.025482
0.027769
0.004497
0.032378
0.033909
0.017855
0.016835
0.017975
0.020317
0.018833
0.017664
0.020515
0.015760
0.009622
0.022114
0.167645
0.120050
0.027878
0.051360
0.183841
0.061245
0.100330
0.044288
0.106379
0.062726
0.060107
0.097756
0.073348
0.050061
0.052076
0.137317
0.236353
0.052809
0.042871
0.045018
0.027781
0.114223
0.059968
0.133434
0.055272
0.043234
0.096369
0.048509
0.049578
0.027386
0.105460
0.106268
0.115116
0.184251
0.044718
0.073838
0.260082
0.253687
0.090281
0.108161
0.096847
0.215660
0.045409
0.067141
0.034393
0.208225
0.093447
0.408511
0.075970
0.136534
0.118551
0.291595
0.041558
0.112729
0.060284
0.128513
0.038195
0.024847
0.014363
0.018997
0.018681
0.008711
0.026275
0.018098
0.026528
0.019463
0.020048
0.035802
0.013870
0.029762
0.018229
0.051353
0.039421
0.021314
0.018310
0.022642
0.038156
0.040597
0.015543
0.080624
0.195651
0.098776
0.284537
0.304193
0.148121
0.185913
0.039038
0.024713
0.023376
0.018480
0.020024
0.012296
0.011589
0.004333
0.019248
0.028195
0.016355
0.021805
0.034578
0.012116
0.052044
0.075958
0.011200
0.094411
0.028619
0.080214
0.008253
0.068651
0.057618
0.046563
0.018623
0.028562
0.036285
0.023956
0.024567
0.080632
0.042925
0.087047
0.018973
0.006531
0.025607
0.024927
0.052339
0.039941
0.034634
0.022299
0.026174
0.053661
0.009627
0.007496
0.016705
0.069406
0.041146
0.029431
0.020071
0.024234
0.008147
0.033274
0.029767
0.063492
0.089008
0.045964
0.171720
0.173249
0.056316
0.037900
0.173509
0.118616
0.154424
0.038469
0.095155
0.012280
0.017202
0.066978
0.025646
0.022802
0.067175
0.039153
0.062106
0.074168
0.178503
0.101086
0.123223
0.047108
0.017625
0.092351
0.031142
0.018062
0.021320
0.037931
0.098432
0.106994
0.096661
0.087924
0.030196
0.015163
0.043479
0.070035
0.034949
0.024984
0.082938
0.050867
0.053012
0.035895
0.039672
0.130605
0.051758
0.017973
0.030109
0.067945
0.028278
0.047372
0.012742
0.042480
0.020918
0.017447
0.067243
0.021859
0.010713
0.026786
0.043471
0.047637
0.020054
0.013627
0.017830
0.019792
0.024231
0.029167
0.076272
0.014473
0.058078
0.039623
0.014719
0.025791
0.023253
0.023743
0.009936
0.016403
0.015496
0.120146
0.033791
0.059355
0.052621
0.042559
0.049491
0.025218
0.021716
0.128857
0.137008
0.108939
0.164203
0.041726
0.253981
0.155569
0.149357
0.044264
0.066057
0.039117
0.060912
0.013678
0.010600
0.028911
0.014148
0.010242
0.010266
0.006624
0.008703
0.003458
0.019212
0.027468
0.024429
0.024734
0.033857
0.015630
0.020519
0.024086
0.112364
0.069684
0.028945
0.077342
0.055102
0.016801
0.063134
0.060258
0.090044
0.033355
0.053120
0.068395
0.051997
0.054105
0.048754
0.014063
0.145726
0.185347
0.040130
0.179798
0.101168
0.016825
0.113045
0.053862
0.054273
0.027134
0.033960
0.026032
0.021600
0.026821
0.004568
0.022919
0.073968
0.043758
0.035629
0.083430
0.009573
0.041086
0.024325
0.055994
0.061559
0.028764
0.068273
0.024538
0.034311
0.026134
0.040997
0.030770
0.078768
0.084827
0.019375
0.016898
0.013613
0.036591
0.020839
0.019264
0.001552
0.040173
0.031656
0.009306
0.018646
0.019287
0.021586
0.051606
0.004602
0.028937
0.026534
0.025333
0.025658
0.010115
0.010656
0.029058
0.015139
0.025022
0.039587
0.008587
0.030453
0.014545
0.030570
0.049496
0.053681
0.071350
0.058012
0.023967
0.043295
0.027995
0.077704
0.010456
0.032191
0.029796
0.111700
0.045551
0.082929
0.086576
0.020801
0.080604
0.150087
0.096973
0.035425
0.055658
0.039758
0.033007
0.033754
0.048142
0.096198
0.108573
0.130928
0.071951
0.061145
0.026394
0.089233
0.049314
0.022086
0.072084
0.048560
0.085585
0.026295
0.045963
0.048409
0.067770
0.020773
0.017493
0.029786
0.029991
0.032748
0.014035
0.016908
0.004211
0.031875
0.027874
0.007383
0.005232
0.006851
0.028183
0.032275
0.017455
0.020187
0.022810
0.020886
0.066629
0.013313
0.052704
0.034950
0.016063
0.016819
0.048178
0.029585
0.030995
0.019509
0.086092
0.010774
0.045398
0.022209
0.037685
0.044640
0.036644
0.025432
0.026802
0.025746
0.043695
0.047632
0.022033
0.123773
0.085970
0.055887
0.027588
0.042659
0.181860
0.085182
0.057319
0.128699
0.052783
0.030523
0.021003
0.041748
0.104163
0.047853
0.047610
0.045028
0.039107
0.098039
0.042450
0.040164
0.030834
0.027965
0.059318
0.072500
0.146556
0.044988
0.044098
0.174021
0.357827
0.060056
0.023959
0.023842
0.017566
0.015667
0.051966
0.041392
0.032562
0.090277
0.189792
0.064741
0.158448
0.025002
0.020525
0.042788
0.080186
0.060193
0.022523
0.033278
0.084583
0.099549
0.014566
0.111446
0.037813
0.021893
0.064106
0.121262
0.123347
0.057504
0.082359
0.112995
0.032306
0.096575
0.087385
0.110416
0.293222
0.104084
0.023921
0.070857
0.099443
0.025716
0.036502
0.022327
0.032373
0.075090
0.027017
0.016872
0.022517
0.030830
0.040680
0.001030
0.019961
0.013793
0.092717
0.053460
0.116813
0.091195
0.038158
0.026150
0.023278
0.116180
0.025604
0.082619
0.033598
0.020377
0.042998
0.038984
0.019251
0.034807
0.013278
0.015745
0.012681
0.012695
0.007070
0.028149
0.012949
0.017748
0.042901
0.061037
0.037606
0.014728
0.015249
0.041251
0.034173
0.020241
0.101865
0.070605
0.020925
0.034600
0.073226
0.006724
0.043526
0.062090
0.042463
0.078250
0.021837
0.013666
0.021341
0.041032
0.038095
0.041251
0.052343
0.028765
0.031217
0.017092
0.005984
0.032681
0.005926
0.020839
0.033857
0.041247
0.008063
0.014817
0.037490
0.037042
0.018253
0.013493
0.034275
0.044453
0.024893
0.024173
0.016904
0.033199
0.021489
0.020663
0.027468
0.039574
0.015431
0.018819
0.025764
0.036597
0.010529
0.012434
0.029898
0.010285
0.063351
0.038988
0.025212
0.023123
0.026783
0.007948
0.013118
0.021565
0.034095
0.028953
0.003106
0.005726
0.035730
0.069698
0.075706
0.030200
0.098245
0.136862
0.036096
0.045184
0.123357
0.033932
0.021622
0.087322
0.083086
0.046333
0.062960
0.030860
0.023804
0.098563
0.083913
0.086944
0.095119
0.085493
0.102913
0.087063
0.100372
0.100762
0.070211
0.091453
0.063459
0.130097
0.040896
0.042238
0.158590
0.030862
0.041521
0.027634
0.092621
0.061907
0.057601
0.044519
0.029960
0.128594
0.089546
0.100163
0.048787
0.051559
0.028047
0.109793
0.111608
0.120919
0.088504
0.188912
0.045703
0.075148
0.266054
0.259693
0.099432
0.222139
0.045446
0.069137
0.036134
0.216812
0.097387
0.423105
0.141835
0.123269
0.302566
0.044080
0.115748
0.063673
0.060564
0.063171
0.136370
0.042086
0.037147
0.033637
0.017707
0.035312
0.021519
0.017648
0.031257
0.022003
0.018922
0.032147
0.022342
0.028032
0.025746
0.027208
0.013286
0.015503
0.020173
0.040465
0.039634
0.039565
0.021832
0.019675
0.022718
0.035331
0.044193
0.017850
0.082608
0.202321
0.103311
0.293581
0.313799
0.151884
0.190608
0.082761
0.088850
0.008685
0.101461
0.022493
0.063328
0.028939
0.034915
0.051235
0.084581
0.045539
0.019778
0.087014
0.093403
0.114276
0.095406
0.049735
0.062508
0.036554
0.047794
0.030072
0.044904
0.022858
0.038948
0.210049
0.043801
0.040431
0.024239
0.085892
0.114701
0.018411
0.160139
0.033533
0.089452
0.085046
0.090407
0.065303
0.077795
0.243674
0.110184
0.208605
0.031567
0.248131
0.038285
0.111124
0.196940
0.132916
0.145774
0.151768
0.136427
0.149492
0.229329
0.086518
0.072927
0.082596
0.186116
0.046695
0.023103
0.056794
0.067565
0.024551
0.033012
0.020522
0.031906
0.055071
0.021167
0.012997
0.023000
0.008681
0.009157
0.008199
0.039747
0.030708
0.058364
0.008870
0.015645
0.016336
0.153396
0.040970
0.071961
0.066559
0.069603
0.200972
0.051446
0.060846
0.132660
0.128152
0.050050
0.014976
0.010439
0.056536
0.028839
0.055438
0.070854
0.019527
0.038599
0.024015
0.039481
0.023818
0.102892
0.020125
0.051260
0.030333
0.032428
0.025780
0.056207
0.036782
0.054667
0.030498
0.027624
0.123262
0.009330
0.024557
0.033822
0.018628
0.023531
0.024178
0.036783
0.027110
0.066414
0.077358
0.116519
0.022072
0.036144
0.076047
0.085243
0.092740
0.052376
0.082610
0.022090
0.100448
0.156738
0.088945
0.040024
0.039042
0.056146
0.056745
0.037546
0.020291
0.090420
0.041782
0.090769
0.045590
0.097773
0.103911
0.055251
0.058321
0.142001
0.061110
0.055381
0.042229
0.039547
0.073743
0.139239
0.117827
0.111291
0.120943
0.115976
0.137361
0.119370
0.138392
0.021093
0.034683
0.005008
0.012814
0.016185
0.011611
0.050618
0.013676
0.059324
0.018338
0.046101
0.021415
0.030328
0.028995
0.022252
0.018162
0.018411
0.042366
0.023451
0.005278
0.039652
0.021223
0.027130
0.068298
0.077937
0.012314
0.092040
0.030813
0.019077
0.045251
0.037118
0.046200
0.066499
0.096552
0.027589
0.073723
0.066666
0.143633
0.033540
0.059636
0.099093
0.154355
0.120704
0.203683
0.060096
0.021012
0.065585
0.085700
0.025212
0.001020
0.026639
0.010241
0.029488
0.003625
0.023079
0.016405
0.013223
0.014975
0.030796
0.051119
0.022228
0.070704
0.029875
0.013661
0.031396
0.029277
0.015178
0.027779
0.025821
0.035229
0.030395
0.040317
0.025831
0.051731
0.021922
0.037717
0.018835
0.056691
0.016972
0.041677
0.015115
0.028909
0.013199
0.012649
0.013459
0.017280
0.010809
0.010367
0.049873
0.012590
0.168688
0.177254
0.337094
0.451817
0.043078
0.161655
0.268399
0.116178
0.142364
0.060231
0.179923
0.149907
0.023478
0.235744
0.070674
0.066780
0.016685
0.110649
0.102117
0.054375
0.057062
0.157310
0.024900
0.069015
0.030351
0.085146
0.045946
0.084199
0.064877
0.051224
0.013513
0.054928
0.012916
0.010341
0.049613
0.035362
0.019675
0.037172
0.029974
0.016292
0.025539
0.031972
0.030986
0.008266
0.039860
0.030201
0.013369
0.017499
0.008468
0.008683
0.012698
0.025182
0.016659
0.013815
0.004796
0.036696
0.085452
0.138024
0.147609
0.064371
0.211530
0.067017
0.030319
0.040521
0.090134
0.033150
0.101142
0.051010
0.030011
0.192098
0.147411
0.135392
0.252794
0.093209
0.042811
0.017406
0.028424
0.023104
0.054012
0.007947
0.061988
0.011404
0.035429
0.047430
0.023971
0.049291
0.009376
0.012560
0.027839
0.032118
0.043894
0.041484
0.022176
0.005500
0.024080
0.005271
0.013029
0.025379
0.022361
0.027399
0.025136
0.029410
0.015669
0.009364
0.041010
0.032950
0.004512
0.051119
0.022994
0.010778
0.013549
0.030350
0.029288
0.021326
0.013106
0.016851
0.019508
0.019803
0.016910
0.023584
0.035807
0.022829
0.029376
0.030393
0.011698
0.025495
0.035931
0.005450
0.024115
0.008228
0.016033
0.022718
0.015676
0.031487
0.080095
0.053083
0.032320
0.020334
0.033897
0.055339
0.039982
0.013500
0.014397
0.024955
0.019830
0.017571
0.013926
0.017742
0.040333
0.033316
0.052487
0.096038
0.101561
0.048323
0.068966
0.093428
0.029370
0.070660
0.031611
0.084872
0.104810
0.081849
0.079714
0.055935
0.122402
0.028170
0.052928
0.192603
0.074103
0.093337
0.250194
0.086373
0.137639
0.106773
0.183479
0.052764
0.032972
0.088050
0.155608
0.128051
0.105979
0.021675
0.160327
0.133541
0.040314
0.140893
0.170557
0.026925
0.092244
0.030835
0.038036
0.069713
0.089194
0.069758
0.206910
0.112752
0.108145
0.147739
0.034228
0.039951
0.203540
0.035490
0.134405
0.033034
0.015894
0.014605
0.109962
0.047591
0.022025
0.022938
0.044041
0.032030
0.020431
0.035643
0.030016
0.046808
0.018925
0.029041
0.023478
0.021687
0.029659
0.022732
0.016661
0.012929
0.068886
0.093264
0.058509
0.051833
0.018459
0.038370
0.010407
0.026165
0.025445
0.030959
0.116800
0.008861
0.132675
0.089587
0.074821
0.026513
0.031682
0.036378
0.038223
0.113683
0.087791
0.059283
0.011256
0.100381
0.074015
0.142319
0.112464
0.049340
0.091575
0.061205
0.139207
0.259396
0.152623
0.130594
0.079026
0.025982
0.055213
0.102682
0.044879
0.049943
0.048892
0.075166
0.344119
0.122462
0.069126
0.106684
0.062226
0.195423
0.109971
0.202261
0.065265
0.077537
0.342218
0.198071
0.079359
0.013030
0.097498
0.065355
0.113536
0.096407
0.237692
0.029383
0.024191
0.032756
0.020592
0.031446
0.046909
0.046017
0.020694
0.009801
0.024079
0.026314
0.033179
0.005254
0.025297
0.011253
0.014165
0.055989
0.013858
0.164749
0.039060
0.304245
0.058157
0.187063
0.246595
0.100204
0.065436
0.056179
0.115439
0.051574
0.021326
0.045191
0.042536
0.160692
0.022148
0.073363
0.037722
0.031433
0.010098
0.003596
0.008765
0.028562
0.024734
0.016323
0.023176
0.027609
0.006715
0.011600
0.008359
0.012008
0.026117
0.041334
0.022878
0.042880
0.026642
0.019747
0.011893
0.007571
0.062112
0.032275
0.051076
0.059649
0.022718
0.062499
0.068862
0.072251
0.069402
0.035303
0.047481
0.030107
0.048841
0.049331
0.016789
0.231970
0.032904
0.099610
0.121663
0.090372
0.122614
0.083864
0.171688
0.053181
0.046710
0.197080
0.317958
0.036738
0.137059
0.087613
0.099666
0.127353
0.048010
0.024614
0.067814
0.071099
0.034117
0.080702
0.049930
0.102222
0.130107
0.047640
0.038452
0.031086
0.080086
0.014716
0.031127
0.019942
0.019157
0.029169
0.025699
0.014805
0.013645
0.018995
0.048953
0.011479
0.061346
0.011995
0.031933
0.023302
0.046257
0.025536
0.024973
0.029373
0.015161
0.042789
0.051224
0.065461
0.045192
0.006206
0.011852
0.028280
0.028397
0.103889
0.038686
0.056083
0.049390
0.050484
0.091442
0.281897
0.111701
0.092343
0.130779
0.190504
0.303426
0.234550
0.247760
0.273176
0.306127
0.136112
0.020511
0.077373
0.155542
0.389082
0.049048
0.327149
0.044596
0.145498
0.045986
0.087139
0.026961
0.358361
0.242148
0.102255
0.070100
0.041278
0.200465
0.034915
0.023884
0.047082
0.023844
0.176105
0.103283
0.083241
0.059688
0.121896
0.031146
0.054434
0.026412
0.027112
0.020923
0.027581
0.041082
0.032246
0.011359
0.014815
0.023054
0.005445
0.019408
0.034768
0.010791
0.021133
0.012462
0.018859
0.018503
0.010389
0.031957
0.008480
0.007041
0.026696
0.112664
0.150006
0.176417
0.161657
0.078690
0.079402
0.135241
0.012355
0.048597
0.021703
0.023933
0.018455
0.032504
0.018465
0.029877
0.045952
0.011040
0.024739
0.013033
0.031062
0.022340
0.022214
0.017922
0.023629
0.012808
0.022087
0.032903
0.021769
0.030089
0.122774
0.086189
0.013989
0.068843
0.187396
0.158600
0.140433
0.151737
0.153032
0.178071
0.158358
0.183396
0.017351
0.023620
0.002316
0.013209
0.020510
0.094724
0.091867
0.062995
0.213323
0.057986
0.098803
0.022230
0.019324
0.031135
0.013959
0.025716
0.011504
0.008057
0.009086
0.025628
0.002435
0.015736
0.031533
0.009841
0.020764
0.010645
0.038061
0.008912
0.040559
0.032617
0.028536
0.045916
0.115281
0.045865
0.109259
0.047526
0.041351
0.033690
0.041530
0.080475
0.011623
0.013763
0.017354
0.092951
0.076370
0.047390
0.037626
0.031838
0.060142
0.069808
0.025946
0.044817
0.031301
0.034026
0.053699
0.021836
0.032248
0.026192
0.012483
0.015063
0.018369
0.022392
0.045462
0.027267
0.153609
0.090825
0.054938
0.110664
0.013552
0.252984
0.063930
0.085465
0.018525
0.065730
0.043321
0.085643
0.318544
0.125949
0.325268
0.040526
0.032923
0.175305
0.190976
0.084677
0.257398
0.136721
0.132205
0.184193
0.225627
0.050086
0.036163
0.049310
0.005352
0.056280
0.047641
0.072830
0.031200
0.026243
0.020136
0.037333
0.085052
0.011798
0.011770
0.152438
0.302008
0.405308
0.041289
0.031411
0.127960
0.225899
0.060339
0.015329
0.030009
0.029942
0.045387
0.030349
0.040354
0.033509
0.030975
0.019607
0.012290
0.003074
0.017047
0.030349
0.038048
0.001678
0.012196
0.044827
0.028366
0.033029
0.046711
0.040803
0.024009
0.004893
0.010145
0.021677
0.008704
0.020036
0.010479
0.023591
0.018404
0.041165
0.052087
0.037240
0.020226
0.040603
0.027295
0.009957
0.099368
0.025147
0.052484
0.038188
0.060626
0.010642
0.168409
0.066850
0.028351
0.055877
0.017878
0.019468
0.035392
0.018204
0.010608
0.103214
0.102420
0.080120
0.029649
0.092359
0.038679
0.004645
0.040315
0.020028
0.014470
0.036566
0.029012
0.009684
0.024072
0.027417
0.031363
0.009890
0.023250
0.035829
0.018992
0.034477
0.021412
0.038557
0.008847
0.030499
0.020220
0.011599
0.020452
0.012637
0.012962
0.010689
0.065601
0.045155
0.040115
0.157835
0.049390
0.059568
0.045424
0.052483
0.111282
0.017021
0.050061
0.052774
0.061145
0.047516
0.119828
0.057349
0.093004
0.027048
0.117612
0.028398
0.100717
0.206460
0.108463
0.055898
0.007611
0.067166
0.030095
0.081215
0.089971
0.073837
0.019956
0.035168
0.039407
0.096631
0.036930
0.146230
0.023212
0.018374
0.130514
0.017785
0.029692
0.037315
0.036034
0.153057
0.044327
0.051515
0.050697
0.030332
0.020355
0.015059
0.162415
0.018831
0.025093
0.034437
0.056379
0.071313
0.010610
0.056607
0.093765
0.022709
0.024580
0.020867
0.038710
0.064248
0.038581
0.048328
0.122157
0.020264
0.187199
0.064347
0.045431
0.045472
0.015946
0.013241
0.034136
0.046696
0.009867
0.003247
0.024043
0.086791
0.078999
0.032424
0.048899
0.144925
0.133970
0.134111
0.047830
0.093009
0.055760
0.040292
0.023283
0.032475
0.096637
0.062610
0.031094
0.041644
0.064071
0.057856
0.037251
0.030517
0.046133
0.029811
0.030207
0.045129
0.102734
0.013367
0.028941
0.054197
0.065045
0.036794
0.086196
0.041387
0.014852
0.051223
0.042213
0.044489
0.010494
0.017658
0.025803
0.013505
0.020849
0.047392
0.022606
0.028742
0.020724
0.009429
0.018836
0.010432
0.014421
0.007546
0.041043
0.022241
0.009714
0.017212
0.002911
0.020063
0.018828
0.013366
0.010000
0.027690
0.030058
0.027344
0.024247
0.024384
0.028570
0.017651
0.012202
0.013084
0.013273
0.016256
0.020577
0.029917
0.008624
0.035605
0.015810
0.013306
0.025594
0.007423
0.024851
0.008121
0.037048
0.006514
0.017763
0.014333
0.038168
0.188543
0.082762
0.170498
0.129852
0.034819
0.036375
0.075624
0.113550
0.271157
0.099452
0.103722
0.228234
0.109545
0.257463
0.014094
0.081966
0.097628
0.122148
0.105884
0.052038
0.055003
0.091774
0.078005
0.057931
0.064648
0.077999
0.029696
0.014889
0.006290
0.038974
0.065968
0.041104
0.008655
0.017643
0.016746
0.019705
0.026230
0.013767
0.005321
0.012554
0.010968
0.003557
0.022250
0.011977
0.025859
0.030601
0.009594
0.034713
0.011538
0.007590
0.005522
0.012258
0.020427
0.015115
0.053040
0.018218
0.023104
0.063888
0.011771
0.048376
0.045411
0.067592
0.152218
0.014246
0.061232
0.040100
0.155026
0.226876
0.133860
0.075363
0.122514
0.083864
0.045414
0.055554
0.326818
0.138146
0.060799
0.133160
0.071512
0.065379
0.061218
0.051442
0.074097
0.232542
0.057352
0.036977
0.290426
0.113772
0.054631
0.100508
0.083892
0.105388
0.018013
0.081225
0.072871
0.021976
0.017484
0.101761
0.082900
0.050830
0.100452
0.036779
0.039706
0.048941
0.007182
0.030734
0.031711
0.029052
0.301801
0.116736
0.051511
0.172712
0.021634
0.122782
0.062246
0.192567
0.163234
0.057192
0.027647
0.045125
0.045460
0.045410
0.027607
0.034093
0.027209
0.017952
0.040157
0.030027
0.026356
0.015143
0.013464
0.009490
0.013303
0.039522
0.015630
0.012216
0.025868
0.015146
0.004669
0.014918
0.016895
0.013687
0.031978
0.027076
0.071923
0.067826
0.039425
0.101609
0.063847
0.034580
0.040299
0.019183
0.049614
0.129462
0.139512
0.152415
0.046720
0.043198
0.062180
0.026141
0.035983
0.027060
0.057201
0.028776
0.011600
0.008838
0.034828
0.027290
0.015332
0.052455
0.053671
0.018688
0.152343
0.046307
0.114069
0.049285
0.167940
0.173104
0.081733
0.115249
0.046436
0.023677
0.310026
0.210609
0.272000
0.023094
0.032356
0.029876
0.054595
0.048040
0.047975
0.011016
0.072093
0.056147
0.041310
0.033961
0.104123
0.009082
0.022810
0.029317
0.028083
0.017560
0.018180
0.014566
0.034982
0.007833
0.012129
0.011525
0.024025
0.016697
0.024987
0.023924
0.017164
0.008870
0.003460
0.025623
0.026961
0.014081
0.019726
0.003806
0.012522
0.027632
0.033060
0.007250
0.011016
0.008563
0.037443
0.090236
0.015277
0.128800
0.081602
0.018310
0.079484
0.017037
0.058959
0.048386
0.027836
0.012340
0.042399
0.019042
0.008604
0.009119
0.040259
0.059829
0.052798
0.122927
0.094652
0.170402
0.009554
0.058940
0.054603
0.045626
0.078241
0.131528
0.144992
0.058982
0.124450
0.027262
0.033103
0.050377
0.063111
0.034383
0.523260
0.142569
0.166158
0.020294
0.103948
0.367420
0.078902
0.124330
0.075463
0.238131
0.218958
0.108818
0.026680
0.086847
0.048172
0.122033
0.023698
0.045914
0.079284
0.023325
0.064598
0.040921
0.067353
0.050399
0.006032
0.034899
0.101335
0.029820
0.029532
0.153598
0.171598
0.184840
0.054954
0.051634
0.014658
0.023903
0.023752
0.018994
0.017700
0.016585
0.039501
0.030291
0.048482
0.046524
0.073359
0.098430
0.038284
0.013110
0.036606
0.019031
0.055399
0.043372
0.025259
0.099899
0.015371
0.080859
0.034523
0.096368
0.108264
0.079674
0.083138
0.051826
0.109042
0.051573
0.089456
0.023733
0.024570
0.024196
0.045592
0.025778
0.016244
0.038751
0.004351
0.008387
0.021214
0.023343
0.016619
0.016063
0.012100
0.018636
0.022298
0.026737
0.015789
0.007889
0.007408
0.024020
0.010942
0.045196
0.015076
0.013688
0.021273
0.024321
0.031729
0.019988
0.032906
0.075967
0.016557
0.038899
0.140669
0.132628
0.048659
0.056715
0.099070
0.053417
0.320886
0.107516
0.078654
0.039254
0.007023
0.050724
0.115844
0.101617
0.024839
0.093749
0.105855
0.044810
0.034350
0.052381
0.079115
0.181454
0.031862
0.307952
0.093599
0.316226
0.030282
0.135051
0.071054
0.138354
0.065604
0.062392
0.186481
0.178469
0.063805
0.019307
0.139803
0.071860
0.137945
0.023158
0.207096
0.290913
0.151330
0.056097
0.027029
0.020597
0.028546
0.041946
0.039129
0.048162
0.008941
0.026209
0.009126
0.019245
0.013118
0.088722
0.233626
0.285785
0.322697
0.043951
0.047930
0.079429
0.160762
0.054965
0.174166
0.026576
0.109519
0.077574
0.189366
0.171214
0.010217
0.030609
0.011896
0.013268
0.024937
0.014098
0.023415
0.012556
0.019125
0.027208
0.039823
0.034544
0.043227
0.047465
0.024797
0.025996
0.030372
0.071784
0.012738
0.147172
0.037694
0.064032
0.035173
0.068753
0.089909
0.026626
0.019421
0.018153
0.016268
0.062065
0.059550
0.062001
0.012870
0.033333
0.020392
0.037475
0.023388
0.019822
0.013251
0.029883
0.020616
0.008797
0.039878
0.004060
0.014274
0.011462
0.015332
0.003270
0.015694
0.009371
0.029429
0.014906
0.024048
0.022329
0.020064
0.033718
0.048951
0.020476
0.029213
0.052417
0.013336
0.014707
0.019728
0.046342
0.022437
0.017637
0.027713
0.062314
0.156144
0.056751
0.187201
0.104381
0.098387
0.170587
0.059629
0.107010
0.288988
0.033984
0.063094
0.084350
0.059120
0.347629
0.117537
0.084654
0.123626
0.144422
0.146119
0.049161
0.032186
0.148443
0.099965
0.126968
0.026842
0.032724
0.059312
0.131432
0.117851
0.023240
0.043405
0.042450
0.072998
0.077250
0.041289
0.072491
0.083522
0.207612
0.118342
0.139471
0.204830
0.026084
0.076601
0.051344
0.036385
0.021790
0.045896
0.123754
0.037832
0.019138
0.054709
0.079090
0.084391
0.028802
0.047892
0.087414
0.118759
0.023559
0.105336
0.055680
0.039114
0.056618
0.051947
0.041122
0.028814
0.025886
0.012110
0.012686
0.025784
0.008886
0.017096
0.004213
0.014453
0.012193
0.022081
0.008815
0.157234
0.222924
0.121603
0.045418
0.079096
0.160748
0.209759
0.111514
0.030039
0.034503
0.055459
0.065653
0.025666
0.027786
0.172499
0.260684
0.126731
0.045971
0.139088
0.022724
0.084276
0.132503
0.075019
0.116304
0.068807
0.065934
0.164505
0.034830
0.048982
0.059209
0.135070
0.075083
0.099100
0.140300
0.034404
0.026593
0.020767
0.024564
0.040344
0.058724
0.063289
0.106118
0.050496
0.015187
0.047883
0.020822
0.026275
0.012175
0.011152
0.019097
0.026921
0.009471
0.022569
0.009415
0.024627
0.009358
0.034861
0.049782
0.032274
0.010136
0.003295
0.024726
0.025412
0.010869
0.025364
0.027380
0.028791
0.008622
0.030204
0.010131
0.027845
0.022622
0.029120
0.026905
0.013410
0.021339
0.030201
0.019045
0.067341
0.024332
0.033580
0.038552
0.023749
0.061206
0.041043
0.061747
0.019666
0.047731
0.046188
0.030137
0.084383
0.100237
0.051513
0.059290
0.085163
0.034325
0.031834
0.066736
0.019349
0.058332
0.032277
0.052184
0.047099
0.020468
0.037386
0.116507
0.062425
0.029300
0.021913
0.037815
0.024109
0.071389
0.038609
0.029508
0.036814
0.065085
0.078569
0.041595
0.190026
0.145180
0.154776
0.175132
0.191201
0.082891
0.013350
0.031169
0.039892
0.104836
0.248941
0.021720
0.043522
0.112562
0.042251
0.075385
0.110631
0.106931
0.136223
0.027818
0.128036
0.248589
0.089199
0.157762
0.084689
0.177229
0.226172
0.032973
0.114551
0.072984
0.043186
0.020032
0.027275
0.034892
0.021486
0.028715
0.010303
0.027434
0.008867
0.026205
0.016168
0.047232
0.056053
0.010051
0.058003
0.022544
0.022656
0.022191
0.006615
0.042100
0.017009
0.030069
0.021550
0.008045
0.036431
0.026163
0.034094
0.048563
0.039946
0.035772
0.017395
0.023771
0.025711
0.022145
0.012475
0.025270
0.012831
0.045116
0.027404
0.026640
0.020748
0.009799
0.004544
0.030628
0.032988
0.012260
0.066871
0.131397
0.114625
0.055881
0.046635
0.019741
0.117023
0.108944
0.062239
0.030968
0.060984
0.022080
0.065332
0.101057
0.022901
0.037454
0.081408
0.178269
0.101921
0.059382
0.071277
0.283340
0.138589
0.233115
0.090507
0.132212
0.098830
0.048593
0.091972
0.346827
0.140213
0.084702
0.117397
0.158890
0.036440
0.053745
0.267468
0.047340
0.186386
0.048537
0.017758
0.062361
0.013720
0.168924
0.131250
0.051456
0.036106
0.024115
0.176423
0.027315
0.037107
0.159792
0.123292
0.197634
0.157276
0.040605
0.144008
0.236975
0.103878
0.094408
0.277191
0.125673
0.078961
0.075992
0.080857
0.038544
0.052600
0.049765
0.198232
0.117985
0.067847
0.109959
0.074535
0.048404
0.148521
0.124165
0.019557
0.195762
0.213103
0.023426
0.024454
0.038566
0.026928
0.031877
0.024678
0.012691
0.046376
0.015510
0.032124
0.008767
0.024375
0.013548
0.005824
0.034318
0.010321
0.060196
0.146907
0.021268
0.039546
0.038565
0.025275
0.030626
0.033052
0.019748
0.032461
0.030132
0.018898
0.008675
0.084018
0.102516
0.028488
0.024531
0.048222
0.032887
0.053614
0.011304
0.037278
0.146046
0.054913
0.024471
0.049214
0.047340
0.030779
0.238924
0.020679
0.201890
0.082217
0.056356
0.036468
0.214969
0.051778
0.055242
0.020468
0.029408
0.020492
0.031376
0.021540
0.012030
0.017862
0.015712
0.076995
0.032540
0.010824
0.014728
0.010477
0.009534
0.015907
0.075213
0.077504
0.101656
0.091733
0.027322
0.052942
0.032641
0.125346
0.074866
0.118435
0.034932
0.069997
0.149022
0.057120
0.050241
0.226237
0.145252
0.021770
0.081543
0.123999
0.052832
0.029532
0.135316
0.136313
0.169967
0.140202
0.289453
0.054509
0.090851
0.176907
0.149373
0.098566
0.030692
0.069175
0.138337
0.112998
0.088143
0.054342
0.064537
0.066901
0.094977
0.048932
0.093102
0.380531
0.420544
0.148925
0.317990
0.048827
0.140787
0.253782
0.169304
0.163078
0.073599
0.056779
0.021970
0.041646
0.066436
0.040827
0.056370
0.058436
0.035686
0.075190
0.082039
0.038107
0.139446
0.013590
0.007155
0.027815
0.016696
0.015516
0.017319
0.025471
0.024261
0.044796
0.035479
0.009973
0.026424
0.020151
0.012640
0.012641
0.022215
0.031127
0.024093
0.013286
0.022661
0.031919
0.038831
0.032838
0.033914
0.053794
0.036438
0.052071
0.038584
0.019309
0.012783
0.010657
0.046335
0.016868
0.014974
0.016508
0.022678
0.023608
0.023617
0.016243
0.015420
0.007943
0.006461
0.022931
0.013916
0.007039
0.027196
0.028459
0.010025
0.039830
0.011174
0.030264
0.003654
0.024554
0.003060
0.022685
0.028301
0.054526
0.084011
0.068674
0.198328
0.039642
0.162114
0.061043
0.085355
0.185157
0.017809
0.069388
0.048457
0.269542
0.161915
0.098043
0.087574
0.106401
0.105072
0.068317
0.041339
0.440205
0.152759
0.099060
0.062635
0.016477
0.104738
0.026526
0.071919
0.097793
0.093949
0.035118
0.031322
0.018826
0.011013
0.021888
0.014170
0.010154
0.040581
0.028151
0.019172
0.021131
0.018350
0.010927
0.009378
0.007632
0.018561
0.026801
0.032370
0.022659
0.017852
0.022950
0.009300
0.060033
0.014195
0.025578
0.028986
0.041528
0.031292
0.008984
0.066493
0.150648
0.056032
0.133145
0.022033
0.014757
0.044441
0.051232
0.026409
0.033411
0.023186
0.038660
0.021750
0.024193
0.019189
0.038384
0.053680
0.086208
0.037257
0.075577
0.037052
0.094917
0.023975
0.038971
0.098492
0.167865
0.142471
0.150391
0.043031
0.027875
0.100192
0.038868
0.041442
0.075927
0.101335
0.135732
0.034456
0.230379
0.040302
0.156254
0.039758
0.076788
0.056616
0.065875
0.035385
0.127963
0.026309
0.047724
0.026834
0.017904
0.021150
0.024021
0.024289
0.072836
0.079140
0.034307
0.063473
0.029696
0.081057
0.103687
0.056776
0.061294
0.019889
0.060691
0.015364
0.020293
0.023256
0.016879
0.012854
0.008096
0.011062
0.041038
0.011936
0.020194
0.010488
0.092576
0.029978
0.031484
0.059682
0.024789
0.016317
0.013094
0.013652
0.070829
0.095556
0.100524
0.034896
0.051970
0.246221
0.262625
0.165606
0.132783
0.062231
0.055482
0.098208
0.140641
0.193221
0.039637
0.146491
0.089267
0.071454
0.065463
0.020416
0.026508
0.027567
0.036485
0.058968
0.133094
0.033971
0.131833
0.051624
0.102094
0.067378
0.058925
0.084938
0.079954
0.119732
0.067349
0.118780
0.218944
0.067474
0.106705
0.065784
0.049002
0.043316
0.053197
0.015764
0.034927
0.059143
0.034360
0.046333
0.041657
0.028098
0.034102
0.039698
0.061805
0.071787
0.032121
0.061154
0.060434
0.063634
0.108744
0.017716
0.006571
0.021847
0.013196
0.011458
0.012453
0.028683
0.123113
0.161806
0.069089
0.120279
0.101374
0.054108
0.087155
0.119865
0.122151
0.156141
0.078670
0.105225
0.299092
0.061704
0.099540
0.210789
0.117430
0.173254
0.097420
0.089951
0.087298
0.117544
0.192444
0.135997
0.041741
0.059020
0.041698
0.027372
0.082407
0.051321
0.032302
0.147286
0.156871
0.054550
0.028313
0.094886
0.009259
0.003871
0.028560
0.021337
0.017840
0.020645
0.016556
0.031167
0.025958
0.066712
0.009631
0.024893
0.044079
0.016799
0.021584
0.037622
0.023049
0.014447
0.014668
0.014255
0.030333
0.031598
0.044754
0.038599
0.010582
0.008452
0.023125
0.012358
0.028748
0.039922
0.009691
0.018871
0.018542
0.020164
0.036953
0.042961
0.028969
0.009412
0.003108
0.006029
0.034200
0.023766
0.036348
0.031238
0.048098
0.011639
0.009647
0.051852
0.036914
0.027407
0.030404
0.034231
0.011572
0.007332
0.009822
0.223613
0.068155
0.052568
0.245331
0.047457
0.142567
0.166302
0.329545
0.122288
0.038054
0.204736
0.048971
0.087755
0.050727
0.065838
0.026300
0.073471
0.045087
0.014997
0.017059
0.036216
0.009835
0.032735
0.018377
0.004150
0.010378
0.024759
0.024466
0.022462
0.016744
0.014141
0.039038
0.026819
0.038945
0.018015
0.042390
0.065665
0.045296
0.037055
0.014612
0.026456
0.030320
0.043258
0.036479
0.056661
0.064105
0.078667
0.191316
0.100601
0.114505
0.116535
0.042865
0.026249
0.120826
0.079454
0.096701
0.039848
0.030095
0.035664
0.107495
0.025516
0.108146
0.172450
0.136433
0.357570
0.259638
0.347360
0.038279
0.126071
0.207314
0.093032
0.109164
0.066381
0.061398
0.046302
0.152679
0.095912
0.069520
0.059823
0.107705
0.063634
0.039239
0.036478
0.082170
0.021888
0.028988
0.210388
0.190117
0.053240
0.021796
0.019100
0.016297
0.017838
0.035797
0.002820
0.036940
0.043135
0.008643
0.026476
0.030741
0.029199
0.050506
0.033715
0.014129
0.011927
0.033665
0.016285
0.037192
0.058102
0.020069
0.031266
0.078302
0.029635
0.008261
0.017840
0.008463
0.053803
0.113634
0.013834
0.083904
0.019254
0.029192
0.029662
0.066371
0.012952
0.011856
0.021720
0.020292
0.017664
0.019500
0.010726
0.014931
0.016775
0.007292
0.006380
0.015907
0.040665
0.024561
0.072344
0.054558
0.041216
0.098791
0.072147
0.129609
0.048600
0.034040
0.025406
0.082569
0.062466
0.006385
0.046542
0.038081
0.021433
0.050004
0.160823
0.088464
0.038114
0.037457
0.013440
0.006488
0.017115
0.026163
0.036271
0.020715
0.053135
0.022233
0.009929
0.030975
0.018987
0.010097
0.028535
0.008381
0.013353
0.003937
0.010066
0.035946
0.025187
0.042984
0.039600
0.008292
0.030096
0.013627
0.011725
0.015533
0.032236
0.056908
0.052199
0.074121
0.056492
0.028861
0.033881
0.053260
0.050939
0.015521
0.026440
0.078626
0.045513
0.033204
0.016785
0.069888
0.026886
0.051850
0.017717
0.034061
0.052766
0.008966
0.023471
0.025196
0.105768
0.025296
0.014706
0.029587
0.038291
0.061794
0.036636
0.072952
0.015466
0.040983
0.026516
0.026732
0.051504
0.056892
0.027174
0.026875
0.184906
0.197413
0.121700
0.051606
0.065184
0.102724
0.116114
0.016636
0.080397
0.026565
0.070627
0.128428
0.019378
0.052800
0.009980
0.017529
0.034810
0.006961
0.033527
0.052312
0.027979
0.037563
0.029312
0.017611
0.026077
0.023214
0.014460
0.140933
0.157676
0.048359
0.047426
0.077487
0.082331
0.216225
0.193601
0.246019
0.130507
0.054646
0.143310
0.096349
0.052935
0.061279
0.384214
0.175580
0.075386
0.191204
0.208825
0.058922
0.066829
0.163614
0.122783
0.257793
0.081297
0.077546
0.087825
0.389781
0.043458
0.084393
0.143027
0.072912
0.015785
0.032376
0.087817
0.119932
0.111930
0.054507
0.197932
0.052978
0.383131
0.101107
0.083680
0.208041
0.084110
0.014989
0.036370
0.070528
0.091773
0.098949
0.002593
0.027950
0.035102
0.026040
0.059748
0.163243
0.149875
0.150435
0.056204
0.028184
0.003536
0.005815
0.079616
0.066271
0.023523
0.037856
0.024852
0.012997
0.040615
0.040746
0.020595
0.012791
0.016963
0.022903
0.011365
0.028989
0.035533
0.009828
0.009857
0.021729
0.010167
0.010587
0.018234
0.023565
0.025552
0.012374
0.022152
0.012741
0.020574
0.010816
0.036854
0.016708
0.020809
0.018772
0.022494
0.004608
0.017502
0.055360
0.017857
0.024795
0.028371
0.011541
0.010796
0.038956
0.028218
0.019020
0.007607
0.002706
0.020073
0.031163
0.015351
0.021029
0.024460
0.038788
0.031760
0.018358
0.011858
0.016575
0.008680
0.018264
0.020954
0.014936
0.033666
0.026861
0.023775
0.020883
0.031006
0.014146
0.032901
0.031312
0.013623
0.019630
0.013554
0.026367
0.009245
0.050341
0.009161
0.033222
0.013793
0.045834
0.183001
0.137600
0.037631
0.037729
0.288059
0.013460
0.145748
0.104084
0.111119
0.053547
0.015367
0.086869
0.067487
0.102992
0.080598
0.040238
0.036578
0.036726
0.036948
0.018319
0.043311
0.033585
0.012097
0.010441
0.022141
0.030203
0.030386
0.011890
0.022785
0.022600
0.004309
0.007019
0.010584
0.019515
0.032477
0.009429
0.039951
0.021660
0.045681
0.039082
0.063812
0.125792
0.080332
0.038956
0.067318
0.009365
0.091376
0.029608
0.053576
0.026298
0.019575
0.041470
0.206208
0.153481
0.101953
0.171963
0.061801
0.048745
0.021289
0.100201
0.086778
0.044503
0.035687
0.074393
0.121472
0.039068
0.189794
0.025313
0.039629
0.202438
0.062704
0.058727
0.115441
0.038549
0.019590
0.135428
0.056916
0.007014
0.107987
0.038691
0.073160
0.036027
0.042490
0.024452
0.144808
0.106907
0.039636
0.059457
0.130025
0.014034
0.059455
0.088312
0.156921
0.183563
0.104681
0.092662
0.036002
0.142523
0.079254
0.026814
0.029401
0.016293
0.009710
0.070806
0.011995
0.077231
0.014724
0.028354
0.014702
0.030278
0.027262
0.030180
0.019027
0.022101
0.024955
0.019266
0.017628
0.027415
0.019251
0.006424
0.020477
0.023770
0.028028
0.004185
0.010414
0.038901
0.017313
0.041364
0.020746
0.023889
0.053892
0.060154
0.052671
0.010850
0.041167
0.022630
0.024215
0.019438
0.020257
0.025000
0.068420
0.057168
0.047552
0.034498
0.026644
0.121365
0.124596
0.067455
0.035499
0.085373
0.013259
0.050574
0.053960
0.030727
0.031057
0.026936
0.069656
0.061805
0.023669
0.038759
0.032134
0.064711
0.013776
0.028509
0.040926
0.097712
0.030580
0.027042
0.024228
0.036939
0.119263
0.031046
0.020532
0.017704
0.042296
0.017872
0.014415
0.039273
0.010457
0.057361
0.060426
0.159412
0.121786
0.130707
0.149320
0.160790
0.068436
0.012244
0.026872
0.030090
0.090657
0.212416
0.014222
0.172489
0.025460
0.071694
0.025701
0.028535
0.049166
0.085606
0.188597
0.041803
0.040900
0.059473
0.037112
0.045145
0.144001
0.143099
0.038023
0.154418
0.192274
0.328563
0.181172
0.327357
0.069588
0.093785
0.110098
0.041891
0.081778
0.188889
0.267413
0.154221
0.233972
0.218229
0.249421
0.145635
0.135286
0.048881
0.030666
0.043254
0.036842
0.021220
0.082947
0.052524
0.101841
0.080294
0.053754
0.031625
0.021129
0.006650
0.025819
0.015923
0.017340
0.008749
0.020465
0.038074
0.006301
0.041038
0.101509
0.015533
0.146400
0.090021
0.141071
0.019246
0.083033
0.072855
0.029117
0.023616
0.022870
0.009075
0.030520
0.029109
0.018096
0.018564
0.010180
0.053620
0.010156
0.022092
0.022003
0.058197
0.134087
0.105291
0.189259
0.064420
0.060402
0.049986
0.064285
0.131283
0.022981
0.044760
0.051282
0.024504
0.035220
0.036230
0.027720
0.029417
0.029307
0.018593
0.044123
0.063752
0.009184
0.064319
0.025367
0.022902
0.019850
0.009199
0.047020
0.029337
0.018425
0.030340
0.022771
0.019777
0.013829
0.009144
0.023694
0.020383
0.032576
0.044716
0.038924
0.037118
0.011079
0.019534
0.021771
0.018804
0.024499
0.025891
0.018281
0.013477
0.020783
0.015583
0.047143
0.021638
0.027256
0.021685
0.016902
0.015071
0.022025
0.020831
0.023335
0.009561
0.005383
0.035487
0.031189
0.023134
0.073383
0.140935
0.126229
0.058793
0.049147
0.020749
0.125903
0.121885
0.070162
0.070795
0.032167
0.067228
0.033826
0.045178
0.080806
0.085722
0.060319
0.071494
0.095738
0.063192
0.101985
0.029016
0.175121
0.047228
0.019098
0.062316
0.013310
0.035321
0.054673
0.027732
0.033748
0.044199
0.024241
0.167305
0.031258
0.086062
0.049348
0.053306
0.080503
0.185525
0.033700
0.317008
0.037294
0.061677
0.096051
0.323405
0.030253
0.136754
0.072618
0.065331
0.023554
0.070349
0.165827
0.191096
0.182777
0.047968
0.143885
0.034558
0.033133
0.025452
0.020198
0.025974
0.025645
0.016213
0.027329
0.011740
0.024134
0.155593
0.277171
0.088077
0.232609
0.044724
0.047951
0.081380
0.161453
0.055749
0.088926
0.144054
0.085302
0.077481
0.190741
0.172337
0.020795
0.015759
0.045312
0.013066
0.003185
0.016838
0.007578
0.008754
0.031829
0.009695
0.011347
0.030805
0.008110
0.021373
0.014504
0.018267
0.114164
0.039273
0.060716
0.194735
0.255867
0.105147
0.067915
0.057234
0.115838
0.063408
0.088509
0.123670
0.053551
0.020937
0.046363
0.046404
0.020998
0.049104
0.035577
0.020465
0.015066
0.004871
0.008629
0.017120
0.018796
0.027647
0.004453
0.011637
0.015613
0.013613
0.022760
0.010900
0.012428
0.020468
0.021661
0.010149
0.013912
0.016194
0.016915
0.021640
0.021350
0.014272
0.012059
0.017150
0.039417
0.012191
0.015030
0.009156
0.027137
0.025639
0.022176
0.042339
0.023879
0.018554
0.019880
0.010165
0.039779
0.027289
0.017880
0.023097
0.072322
0.089228
0.072805
0.074746
0.022819
0.029071
0.079841
0.023688
0.037719
0.011396
0.043962
0.022372
0.065665
0.035081
0.062832
0.052312
0.024326
0.042341
0.026756
0.039716
0.041360
0.020199
0.040011
0.039744
0.188972
0.207236
0.089859
0.015518
0.110741
0.269086
0.023859
0.221449
0.031308
0.094808
0.119436
0.089967
0.121631
0.079906
0.171579
0.132427
0.306809
0.035455
0.128893
0.082313
0.094017
0.038918
0.023391
0.017076
0.057660
0.010793
0.109461
0.031040
0.008941
0.077217
0.060990
0.054358
0.032388
0.087836
0.036752
0.068381
0.030859
0.039440
0.027266
0.040932
0.009499
0.057782
0.027117
0.018557
0.006801
0.021265
0.019865
0.032795
0.018575
0.020537
0.044381
0.009052
0.007759
0.016687
0.059710
0.028857
0.028668
0.007504
0.018133
0.055452
0.026441
0.019858
0.017000
0.017150
0.019519
0.009481
0.029166
0.163940
0.165512
0.054174
0.036254
0.166365
0.113300
0.146604
0.054076
0.083190
0.094034
0.089979
0.047171
0.016342
0.027136
0.197825
0.223387
0.091640
0.306498
0.094691
0.052422
0.146856
0.041352
0.115085
0.052578
0.103511
0.047122
0.032322
0.138547
0.134572
0.067126
0.018326
0.035521
0.034710
0.052086
0.033249
0.047194
0.016363
0.019252
0.024459
0.006679
0.050869
0.024774
0.019708
0.004733
0.014843
0.019636
0.010551
0.010470
0.030295
0.017734
0.022959
0.035088
0.026824
0.007391
0.004966
0.016113
0.018654
0.035690
0.050850
0.034608
0.030967
0.011449
0.030480
0.036505
0.020753
0.021318
0.044259
0.040292
0.080924
0.130579
0.062364
0.032945
0.044874
0.040980
0.045763
0.038372
0.037170
0.013676
0.015435
0.028352
0.008148
0.027575
0.026365
0.034395
0.011164
0.114063
0.042322
0.067344
0.010942
0.060949
0.006971
0.018243
0.015113
0.093392
0.018889
0.023988
0.064080
0.052480
0.036541
0.051178
0.018262
0.055262
0.053109
0.061629
0.066178
0.039890
0.053896
0.040429
0.095182
0.014646
0.031859
0.013608
0.017626
0.027787
0.011846
0.011657
0.016176
0.026675
0.002238
0.032614
0.017238
0.011177
0.023817
0.034316
0.005548
0.021364
0.042582
0.026510
0.023130
0.078256
0.033502
0.023730
0.146461
0.036359
0.081246
0.036007
0.073820
0.107239
0.069412
0.032130
0.049635
0.125045
0.199782
0.177390
0.185921
0.049625
0.185209
0.232919
0.177547
0.073888
0.071977
0.060648
0.082940
0.126992
0.026854
0.040572
0.024447
0.032807
0.092331
0.049696
0.023849
0.036625
0.034156
0.090430
0.051291
0.024758
0.023921
0.071136
0.031053
0.010302
0.067848
0.070726
0.026283
0.123077
0.035546
0.102211
0.039599
0.033074
0.051133
0.026693
0.029342
0.032895
0.067172
0.024153
0.221350
0.087566
0.049492
0.053667
0.080181
0.187358
0.095725
0.037710
0.062197
0.097265
0.326700
0.162101
0.192669
0.042300
0.107800
0.065468
0.056049
0.023368
0.070677
0.166250
0.070889
0.029510
0.048742
0.147810
0.127367
0.232153
0.189864
0.035514
0.029087
0.021952
0.019499
0.011750
0.016028
0.025081
0.018032
0.024230
0.022939
0.081665
0.183277
0.151777
0.271736
0.086346
0.044692
0.092217
0.152093
0.087886
0.141036
0.085059
0.016589
0.017427
0.033919
0.012996
0.003473
0.015916
0.010135
0.007482
0.010196
0.168006
0.056559
0.080295
0.283551
0.379813
0.151047
0.097704
0.044275
0.045327
0.063199
0.151779
0.026548
0.248246
0.027775
0.115468
0.060617
0.064998
0.014533
0.019929
0.038235
0.042207
0.045088
0.046870
0.027926
0.202569
0.064125
0.025799
0.092187
0.038557
0.108212
0.013607
0.107362
0.141608
0.037813
0.082855
0.057795
0.137671
0.014483
0.133710
0.042357
0.081811
0.033383
0.054075
0.022224
0.022787
0.017069
0.051085
0.042012
0.016561
0.012933
0.014486
0.037160
0.012318
0.012703
0.048396
0.025657
0.029549
0.028529
0.029453
0.012559
0.027979
0.031610
0.013200
0.037791
0.031174
0.025570
0.022581
0.018705
0.193191
0.044944
0.208594
0.267944
0.458154
0.095373
0.082342
0.089981
0.244663
0.021543
0.077784
0.272903
0.189719
0.054874
0.086998
0.082018
0.091534
0.157766
0.110835
0.032517
0.127654
0.054080
0.022960
0.008580
0.032146
0.048558
0.019357
0.006081
0.025722
0.074544
0.036439
0.012115
0.017951
0.020543
0.005657
0.038498
0.016718
0.023394
0.018472
0.017109
0.033057
0.037979
0.021807
0.003418
0.012560
0.011728
0.031097
0.022368
0.048292
0.021541
0.036023
0.004661
0.020485
0.051374
0.021558
0.031964
0.074117
0.042520
0.027448
0.042817
0.024873
0.032698
0.054681
0.186802
0.090412
0.063557
0.211128
0.073240
0.066981
0.101043
0.139056
0.055905
0.252421
0.193952
0.205387
0.228752
0.254149
0.041963
0.060273
0.133028
0.325478
0.036791
0.020921
0.016005
0.029194
0.008305
0.007371
0.161211
0.380105
0.078767
0.045216
0.048298
0.048522
0.027033
0.103157
0.103475
0.112051
0.284949
0.044174
0.073120
0.256840
0.250430
0.088884
0.106310
0.095425
0.212211
0.045417
0.066123
0.033620
0.203681
0.091351
0.400818
0.074918
0.133727
0.116078
0.285903
0.040250
0.111240
0.058798
0.038962
0.020242
0.012605
0.011229
0.017769
0.009468
0.026460
0.018354
0.024129
0.032247
0.014549
0.050736
0.040249
0.021261
0.038738
0.079632
0.192203
0.096411
0.279890
0.299296
0.098708
0.068170
0.019673
0.032967
0.069070
0.006339
0.042434
0.060095
0.103317
0.078804
0.021818
0.014167
0.021611
0.042307
0.021829
0.038425
0.042296
0.053381
0.030465
0.031552
0.038352
0.030394
0.006512
0.030902
0.019155
0.029534
0.040645
0.007354
0.012430
0.014920
0.013589
0.034878
0.036914
0.015918
0.014106
0.033180
0.046459
0.024875
0.049478
0.010932
0.024695
0.018964
0.033240
0.021233
0.021341
0.011936
0.012596
0.011681
0.069244
0.029202
0.006899
0.013782
0.020671
0.033962
0.027201
0.005228
0.018235
0.035967
0.068918
0.073772
0.028789
0.096418
0.134948
0.022454
0.089606
0.085149
0.047965
0.064963
0.032213
0.135372
0.102200
0.086613
0.088938
0.097281
0.087804
0.106063
0.089590
0.103799
0.129608
0.039796
0.042339
0.158514
0.171483
0.206547
0.105187
0.046642
0.081546
0.063154
0.078614
0.083551
0.022810
0.048736
0.045534
0.060740
0.024960
0.006617
0.020471
0.044758
0.021775
0.053281
0.005152
0.036564
0.019985
0.028090
0.034689
0.009305
0.030010
0.036405
0.020682
0.020363
0.015386
0.006229
0.017713
0.014474
0.007870
0.027359
0.039850
0.072468
0.039037
0.018108
0.047080
0.052843
0.032407
0.097641
0.020750
0.052870
0.026762
0.577520
0.025527
0.003240
0.014404
0.014933
0.004382
0.003055
0.020006
0.025210
0.024891
0.017845
0.011139
0.226168
0.157162
0.027778
0.088818
0.153603
0.169434
0.050021
0.138717
0.057682
0.154202
0.102949
0.056872
0.064426
0.192426
0.081844
0.210403
0.229895
0.066115
0.070124
0.041670
0.135065
0.281310
0.086505
0.083948
0.415534
0.047089
0.089850
0.122790
0.081477
0.502965
0.151989
0.038499
0.141338
0.065315
0.130300
0.136068
0.017218
0.133035
0.070784
0.057111
0.083995
0.305632
0.055950
0.207378
0.181423
0.103831
0.031742
0.072750
0.148556
0.081040
0.105673
0.119486
0.093514
0.057031
0.069400
0.323669
0.145665
0.278085
0.049841
0.096884
0.398424
0.439988
0.099275
0.122774
0.329670
0.184597
0.169229
0.076793
0.060864
0.025222
0.045166
0.070225
0.044229
0.061720
0.067152
0.040108
0.082220
0.041306
0.151210
0.027703
0.023906
0.014943
0.004541
0.023636
0.032166
0.014596
0.017935
0.024793
0.024739
0.052773
0.034415
0.032050
0.015606
0.014052
0.020483
0.022487
0.009652
0.040104
0.009485
0.035554
0.035961
0.029764
0.014583
0.029963
0.038525
0.045317
0.046332
0.035798
0.039157
0.046825
0.049337
0.038446
0.073876
0.041998
0.019870
0.010788
0.008245
0.005993
0.017646
0.011815
0.007268
0.011808
0.003891
0.055434
0.071341
0.093353
0.111203
0.096665
0.020168
0.075587
0.032883
0.031055
0.092775
0.021142
0.040044
0.051986
0.166174
0.115316
0.021077
0.076882
0.111009
0.129017
0.032655
0.038527
0.073439
0.088579
0.215883
0.094541
0.079926
0.060070
0.055108
0.096681
0.214257
0.066338
0.131132
0.175705
0.142733
0.080036
0.111008
0.256778
0.057683
0.066688
0.109365
0.031089
0.106152
0.056210
0.153551
0.034259
0.200691
0.054716
0.103561
0.213416
0.072162
0.095312
0.023058
0.014785
0.036062
0.057340
0.010007
0.093723
0.091768
0.038990
0.056826
0.161279
0.146654
0.148755
0.060177
0.038182
0.061188
0.039871
0.032172
0.066391
0.033853
0.088441
0.075745
0.026433
0.044551
0.029435
0.013310
0.045960
0.041385
0.020658
0.017346
0.012641
0.024426
0.014589
0.020736
0.010947
0.024735
0.029335
0.017218
0.023397
0.008423
0.020926
0.014487
0.036576
0.013038
0.013508
0.008609
0.027939
0.004392
0.009945
0.045615
0.014373
0.029482
0.019673
0.004152
0.013723
0.009015
0.013215
0.029843
0.010507
0.007047
0.039770
0.022212
0.021862
0.029823
0.018407
0.012128
0.016596
0.014782
0.012596
0.010357
0.036709
0.022984
0.031717
0.019841
0.012077
0.032481
0.025442
0.019010
0.021284
0.030626
0.012260
0.036846
0.027656
0.014096
0.025161
0.008514
0.046938
0.111396
0.115040
0.198405
0.085271
0.180193
0.136470
0.036134
0.080267
0.119231
0.285686
0.102405
0.115594
0.013872
0.095424
0.084692
0.093785
0.091157
0.054375
0.096832
0.035079
0.061826
0.139807
0.084304
0.042490
0.055387
0.091085
0.085449
0.130266
0.013300
0.042306
0.062858
0.090819
0.041120
0.122575
0.037664
0.069331
0.030793
0.052253
0.015022
0.043908
0.089973
0.029636
0.012507
0.028763
0.007918
0.022201
0.023515
0.006957
0.016305
0.017564
0.017055
0.013690
0.029733
0.021592
0.061988
0.030069
0.037366
0.038468
0.032048
0.029324
0.027166
0.031096
0.028973
0.029824
0.006200
0.032997
0.026025
0.015837
0.032480
0.022322
0.028408
0.023370
0.043785
0.037461
0.200649
0.017642
0.146170
0.028411
0.039915
0.043302
0.021366
0.024957
0.119051
0.099365
0.070029
0.226815
0.096859
0.182031
0.038354
0.300353
0.104907
0.054895
0.079874
0.172763
0.021643
0.080828
0.102922
0.067561
0.199390
0.069953
0.186366
0.138123
0.209922
0.056676
0.184531
0.139208
0.033778
0.289006
0.075467
0.136181
0.053871
0.063287
0.113249
0.034639
0.052447
0.064914
0.023881
0.096027
0.076367
0.126875
0.023752
0.028131
0.026442
0.031042
0.025240
0.032909
0.008178
0.028102
0.013372
0.023244
0.021120
0.017268
0.037386
0.025558
0.034612
0.047916
0.058186
0.131880
0.073197
0.097319
0.137444
0.025905
0.020911
0.024216
0.037898
0.057173
0.060988
0.102075
0.049804
0.014481
0.045855
0.020459
0.010827
0.024398
0.011085
0.010476
0.018306
0.026128
0.009715
0.020962
0.011326
0.024232
0.008626
0.032632
0.018451
0.023207
0.050111
0.030598
0.010795
0.004542
0.023662
0.027946
0.010841
0.026130
0.027965
0.026625
0.008212
0.029544
0.007640
0.026140
0.041922
0.019980
0.021407
0.029717
0.029598
0.013330
0.021862
0.032714
0.020273
0.066304
0.025443
0.032474
0.036449
0.060508
0.040721
0.058690
0.018638
0.046167
0.044864
0.099008
0.050479
0.084978
0.033874
0.031558
0.019159
0.059654
0.032649
0.053835
0.047779
0.021046
0.037737
0.121409
0.064143
0.031541
0.021540
0.038293
0.026674
0.075724
0.039715
0.037873
0.066241
0.080865
0.041465
0.191639
0.146683
0.156417
0.176737
0.193036
0.083624
0.013665
0.031707
0.040442
0.105367
0.251327
0.021698
0.207120
0.028959
0.113392
0.042702
0.075447
0.111095
0.107414
0.136090
0.028041
0.128044
0.248233
0.084196
0.175751
0.224578
0.033396
0.116616
0.074333
0.085881
0.025341
0.104114
0.129929
0.064168
0.128286
0.070530
0.063878
0.069679
0.020678
0.091377
0.081300
0.216143
0.072142
0.044510
0.042380
0.015931
0.025792
0.030205
0.018414
0.049693
0.025669
0.083580
0.103978
0.091909
0.060695
0.079575
0.173176
0.164128
0.195169
0.144383
0.019185
0.025085
0.013849
0.020737
0.040865
0.040739
0.024917
0.008702
0.010122
0.021032
0.030778
0.010354
0.033652
0.027567
0.018911
0.038959
0.064574
0.038690
0.017144
0.065083
0.024009
0.041628
0.039032
0.042857
0.056028
0.075736
0.044893
0.049553
0.062579
0.036736
0.213373
0.025216
0.090897
0.146779
0.032137
0.047637
0.009126
0.026033
0.043465
0.026622
0.023865
0.018087
0.022026
0.032355
0.018924
0.031229
0.007655
0.011868
0.024671
0.017683
0.013309
0.037245
0.021769
0.012667
0.023787
0.012232
0.048524
0.011660
0.023254
0.027664
0.016694
0.009385
0.038336
0.011548
0.022804
0.026410
0.077484
0.080752
0.056201
0.032588
0.136244
0.035927
0.006701
0.010392
0.101499
0.100310
0.040720
0.060339
0.049102
0.027960
0.086553
0.036296
0.002833
0.039629
0.015982
0.015401
0.036151
0.029706
0.009673
0.023548
0.027877
0.029173
0.031649
0.009700
0.021355
0.035862
0.020017
0.031838
0.022543
0.036864
0.006941
0.028658
0.017635
0.013003
0.016852
0.010734
0.067824
0.046690
0.159190
0.060555
0.045214
0.052998
0.113695
0.017057
0.061978
0.047610
0.122083
0.027544
0.120248
0.029210
0.094547
0.045198
0.212899
0.112344
0.056797
0.007625
0.068619
0.030418
0.083437
0.093458
0.076156
0.021099
0.036104
0.039924
0.037121
0.150213
0.023959
0.018913
0.030529
0.037345
0.035664
0.156366
0.045433
0.051573
0.052094
0.030871
0.019496
0.016138
0.097050
0.162714
0.018868
0.024945
0.035133
0.056871
0.069937
0.010916
0.055680
0.090996
0.022178
0.023440
0.020072
0.037328
0.037967
0.061930
0.083749
0.009573
0.096413
0.022266
0.061024
0.028418
0.035120
0.047910
0.058924
0.084697
0.045462
0.019516
0.086728
0.092652
0.113520
0.095233
0.049242
0.065117
0.038059
0.048405
0.031338
0.045756
0.022492
0.107422
0.070605
0.079149
0.043143
0.041103
0.024428
0.087474
0.087676
0.116800
0.019032
0.163325
0.034688
0.091147
0.087671
0.092893
0.065838
0.245370
0.111226
0.209862
0.090668
0.248840
0.038124
0.111166
0.151891
0.151428
0.232239
0.087593
0.074069
0.082925
0.023436
0.057820
0.070256
0.024644
0.033334
0.020734
0.031887
0.056659
0.015089
0.022832
0.006943
0.008246
0.008224
0.015486
0.023815
0.041875
0.028807
0.059071
0.010232
0.016014
0.017356
0.048125
0.039050
0.047803
0.096966
0.042789
0.041046
0.031686
0.029741
0.024011
0.004631
0.017802
0.027223
0.025680
0.022591
0.023592
0.044087
0.022107
0.041433
0.022398
0.015128
0.019083
0.026564
0.032887
0.017473
0.036268
0.019901
0.008510
0.027823
0.019386
0.021416
0.016681
0.021939
0.053156
0.106343
0.047720
0.047898
0.177251
0.023815
0.010233
0.040012
0.053632
0.086266
0.043535
0.106097
0.044468
0.051288
0.040772
0.030863
0.025207
0.034798
0.069712
0.045004
0.036443
0.030193
0.119084
0.048804
0.049809
0.205185
0.128173
0.202754
0.203939
0.063861
0.044170
0.202349
0.139972
0.185952
0.048248
0.165777
0.106697
0.194306
0.151046
0.057923
0.041255
0.024449
0.206841
0.131715
0.020491
0.015533
0.009330
0.045502
0.024732
0.057119
0.008391
0.025408
0.018631
0.043104
0.038072
0.012782
0.024385
0.016685
0.011929
0.015485
0.017000
0.010364
0.030952
0.025296
0.004265
0.011779
0.009401
0.010563
0.015271
0.039202
0.012617
0.003014
0.019090
0.019461
0.015566
0.026712
0.011053
0.036413
0.006017
0.025951
0.021245
0.015792
0.022543
0.034651
0.016765
0.019663
0.018421
0.049521
0.132703
0.100483
0.032137
0.025007
0.042925
0.146419
0.043339
0.038529
0.030891
0.044753
0.019485
0.015999
0.029844
0.104352
0.234961
0.033953
0.057040
0.082778
0.088191
0.112695
0.021694
0.102378
0.192613
0.053630
0.146470
0.068784
0.128537
0.034430
0.139667
0.170315
0.289664
0.061210
0.049955
0.056140
0.162731
0.298500
0.031147
0.029225
0.036708
0.062750
0.039776
0.026861
0.014251
0.009070
0.062383
0.055465
0.046007
0.044397
0.069445
0.048541
0.058908
0.038716
0.048722
0.040841
0.010270
0.041939
0.052293
0.061621
0.053684
0.014115
0.009875
0.008787
0.023090
0.018421
0.007817
0.024791
0.033645
0.020420
0.036667
0.024907
0.005567
0.033114
0.011852
0.018039
0.017390
0.012559
0.004272
0.027045
0.022425
0.044131
0.018741
0.037608
0.048492
0.087436
0.094000
0.045202
0.064328
0.086675
0.028574
0.068877
0.034183
0.062480
0.027156
0.077567
0.094764
0.072865
0.073929
0.089451
0.068298
0.026626
0.051109
0.182442
0.175092
0.062572
0.066761
0.069523
0.087455
0.235306
0.080227
0.128867
0.098370
0.171207
0.049685
0.019098
0.031602
0.081427
0.147696
0.119839
0.097491
0.028184
0.216000
0.142682
0.154580
0.067257
0.202855
0.091967
0.054644
0.034890
0.037225
0.194560
0.082157
0.165025
0.233147
0.175094
0.080545
0.013346
0.013384
0.088824
0.033835
0.047602
0.020359
0.031994
0.064274
0.030199
0.036766
0.025530
0.076026
0.059744
0.030290
0.017772
0.043278
0.059271
0.026703
0.016914
0.077870
0.104457
0.056906
0.092853
0.126049
0.129857
0.305005
0.091583
0.309488
0.062429
0.151971
0.010328
0.046000
0.137395
0.061617
0.036110
0.163201
0.070853
0.064354
0.030805
0.113286
0.042500
0.010747
0.052542
0.055367
0.037478
0.018223
0.031086
0.036802
0.005257
0.050514
0.052871
0.016240
0.025085
0.043292
0.001740
0.042040
0.038723
0.025256
0.034883
0.015313
0.035683
0.006215
0.008809
0.008701
0.024751
0.022801
0.003296
0.031355
0.030647
0.025341
0.005591
0.013267
0.014922
0.014048
0.045990
0.023311
0.023398
0.025298
0.073328
0.003934
0.033840
0.030139
0.035255
0.062638
0.048618
0.028668
0.030884
0.032546
0.044218
0.023355
0.033380
0.026754
0.035217
0.065204
0.015821
0.014808
0.067935
0.023405
0.062771
0.004667
0.020887
0.048631
0.151298
0.333022
0.013897
0.034640
0.010162
0.035403
0.039380
0.042145
0.076355
0.014918
0.062313
0.026608
0.028449
0.070649
0.060565
0.091102
0.021606
0.020834
0.030879
0.020768
0.174497
0.046480
0.035471
0.087186
0.059288
0.054456
0.163293
0.097983
0.101921
0.045760
0.206551
0.115582
0.179429
0.007944
0.029937
0.032065
0.027862
0.054680
0.043552
0.016095
0.031774
0.009913
0.025815
0.027676
0.024226
0.050279
0.046224
0.027496
0.016890
0.011407
0.011115
0.006849
0.042161
0.014682
0.043517
0.031396
0.014704
0.025778
0.035860
0.022312
0.035442
0.024256
0.007700
0.027275
0.032373
0.115547
0.031206
0.142358
0.037740
0.099770
0.014489
0.062352
0.064112
0.036953
0.042007
0.032529
0.090088
0.077503
0.033193
0.040747
0.037357
0.074962
0.014719
0.034466
0.030593
0.014424
0.037467
0.036849
0.071553
0.051517
0.038230
0.025112
0.041271
0.080915
0.046942
0.029419
0.014477
0.061579
0.011271
0.049840
0.045139
0.029571
0.011620
0.007123
0.017614
0.077130
0.015380
0.015978
0.025607
0.061547
0.040067
0.076010
0.159717
0.040194
0.086277
0.035436
0.050300
0.055139
0.078524
0.044604
0.049685
0.126134
0.039888
0.025202
0.026827
0.024310
0.035734
0.009368
0.074520
0.002538
0.051048
0.010267
0.048423
0.038005
0.051829
0.039013
0.034796
0.037712
0.055682
0.038169
0.051884
0.023956
0.012185
0.006723
0.022547
0.029663
0.025265
0.011143
0.080983
0.048517
0.063082
0.063322
0.044565
0.094931
0.009453
0.213638
0.101971
0.178474
0.046209
0.100779
0.060047
0.039746
0.076937
0.287116
0.111071
0.051949
0.126486
0.181076
0.045486
0.288404
0.035287
0.028831
0.242021
0.078850
0.043074
0.151426
0.014542
0.092804
0.184872
0.266578
0.199583
0.042506
0.025329
0.033925
0.071784
0.017381
0.028012
0.034018
0.047723
0.132737
0.121192
0.059168
0.098286
0.132969
0.139065
0.324248
0.098474
0.066015
0.161600
0.121409
0.049633
0.151244
0.116645
0.014764
0.043514
0.037454
0.035294
0.071258
0.041040
0.180986
0.079475
0.001206
0.039833
0.064955
0.040402
0.203245
0.068375
0.039405
0.052283
0.012346
0.062546
0.059172
0.046674
0.024767
0.020153
0.059340
0.180632
0.026796
0.037158
0.061452
0.119344
0.012864
0.012219
0.033700
0.015038
0.039227
0.017299
0.027464
0.002226
0.026231
0.025755
0.066868
0.021152
0.062146
0.036243
0.086803
0.004552
0.120090
0.089985
0.046121
0.035954
0.032019
0.012520
0.086841
0.021123
0.078341
0.025908
0.045094
0.042363
0.040028
0.059867
0.037537
0.021031
0.006397
0.054731
0.131592
0.064442
0.117086
0.176866
0.153847
0.187893
0.043333
0.185383
0.371028
0.019816
0.179652
0.043612
0.081816
0.075553
0.052293
0.039385
0.079563
0.107084
0.091503
0.044385
0.048351
0.099563
0.068845
0.017690
0.061437
0.027396
0.032214
0.027073
0.020648
0.069075
0.012975
0.078010
0.063948
0.057318
0.031713
0.031561
0.025266
0.115945
0.043539
0.047756
0.039825
0.030687
0.147788
0.023632
0.068913
0.023549
0.067028
0.069100
0.051242
0.035652
0.013711
0.005735
0.041495
0.005591
0.037280
0.016128
0.006925
0.024398
0.028721
0.040465
0.012103
0.052788
0.037206
0.045842
0.082877
0.008611
0.044100
0.023614
0.033191
0.032636
0.054186
0.023173
0.061332
0.044970
0.040138
0.022135
0.175655
0.112706
0.126349
0.159907
0.065550
0.017283
0.131734
0.239711
0.030022
0.067880
0.036487
0.026694
0.063988
0.184535
0.055606
0.117369
0.070659
0.071076
0.055790
0.058687
0.029553
0.134735
0.165008
0.029331
0.233776
0.198529
0.291746
0.087549
0.159030
0.141351
0.347960
0.068010
0.061342
0.027592
0.078110
0.029438
0.006683
0.037271
0.007806
0.004631
0.041611
0.028117
0.024271
0.030551
0.004758
0.005317
0.055236
0.094796
0.230655
0.120948
0.333964
0.359021
0.175631
0.215093
0.104087
0.012564
0.039017
0.035111
0.032672
0.080582
0.018579
0.026969
0.015812
0.008910
0.038677
0.040185
0.014949
0.042283
0.050077
0.142539
0.021903
0.035466
0.049076
0.096058
0.041162
0.016734
0.002937
0.041883
0.033651
0.027658
0.031521
0.010080
0.022757
0.017179
0.046285
0.015730
0.049267
0.009171
0.031947
0.037522
0.013441
0.027542
0.022246
0.006248
0.024800
0.022821
0.015656
0.017978
0.035654
0.022192
0.014593
0.021335
0.030288
0.025985
0.034675
0.033758
0.042912
0.084130
0.018949
0.022435
0.003002
0.035300
0.160454
0.112320
0.138978
0.052154
0.042823
0.033437
0.086871
0.010330
0.042811
0.027216
0.034642
0.040069
0.036686
0.027774
0.012191
0.011591
0.039768
0.018009
0.031863
0.044702
0.009757
0.014288
0.006973
0.016765
0.011757
0.016646
0.020893
0.057998
0.032415
0.104687
0.081937
0.064493
0.009003
0.037012
0.077954
0.143073
0.082070
0.044173
0.284796
0.139506
0.100697
0.305125
0.124568
0.100713
0.071143
0.321574
0.248240
0.261822
0.288366
0.324070
0.054801
0.083174
0.164217
0.410696
0.054126
0.346662
0.046658
0.027483
0.062672
0.027851
0.049744
0.020109
0.069434
0.077168
0.099954
0.083301
0.041077
0.045757
0.025032
0.060166
0.020515
0.029253
0.014639
0.036209
0.055727
0.060394
0.033644
0.036286
0.046258
0.024685
0.025209
0.031022
0.026286
0.035068
0.044172
0.031698
0.048451
0.043107
0.050568
0.018035
0.011009
0.012868
0.007559
0.020967
0.039300
0.011523
0.010745
0.027927
0.027688
0.020701
0.010396
0.139999
0.211945
0.035254
0.047550
0.110906
0.155095
0.170012
0.038508
0.071799
0.096206
0.065518
0.397788
0.136529
0.093175
0.043077
0.141421
0.057984
0.076574
0.049732
0.169259
0.108062
0.137620
0.055786
0.031161
0.186672
0.073933
0.045380
0.047289
0.066060
0.082840
0.030821
0.057193
0.081484
0.279123
0.027638
0.119013
0.069297
0.019005
0.014366
0.132543
0.028397
0.116985
0.051635
0.049318
0.123222
0.058660
0.053627
0.162736
0.133927
0.028927
0.126928
0.141923
0.050262
0.017126
0.108256
0.062024
0.086174
0.157570
0.048067
0.096270
0.027255
0.037280
0.023079
0.027532
0.017249
0.019672
0.031774
0.048258
0.015857
0.007689
0.015774
0.018612
0.016041
0.025859
0.034351
0.021136
0.007297
0.016075
0.027920
0.025501
0.006830
0.012438
0.004998
0.025240
0.017373
0.013234
0.018237
0.009166
0.014092
0.024216
0.042521
0.129054
0.069145
0.084084
0.031133
0.034854
0.224812
0.009427
0.091724
0.209422
0.173837
0.077586
0.105382
0.234223
0.032900
0.089191
0.137615
0.043529
0.066549
0.044528
0.065823
0.074928
0.217803
0.090733
0.025717
0.033601
0.113082
0.040162
0.061827
0.112160
0.052285
0.060277
0.022944
0.069415
0.050198
0.138480
0.035359
0.007574
0.006948
0.018970
0.019003
0.019779
0.004095
0.029039
0.022050
0.049629
0.039518
0.069407
0.119445
0.059067
0.054243
0.036065
0.027238
0.092906
0.051891
0.044134
0.170101
0.094528
0.015601
0.165792
0.188971
0.073276
0.159485
0.075164
0.027315
0.054753
0.057094
0.017808
0.014226
0.111525
0.026754
0.054206
0.015837
0.101690
0.041414
0.040051
0.105654
0.050789
0.047086
0.139690
0.111243
0.024862
0.106863
0.015419
0.115367
0.040795
0.016742
0.087024
0.063307
0.074020
0.097433
0.119126
0.042921
0.069122
0.089173
0.019917
0.085487
0.049832
0.032538
0.042372
0.035516
0.035549
0.020919
0.041744
0.072320
0.031290
0.039983
0.017743
0.009396
0.012735
0.050882
0.016439
0.009439
0.021864
0.029840
0.008501
0.015007
0.017585
0.018187
0.036000
0.028225
0.030935
0.042408
0.030949
0.017861
0.007850
0.016205
0.024305
0.005690
0.011747
0.007700
0.039056
0.043404
0.028131
0.028227
0.035495
0.037710
0.023547
0.019612
0.179781
0.044720
0.193540
0.247791
0.424329
0.042261
0.100401
0.026570
0.105156
0.101839
0.076545
0.051196
0.028572
0.010157
0.020990
0.025602
0.027113
0.017127
0.017733
0.010810
0.010663
0.018158
0.071611
0.076421
0.098745
0.087406
0.061453
0.008764
0.016222
0.043436
0.043654
0.148712
0.071401
0.115220
0.029681
0.115130
0.072331
0.136850
0.098706
0.022374
0.015819
0.009081
0.021256
0.047582
0.038134
0.010299
0.049001
0.041795
0.020457
0.016501
0.016233
0.014123
0.013190
0.013860
0.012263
0.030813
0.022543
0.051289
0.007933
0.004981
0.020279
0.020422
0.017125
0.025681
0.015157
0.018045
0.002484
0.019604
0.033820
0.019028
0.013439
0.028165
0.016188
0.019745
0.021047
0.136676
0.103001
0.029386
0.135897
0.053274
0.035467
0.091469
0.029895
0.039950
0.051477
0.111977
0.040919
0.139457
0.040569
0.037512
0.025441
0.061157
0.028525
0.040676
0.018408
0.014324
0.027213
0.094983
0.103755
0.033114
0.057028
0.081816
0.087082
0.113427
0.021191
0.102671
0.194240
0.053858
0.033809
0.045706
0.132172
0.055214
0.148366
0.070598
0.132067
0.035921
0.142869
0.175579
0.299520
0.061677
0.049855
0.167166
0.304555
0.030478
0.039225
0.038484
0.052257
0.040776
0.015778
0.014963
0.020403
0.021141
0.027077
0.023663
0.027152
0.030058
0.009359
0.023084
0.020620
0.009879
0.016520
0.023480
0.019943
0.026721
0.055429
0.032936
0.011969
0.045887
0.037088
0.041915
0.015372
0.025852
0.010779
0.008192
0.015709
0.020961
0.025983
0.006383
0.042831
0.077727
0.059351
0.092209
0.075690
0.215449
0.043885
0.176426
0.064394
0.050571
0.059751
0.094638
0.089909
0.202420
0.030621
0.069062
0.115886
0.019743
0.024925
0.032632
0.027485
0.015721
0.024169
0.004867
0.018011
0.011902
0.020908
0.027595
0.031868
0.036545
0.016424
0.018649
0.063179
0.193037
0.082772
0.336217
0.105911
0.098925
0.043889
0.136220
0.284662
0.086581
0.087405
0.083661
0.070245
0.095501
0.423340
0.047204
0.091498
0.077902
0.093290
0.152567
0.038766
0.140759
0.065082
0.128628
0.137072
0.017133
0.138378
0.202410
0.054852
0.393777
0.088626
0.103983
0.085635
0.213526
0.086560
0.014892
0.038239
0.125069
0.187832
0.073094
0.095320
0.102363
0.140516
0.010440
0.003468
0.098481
0.099919
0.044688
0.063021
0.171371
0.155589
0.157743
0.058967
0.007492
0.006735
0.032506
0.026593
0.031842
0.023049
0.016208
0.052958
0.065341
0.024663
0.039261
0.028094
0.044421
0.007767
0.039958
0.040501
0.018633
0.015941
0.013003
0.022849
0.032979
0.009874
0.010548
0.018599
0.009170
0.012354
0.015156
0.023561
0.001140
0.009859
0.018103
0.016681
0.027965
0.013291
0.026374
0.015498
0.021006
0.011786
0.036684
0.021276
0.021235
0.017966
0.021549
0.028550
0.013216
0.010304
0.022037
0.036375
0.016201
0.016606
0.027317
0.016274
0.027152
0.034083
0.021626
0.016184
0.031190
0.027557
0.024075
0.021541
0.031267
0.015409
0.035983
0.017447
0.026252
0.009253
0.054398
0.118897
0.205742
0.087631
0.187281
0.140798
0.037835
0.039346
0.121657
0.295114
0.011692
0.013450
0.105092
0.014850
0.126238
0.019866
0.194636
0.071378
0.047449
0.048138
0.020180
0.012244
0.033643
0.052622
0.009788
0.089450
0.084536
0.033894
0.051319
0.152299
0.098127
0.058064
0.044927
0.026830
0.037467
0.103995
0.067701
0.033298
0.043460
0.069945
0.062960
0.040746
0.033681
0.047662
0.108021
0.013301
0.031788
0.056372
0.069310
0.036409
0.092246
0.085210
0.028088
0.038934
0.014303
0.051419
0.042263
0.022601
0.019337
0.014480
0.025947
0.023166
0.012644
0.004487
0.008132
0.040421
0.017598
0.031734
0.022342
0.005769
0.017072
0.009565
0.014688
0.031095
0.008362
0.004870
0.040877
0.018335
0.012967
0.017266
0.002782
0.021962
0.021415
0.030495
0.017853
0.010401
0.016588
0.011542
0.013910
0.009238
0.033130
0.023968
0.014626
0.021258
0.030050
0.009483
0.038543
0.020424
0.015383
0.012051
0.024303
0.007870
0.040376
0.108063
0.111573
0.191816
0.083151
0.173816
0.132577
0.059915
0.077495
0.117005
0.277213
0.099996
0.203822
0.080205
0.234186
0.112946
0.263541
0.013092
0.034627
0.041035
0.018548
0.023549
0.019779
0.058367
0.084475
0.011700
0.113690
0.009236
0.084633
0.066042
0.061256
0.037609
0.093718
0.044005
0.030679
0.042841
0.011782
0.062904
0.028907
0.009825
0.009399
0.058566
0.032138
0.034345
0.009103
0.015358
0.023018
0.044104
0.019676
0.022029
0.029756
0.022431
0.032173
0.011796
0.026179
0.017584
0.014118
0.027570
0.013977
0.021450
0.020678
0.010276
0.028267
0.041592
0.163661
0.111433
0.143766
0.051041
0.028899
0.077788
0.086652
0.038861
0.127872
0.086498
0.044399
0.016122
0.061009
0.027902
0.144705
0.049556
0.071876
0.245202
0.326025
0.131479
0.146955
0.058747
0.024563
0.051518
0.063227
0.223894
0.025074
0.098203
0.053406
0.038825
0.036574
0.025418
0.031355
0.067275
0.075215
0.056350
0.019382
0.068607
0.029357
0.081499
0.075717
0.061632
0.068576
0.087264
0.017694
0.026269
0.064029
0.045252
0.062043
0.074028
0.087634
0.038902
0.050284
0.063507
0.065913
0.026348
0.034519
0.029687
0.006905
0.014145
0.015444
0.012931
0.036333
0.024123
0.042292
0.012401
0.028289
0.002282
0.047181
0.011036
0.016683
0.038858
0.014109
0.022779
0.006224
0.021005
0.097301
0.100652
0.170973
0.076675
0.153491
0.285147
0.075531
0.116903
0.055545
0.068513
0.149071
0.092577
0.053558
0.079847
0.047053
0.054832
0.186752
0.040183
0.034852
0.178644
0.095594
0.011845
0.143561
0.148792
0.115131
0.183420
0.279822
0.374985
0.039627
0.135360
0.089924
0.031045
0.030103
0.203456
0.121130
0.119574
0.030686
0.037005
0.046580
0.018892
0.020671
0.046542
0.017178
0.032863
0.012036
0.011930
0.027661
0.034082
0.051288
0.017748
0.018493
0.015852
0.032841
0.048362
0.009729
0.029960
0.060174
0.043370
0.049483
0.063219
0.059764
0.021594
0.006550
0.016015
0.010544
0.047621
0.090334
0.018903
0.066450
0.005472
0.029847
0.008062
0.049630
0.110017
0.012926
0.013155
0.057813
0.038360
0.022799
0.078104
0.016374
0.025765
0.017319
0.041148
0.019584
0.010316
0.035999
0.028647
0.030350
0.008900
0.042937
0.019142
0.022253
0.013186
0.013871
0.040861
0.037560
0.030990
0.074513
0.020707
0.079513
0.026971
0.042066
0.028313
0.209012
0.019401
0.176025
0.128795
0.038670
0.214752
0.050599
0.091380
0.039332
0.053015
0.054094
0.068662
0.025821
0.046212
0.120011
0.150904
0.066913
0.046996
0.014144
0.018670
0.035609
0.008514
0.033156
0.045269
0.024279
0.017653
0.028835
0.014150
0.034846
0.017408
0.020020
0.008194
0.014853
0.023525
0.025605
0.026637
0.019856
0.013828
0.038181
0.023451
0.035343
0.010237
0.003990
0.043546
0.033366
0.111325
0.020909
0.089194
0.043452
0.061970
0.041808
0.033895
0.016584
0.022516
0.029110
0.058627
0.026087
0.079420
0.100471
0.060156
0.084027
0.043172
0.035340
0.055307
0.049090
0.100143
0.139529
0.105455
0.062935
0.079584
0.193035
0.096550
0.109488
0.111390
0.041362
0.025054
0.116557
0.076202
0.091916
0.037841
0.036784
0.024808
0.071747
0.126606
0.102347
0.022750
0.013915
0.023906
0.008312
0.025809
0.023111
0.021356
0.017551
0.029893
0.021089
0.014100
0.019065
0.027566
0.021367
0.012801
0.039502
0.012209
0.038577
0.022978
0.022908
0.008143
0.024685
0.011274
0.024850
0.014369
0.143150
0.031320
0.017312
0.254674
0.085067
0.049695
0.063592
0.064577
0.030873
0.034199
0.103634
0.068792
0.060296
0.040450
0.070072
0.051036
0.092880
0.047362
0.052054
0.208940
0.027843
0.004502
0.038362
0.023641
0.036306
0.033949
0.144651
0.101275
0.016077
0.072972
0.022108
0.047257
0.031691
0.059079
0.080801
0.093820
0.118947
0.102360
0.050634
0.052871
0.089210
0.076209
0.054698
0.062810
0.073456
0.027811
0.014898
0.007676
0.036133
0.061919
0.018154
0.035028
0.014408
0.024771
0.008823
0.022868
0.017727
0.018853
0.026572
0.013773
0.007086
0.014409
0.009237
0.010622
0.027582
0.011602
0.022943
0.009922
0.023288
0.006651
0.007790
0.010323
0.023653
0.023088
0.060756
0.010844
0.051362
0.046702
0.069876
0.053828
0.166482
0.156929
0.014723
0.062373
0.041281
0.232948
0.137875
0.078605
0.071066
0.089719
0.046223
0.056246
0.334453
0.141057
0.136982
0.075983
0.112976
0.054652
0.100608
0.084474
0.019168
0.081077
0.171083
0.158972
0.065084
0.021367
0.016803
0.053949
0.037195
0.132255
0.073560
0.025782
0.064488
0.024651
0.028299
0.017799
0.014140
0.067897
0.020989
0.020014
0.066368
0.035175
0.032501
0.088858
0.062392
0.027758
0.029455
0.032334
0.016326
0.015703
0.024140
0.015637
0.031683
0.013974
0.031502
0.018211
0.011420
0.022713
0.027896
0.009670
0.027893
0.013376
0.026893
0.027943
0.019704
0.019483
0.024644
0.013978
0.010097
0.012221
0.005290
0.022008
0.006374
0.008942
0.033379
0.017696
0.049455
0.019169
0.037950
0.077638
0.069206
0.020008
0.035243
0.049088
0.027107
0.065872
0.055922
0.020213
0.019095
0.042830
0.020398
0.011469
0.031179
0.049626
0.104299
0.111946
0.059030
0.103965
0.041904
0.033512
0.075939
0.012841
0.041572
0.048407
0.023529
0.027604
0.023027
0.019703
0.026919
0.015981
0.034248
0.013223
0.037038
0.009998
0.017176
0.018070
0.049552
0.037413
0.041672
0.032671
0.019666
0.045265
0.020422
0.023867
0.022519
0.019346
0.043907
0.065845
0.037573
0.175308
0.134033
0.143338
0.162811
0.176664
0.075928
0.012911
0.029168
0.035173
0.097930
0.231533
0.017839
0.189576
0.027113
0.079962
0.206186
0.042627
0.104777
0.038209
0.038854
0.050492
0.154070
0.062664
0.174588
0.083477
0.072859
0.061792
0.064884
0.338277
0.035034
0.031559
0.152566
0.106226
0.067632
0.077495
0.101570
0.159843
0.048600
0.163364
0.149958
0.080632
0.094534
0.046319
0.089884
0.100922
0.259305
0.149214
0.168229
0.250884
0.041842
0.117266
0.049773
0.146904
0.064690
0.118533
0.124351
0.074477
0.059292
0.186342
0.051102
0.112821
0.108022
0.162595
0.205942
0.054983
0.124627
0.090564
0.138147
0.233804
0.012108
0.062962
0.145615
0.071719
0.048962
0.029727
0.053359
0.063680
0.073712
0.052974
0.060036
0.214051
0.023743
0.008847
0.037910
0.017697
0.029375
0.023441
0.006926
0.022264
0.007816
0.016812
0.104531
0.020323
0.083001
0.080029
0.064932
0.036930
0.044472
0.036272
0.014678
0.047772
0.061148
0.018933
0.049085
0.072038
0.054933
0.181447
0.042180
0.099213
0.015432
0.136426
0.058330
0.117200
0.093059
0.074628
0.026190
0.030374
0.018842
0.048419
0.045779
0.037822
0.027902
0.018522
0.025343
0.003853
0.020550
0.020865
0.019152
0.016476
0.017672
0.011398
0.033925
0.005664
0.042890
0.075352
0.083362
0.040848
0.057844
0.077204
0.027508
0.066381
0.060159
0.031369
0.054296
0.020904
0.067315
0.080976
0.080067
0.006780
0.176672
0.082659
0.147883
0.056278
0.079188
0.058909
0.058619
0.167412
0.026939
0.077198
0.131892
0.090950
0.092728
0.118947
0.063072
0.079182
0.214331
0.071659
0.116530
0.086524
0.153907
0.045423
0.016396
0.029916
0.051881
0.045011
0.106400
0.158144
0.042764
0.251043
0.068460
0.039791
0.127164
0.013895
0.013520
0.051422
0.012860
0.013273
0.059096
0.037727
0.003612
0.039815
0.043102
0.019475
0.033642
0.080102
0.034014
0.085609
0.028991
0.058921
0.028268
0.054408
0.090580
0.120243
0.056887
0.171317
0.129182
0.052331
0.074714
0.164959
0.020271
0.069264
0.104799
0.187725
0.216245
0.124638
0.116369
0.043098
0.174874
0.097502
0.030078
0.094611
0.086871
0.115569
0.016535
0.055185
0.042810
0.024650
0.040317
0.062815
0.058592
0.037544
0.022432
0.022730
0.076013
0.040764
0.012941
0.037150
0.008710
0.033771
0.023341
0.009999
0.018575
0.018163
0.009362
0.018147
0.012815
0.028649
0.016303
0.004910
0.004984
0.059210
0.029543
0.018800
0.018979
0.055839
0.007721
0.062157
0.131492
0.166186
0.087027
0.021934
0.113240
0.066634
0.068995
0.117801
0.065394
0.096658
0.058025
0.026863
0.072061
0.045568
0.191644
0.045055
0.086957
0.079401
0.055965
0.041367
0.086140
0.094692
0.021067
0.077182
0.019534
0.011404
0.079473
0.037677
0.029536
0.026981
0.066917
0.064847
0.054895
0.036446
0.029756
0.156067
0.024789
0.038402
0.019449
0.009485
0.013876
0.030430
0.009286
0.020512
0.047898
0.030952
0.029851
0.022578
0.030697
0.042548
0.072859
0.007535
0.041115
0.012084
0.042321
0.177310
0.068898
0.115469
0.212277
0.034324
0.023203
0.095864
0.131727
0.031644
0.080827
0.099400
0.126022
0.332943
0.122395
0.187683
0.153174
0.251206
0.071834
0.018579
0.018061
0.019104
0.012768
0.025323
0.007950
0.023028
0.029298
0.004358
0.033701
0.034583
0.038188
0.020965
0.003490
0.010552
0.024638
0.003801
0.017714
0.010057
0.024666
0.022117
0.025628
0.022082
0.046650
0.011075
0.007851
0.033419
0.022029
0.053244
0.014691
0.005320
0.022498
0.020462
0.018365
0.020494
0.012979
0.022711
0.002483
0.026203
0.028540
0.027151
0.007435
0.022649
0.020549
0.008194
0.023705
0.014581
0.142490
0.106885
0.144833
0.056462
0.036085
0.031721
0.043307
0.031098
0.056038
0.116511
0.038150
0.038422
0.028834
0.008833
0.017542
0.016342
0.028810
0.099908
0.031684
0.053851
0.076981
0.083878
0.109369
0.020117
0.098223
0.184554
0.035947
0.051019
0.032471
0.044452
0.126216
0.053269
0.141228
0.067147
0.128361
0.036201
0.138471
0.169921
0.162421
0.295619
0.122231
0.110006
0.115357
0.081826
0.026437
0.042256
0.091067
0.008399
0.048445
0.070323
0.122610
0.147791
0.052307
0.023508
0.055907
0.041074
0.022329
0.023726
0.031454
0.015550
0.015285
0.017529
0.009945
0.033475
0.037198
0.025009
0.009034
0.033170
0.007339
0.013592
0.018046
0.022007
0.029384
0.033699
0.023400
0.054696
0.021034
0.034133
0.030500
0.049327
0.003901
0.045510
0.026544
0.016673
0.015626
0.005954
0.038660
0.060609
0.007275
0.035572
0.021758
0.025862
0.034960
0.032301
0.021848
0.029348
0.019306
0.007197
0.021704
0.043660
0.020604
0.020612
0.022276
0.022521
0.012459
0.010786
0.025596
0.012277
0.018844
0.010278
0.041397
0.019112
0.108871
0.096790
0.098614
0.030684
0.071962
0.028343
0.017846
0.077706
0.075156
0.039805
0.053249
0.025738
0.316899
0.151531
0.195038
0.132273
0.098858
0.177382
0.131181
0.114040
0.124111
0.231990
0.096949
0.079592
0.101222
0.124398
0.318270
0.346078
0.447715
0.028039
0.294034
0.089469
0.210357
0.065632
0.134358
0.050705
0.068180
0.125919
0.083493
0.167920
0.065465
0.022703
0.028810
0.014847
0.015317
0.023622
0.016775
0.008376
0.009690
0.023075
0.032586
0.024157
0.022476
0.006413
0.013192
0.008024
0.025144
0.209528
0.095106
0.036355
0.028131
0.031941
0.134539
0.123156
0.059775
0.099770
0.134881
0.141623
0.329642
0.100371
0.067058
0.164360
0.122810
0.050828
0.155604
0.118588
0.014825
0.045080
0.037165
0.036353
0.097406
0.073909
0.042422
0.185904
0.081826
0.001785
0.041341
0.066179
0.040923
0.208569
0.069356
0.200476
0.080685
0.054995
0.012928
0.065343
0.060203
0.049229
0.020897
0.061273
0.186443
0.027731
0.037606
0.063854
0.122841
0.049953
0.015986
0.030323
0.020114
0.016589
0.010376
0.012521
0.033510
0.015135
0.040932
0.016240
0.027249
0.027249
0.069366
0.021608
0.064009
0.035582
0.044356
0.069379
0.120257
0.090457
0.037708
0.032112
0.012587
0.088917
0.022336
0.160898
0.045193
0.043393
0.056393
0.033804
0.038401
0.059997
0.039012
0.020238
0.019017
0.004041
0.117055
0.133323
0.064805
0.118587
0.178945
0.155266
0.189835
0.043702
0.187474
0.375751
0.019688
0.109971
0.145302
0.171640
0.156717
0.076351
0.077142
0.131438
0.106086
0.007199
0.041798
0.020616
0.023951
0.013560
0.028516
0.017736
0.024690
0.029125
0.022914
0.013507
0.045258
0.011461
0.028243
0.056878
0.038914
0.023771
0.016921
0.016525
0.019611
0.011613
0.021092
0.022307
0.032568
0.026261
0.029926
0.128255
0.089670
0.015256
0.069739
0.085731
0.105022
0.020822
0.156645
0.139126
0.150529
0.151097
0.176985
0.156435
0.182055
0.016915
0.023719
0.002999
0.012794
0.021329
0.045619
0.026941
0.020810
0.089540
0.061796
0.126502
0.057981
0.097937
0.022624
0.207168
0.047534
0.095377
0.101067
0.011141
0.151745
0.085500
0.117651
0.082983
0.132867
0.076727
0.038842
0.065711
0.050024
0.059285
0.012536
0.019317
0.030259
0.006216
0.006448
0.030728
0.021152
0.014606
0.007552
0.013352
0.004163
0.020425
0.002113
0.037940
0.021361
0.038854
0.028459
0.020827
0.022305
0.036499
0.056533
0.007722
0.038371
0.088029
0.076707
0.112016
0.159003
0.209248
0.221513
0.245361
0.273470
0.120860
0.018800
0.066654
0.140774
0.349393
0.040686
0.292293
0.040013
0.128802
0.022013
0.488018
0.041798
0.023984
0.011596
0.027154
0.025643
0.023774
0.020904
0.028351
0.019440
0.021745
0.022981
0.021888
0.010951
0.019291
0.027131
0.020953
0.013455
0.037581
0.012415
0.012773
0.038080
0.022831
0.023386
0.008596
0.017652
0.016496
0.014684
0.146450
0.031213
0.081661
0.109390
0.017257
0.256609
0.086383
0.042247
0.051181
0.065876
0.066875
0.032060
0.034891
0.107002
0.070942
0.007273
0.041390
0.071923
0.051653
0.095723
0.048833
0.053670
0.215580
0.029138
0.008339
0.040134
0.022694
0.038376
0.034050
0.149869
0.020400
0.111078
0.117796
0.019194
0.130604
0.044729
0.028780
0.070616
0.037558
0.057707
0.096794
0.128777
0.113251
0.139854
0.070485
0.134739
0.135453
0.062507
0.089953
0.123857
0.033370
0.094621
0.119753
0.316841
0.114242
0.017288
0.018491
0.007385
0.026071
0.047959
0.030874
0.016504
0.022167
0.029406
0.006137
0.020686
0.024412
0.020949
0.049710
0.018094
0.009618
0.049229
0.049331
0.016718
0.016362
0.022730
0.019613
0.004500
0.009864
0.035688
0.004064
0.012383
0.023994
0.029551
0.043343
0.006161
0.026395
0.004871
0.041528
0.021453
0.012247
0.018848
0.018808
0.083771
0.089273
0.226702
0.129596
0.150106
0.222075
0.138824
0.134344
0.164417
0.032671
0.088506
0.057214
0.042627
0.147847
0.043014
0.022814
0.061527
0.090827
0.092750
0.133583
0.167315
0.049487
0.099557
0.073451
0.014249
0.053421
0.112953
0.046009
0.028534
0.173508
0.034020
0.034077
0.016593
0.014516
0.016448
0.021187
0.015965
0.017332
0.036207
0.240056
0.078432
0.201694
0.243631
0.279265
0.039027
0.043080
0.072816
0.138232
0.049724
0.083683
0.139285
0.079503
0.124056
0.052532
0.074748
0.030621
0.119366
0.062571
0.051912
0.294884
0.252308
0.060564
0.081890
0.025805
0.047616
0.045041
0.067318
0.039567
0.005993
0.009292
0.013316
0.020736
0.008156
0.031275
0.021954
0.022337
0.036810
0.032376
0.005182
0.020300
0.011948
0.024530
0.023907
0.025180
0.097896
0.063478
0.026450
0.073957
0.036610
0.070467
0.050439
0.013037
0.015326
0.057744
0.056137
0.082076
0.032192
0.057483
0.024153
0.096564
0.063222
0.050776
0.051035
0.010359
0.050387
0.049902
0.172884
0.096220
0.063672
0.048677
0.042296
0.121056
0.077469
0.102197
0.024714
0.075661
0.045593
0.037635
0.012474
0.172329
0.345766
0.463585
0.043636
0.165652
0.275449
0.118919
0.146133
0.186956
0.155671
0.024385
0.244690
0.072912
0.068897
0.017316
0.114650
0.106582
0.055655
0.059639
0.163010
0.024532
0.067689
0.031004
0.039017
0.013512
0.062770
0.019022
0.009572
0.038328
0.025193
0.013354
0.019526
0.008575
0.012936
0.016871
0.025144
0.017252
0.012144
0.004090
0.008785
0.026775
0.147999
0.105958
0.072999
0.042701
0.208444
0.023612
0.030916
0.036735
0.024276
0.047660
0.023442
0.176606
0.102151
0.082085
0.060600
0.032064
0.021861
0.019067
0.011424
0.011824
0.014342
0.024772
0.005558
0.017380
0.014542
0.031372
0.006844
0.003263
0.025620
0.065048
0.026649
0.102135
0.054830
0.208499
0.049883
0.274388
0.009345
0.011962
0.011132
0.025513
0.019599
0.015022
0.054813
0.024328
0.021832
0.014951
0.011296
0.008260
0.019580
0.029843
0.012722
0.030954
0.026780
0.015026
0.015651
0.008352
0.004744
0.004396
0.027703
0.032112
0.024829
0.018992
0.019306
0.019479
0.034152
0.030673
0.034330
0.013112
0.059823
0.049409
0.068360
0.028088
0.042662
0.035421
0.064284
0.044410
0.055128
0.030211
0.040950
0.047608
0.014561
0.080855
0.046975
0.044345
0.029983
0.031626
0.009140
0.091802
0.032936
0.013732
0.026167
0.061292
0.050275
0.074689
0.067517
0.215762
0.091840
0.037737
0.071825
0.035124
0.086648
0.024398
0.021021
0.017295
0.076775
0.116438
0.051181
0.027457
0.125819
0.127522
0.158708
0.131417
0.275477
0.054532
0.086470
0.174514
0.322017
0.187823
0.163179
0.094834
0.029245
0.066186
0.132546
0.075946
0.097163
0.107834
0.084280
0.052719
0.063230
0.298783
0.134434
0.256625
0.044926
0.090718
0.365913
0.403938
0.142995
0.304858
0.046643
0.135062
0.242744
0.174735
0.158692
0.016505
0.110773
0.061002
0.057924
0.020590
0.040082
0.039392
0.046751
0.071164
0.081460
0.026437
0.013582
0.008260
0.007829
0.032658
0.018385
0.026448
0.025382
0.015936
0.017520
0.028049
0.017429
0.019759
0.030130
0.136672
0.176300
0.076155
0.068984
0.048714
0.109022
0.165166
0.063788
0.020489
0.085790
0.147201
0.056400
0.025202
0.081318
0.081963
0.040372
0.094871
0.191971
0.166469
0.097492
0.044231
0.077399
0.059836
0.073536
0.066946
0.019512
0.043551
0.039451
0.057002
0.066314
0.026416
0.006078
0.016487
0.040208
0.020930
0.031376
0.009805
0.010321
0.031031
0.017936
0.063383
0.030136
0.021025
0.001253
0.031667
0.017936
0.025377
0.024051
0.025708
0.034706
0.009781
0.009594
0.017388
0.043643
0.048343
0.032614
0.089175
0.068801
0.050144
0.007557
0.035032
0.065410
0.119534
0.072217
0.039310
0.053417
0.258490
0.126554
0.068867
0.017627
0.043474
0.022450
0.553269
0.141097
0.549604
0.149761
0.102946
0.187523
0.020313
0.111068
0.385125
0.147122
0.059810
0.130238
0.079066
0.249775
0.213047
0.232491
0.116104
0.031125
0.095272
0.048915
0.127996
0.025679
0.155599
0.083271
0.019491
0.060120
0.068829
0.030687
0.062979
0.076494
0.053783
0.007544
0.041583
0.033724
0.035316
0.053096
0.012384
0.025442
0.021638
0.008278
0.025492
0.032461
0.017686
0.015096
0.027350
0.015142
0.015143
0.003070
0.035703
0.020256
0.034026
0.037901
0.046097
0.003902
0.013872
0.012717
0.005366
0.039608
0.017988
0.015539
0.013531
0.017978
0.011021
0.010659
0.023602
0.028132
0.203464
0.141454
0.024711
0.084303
0.137748
0.154366
0.042465
0.045679
0.058837
0.175136
0.076374
0.308738
0.098993
0.090281
0.041339
0.123666
0.261448
0.146940
0.095704
0.132875
0.076696
0.063850
0.087984
0.070843
0.082883
0.136373
0.035771
0.128335
0.061898
0.114894
0.121065
0.066113
0.232449
0.141163
0.195488
0.075950
0.035166
0.095375
0.130508
0.120413
0.063613
0.189853
0.061648
0.087902
0.319343
0.430596
0.168566
0.109768
0.096898
0.156438
0.029645
0.083240
0.013674
0.024727
0.044315
0.049078
0.052955
0.057328
0.071017
0.030907
0.114214
0.048332
0.134303
0.048359
0.101036
0.190784
0.109314
0.013299
0.057391
0.072865
0.121260
0.049972
0.165812
0.021879
0.007478
0.022314
0.043555
0.040165
0.016027
0.018580
0.047575
0.050433
0.016705
0.033761
0.073156
0.015649
0.053252
0.038980
0.053459
0.042368
0.085259
0.104696
0.035497
0.042074
0.020893
0.015909
0.016771
0.031225
0.020775
0.027014
0.010570
0.037397
0.035529
0.015265
0.040287
0.026166
0.020840
0.029714
0.034265
0.029010
0.013047
0.022920
0.026235
0.008485
0.031453
0.022472
0.005348
0.016831
0.016359
0.033971
0.014551
0.021932
0.214646
0.051314
0.230966
0.300447
0.515016
0.156411
0.044011
0.302631
0.133610
0.146060
0.139074
0.546187
0.149524
0.477877
0.306984
0.166468
0.147290
0.040115
0.061160
0.068979
0.062620
0.216840
0.148767
0.096627
0.087138
0.044732
0.080981
0.026896
0.117758
0.054610
0.102367
0.185640
0.023640
0.076411
0.086569
0.087497
0.005692
0.027918
0.082579
0.021905
0.110622
0.083195
0.132618
0.079679
0.238794
0.119282
0.030749
0.097269
0.051448
0.132200
0.026315
0.160561
0.050679
0.087624
0.020114
0.064125
0.072308
0.030534
0.066210
0.064527
0.027172
0.076017
0.049769
0.073941
0.058980
0.006501
0.042077
0.033692
0.161240
0.181771
0.195090
0.057639
0.054382
0.015712
0.032496
0.042397
0.028606
0.022351
0.007250
0.009705
0.012510
0.012387
0.022099
0.021087
0.015622
0.025130
0.033206
0.013502
0.007967
0.025272
0.017924
0.035458
0.038717
0.043582
0.077708
0.053908
0.035213
0.125031
0.228336
0.035969
0.024116
0.028406
0.063677
0.033886
0.024668
0.087592
0.027836
0.075809
0.025618
0.068597
0.063585
0.030596
0.087610
0.034532
0.010842
0.012697
0.012828
0.011346
0.015697
0.006427
0.043546
0.007751
0.008345
0.041700
0.016970
0.041365
0.026240
0.020881
0.017159
0.004158
0.010549
0.036265
0.035186
0.020206
0.017594
0.016643
0.039252
0.022020
0.003358
0.046452
0.018419
0.023540
0.059804
0.069186
0.010684
0.082051
0.027590
0.099395
0.027499
0.072130
0.062062
0.135235
0.031613
0.057237
0.206551
0.199387
0.077668
0.097989
0.262799
0.093408
0.146490
0.113514
0.193204
0.057031
0.171936
0.131740
0.050431
0.056188
0.051600
0.089905
0.118710
0.032966
0.041121
0.022823
0.033272
0.028283
0.035697
0.014818
0.011570
0.046381
0.008605
0.019617
0.029306
0.039979
0.021091
0.032138
0.002956
0.026005
0.006107
0.010374
0.043644
0.023538
0.065578
0.026702
0.023608
0.018365
0.022784
0.041400
0.029874
0.048219
0.036851
0.063735
0.016912
0.011248
0.012350
0.022381
0.045099
0.023100
0.063554
0.018147
0.030773
0.010352
0.020499
0.056389
0.019776
0.030940
0.012601
0.017175
0.014315
0.009833
0.005942
0.040541
0.005693
0.036789
0.020350
0.005813
0.035927
0.067685
0.036447
0.030631
0.085838
0.011045
0.025712
0.029053
0.013347
0.022193
0.017611
0.019352
0.018928
0.011748
0.018312
0.039946
0.012916
0.017620
0.011483
0.006613
0.011753
0.007416
0.004563
0.011779
0.014421
0.027249
0.006433
0.008486
0.013754
0.033477
0.032238
0.007480
0.027646
0.018371
0.022547
0.016281
0.018467
0.028044
0.079797
0.016279
0.042155
0.044215
0.063856
0.071845
0.182333
0.053371
0.149091
0.066730
0.163002
0.267952
0.088637
0.077097
0.036749
0.105023
0.043011
0.142976
0.133128
0.085295
0.115636
0.066237
0.250047
0.060867
0.038033
0.314912
0.124932
0.057524
0.109991
0.090500
0.110954
0.057408
0.096457
0.097493
0.091281
0.081332
0.026244
0.226684
0.129551
0.150096
0.222115
0.139880
0.135315
0.165314
0.032874
0.089085
0.057365
0.043249
0.022336
0.043081
0.023058
0.061272
0.090663
0.092631
0.133112
0.167095
0.049378
0.099633
0.073313
0.014195
0.053126
0.112318
0.045553
0.040065
0.028543
0.174715
0.034179
0.034327
0.017777
0.015198
0.016603
0.021176
0.016209
0.017629
0.022111
0.036147
0.037903
0.241571
0.078861
0.202965
0.245256
0.280906
0.039163
0.043258
0.072927
0.139023
0.049873
0.150532
0.083974
0.139805
0.079837
0.124871
0.141942
0.009168
0.158914
0.028588
0.087950
0.040143
0.051474
0.083364
0.131868
0.030645
0.231180
0.102594
0.111696
0.108362
0.427282
0.118207
0.136255
0.106862
0.044206
0.378041
0.239095
0.135299
0.028322
0.026381
0.007681
0.026291
0.060114
0.020315
0.036157
0.011971
0.062213
0.039678
0.034655
0.041470
0.113447
0.125078
0.014901
0.090988
0.135539
0.113213
0.007779
0.158148
0.036876
0.341653
0.123998
0.139694
0.270416
0.206562
0.089299
0.050423
0.070142
0.088476
0.059647
0.173055
0.093857
0.054722
0.179331
0.047344
0.040188
0.036340
0.215972
0.024801
0.082896
0.055266
0.045293
0.045051
0.043771
0.023698
0.031948
0.019934
0.031396
0.038978
0.008527
0.027003
0.050951
0.026746
0.039908
0.080139
0.025281
0.033068
0.009490
0.025667
0.005557
0.011188
0.023961
0.034617
0.029475
0.023276
0.033544
0.016402
0.025254
0.018769
0.007818
0.025840
0.039282
0.032930
0.053090
0.029584
0.045046
0.041283
0.015845
0.027065
0.034252
0.042461
0.021792
0.044166
0.030030
0.043640
0.015765
0.054760
0.060181
0.023000
0.049624
0.030595
0.071927
0.018212
0.061733
0.148437
0.069041
0.217849
0.230297
0.054905
0.068817
0.022395
0.203637
0.136624
0.255657
0.071557
0.090725
0.020190
0.023483
0.052333
0.061392
0.067324
0.009277
0.095837
0.050230
0.027147
0.069229
0.038331
0.072912
0.036240
0.051545
0.067306
0.025406
0.063673
0.049208
0.029150
0.045429
0.014270
0.055763
0.064765
0.045904
0.069076
0.008442
0.148551
0.067737
0.126858
0.148539
0.067430
0.126475
0.015002
0.055391
0.056415
0.042849
0.114760
0.048478
0.090794
0.028101
0.096619
0.076190
0.056140
0.070299
0.192712
0.064261
0.104719
0.074020
0.135526
0.042017
0.061209
0.046298
0.256430
0.083096
0.068176
0.144698
0.042387
0.024816
0.172698
0.067583
0.041312
0.056852
0.050545
0.005206
0.020418
0.014865
0.014025
0.027788
0.014422
0.045707
0.066937
0.037906
0.040901
0.037019
0.064247
0.025437
0.035157
0.096597
0.039290
0.043560
0.030193
0.046071
0.104705
0.136948
0.003191
0.021620
0.065569
0.048741
0.105702
0.034256
0.037151
0.085907
0.022028
0.059101
0.039556
0.036970
0.041794
0.041681
0.009699
0.010133
0.029437
0.007596
0.033213
0.001562
0.000577
0.008897
0.018091
0.009166
0.015013
0.013532
0.023730
0.015798
0.027472
0.033200
0.015373
0.025069
0.010297
0.010987
0.014806
0.024315
0.075262
0.043917
0.011915
0.063494
0.049588
0.059972
0.011455
0.027881
0.032223
0.053518
0.053842
0.065276
0.104221
0.096764
0.214245
0.021016
0.075881
0.055914
0.308592
0.187104
0.118422
0.104640
0.123815
0.121747
0.078703
0.049131
0.215774
0.071545
0.273131
0.148851
0.139263
0.247944
0.081464
0.158356
0.058746
0.097768
0.143266
0.169457
0.087354
0.134306
0.085119
0.035003
0.106497
0.240310
0.160763
0.272316
0.055218
0.088934
0.121179
0.123418
0.291853
0.086692
0.105006
0.297732
0.209442
0.060152
0.145712
0.130865
0.038888
0.009164
0.085213
0.054668
0.032752
0.150655
0.064595
0.102631
0.035637
0.010231
0.045666
0.052540
0.031028
0.013823
0.025767
0.058691
0.009851
0.027534
0.014630
0.032518
0.004684
0.042289
0.030777
0.013554
0.012833
0.026465
0.043261
0.031880
0.023851
0.007701
0.032846
0.029107
0.023569
0.006090
0.010418
0.020445
0.028373
0.032352
0.005937
0.011300
0.016422
0.010819
0.047294
0.003463
0.026923
0.023045
0.022888
0.025085
0.035762
0.051040
0.036208
0.015728
0.003781
0.035958
0.064668
0.049235
0.026958
0.029159
0.036559
0.034654
0.010089
0.010952
0.011393
0.148136
0.150437
0.049806
0.073360
0.254388
0.339653
0.135439
0.087963
0.076321
0.151163
0.059916
0.041473
0.041149
0.053023
0.134382
0.024562
0.231464
0.026034
0.102878
0.054561
0.027940
0.033768
0.075301
0.079993
0.074444
0.032384
0.089265
0.077719
0.097463
0.015632
0.068962
0.033362
0.094390
0.038869
0.056693
0.040380
0.049553
0.049240
0.060115
0.016590
0.065786
0.044993
0.026651
0.028402
0.021212
0.030017
0.025515
0.033464
0.045921
0.008501
0.029241
0.017058
0.007454
0.017219
0.014343
0.014898
0.035986
0.023404
0.037659
0.012345
0.024801
0.021776
0.010241
0.039788
0.020893
0.036996
0.019628
0.003173
0.022626
0.028728
0.005897
0.047958
0.017677
0.101702
0.147430
0.297954
0.079396
0.120293
0.152865
0.056087
0.083981
0.049233
0.056020
0.041534
0.035739
0.185629
0.099527
0.203037
0.102249
0.145777
0.045728
0.150455
0.140114
0.074346
0.085088
0.129780
0.031837
0.101252
0.043414
0.123357
0.055375
0.066813
0.081431
0.024267
0.031272
0.103321
0.036250
0.057069
0.103757
0.047395
0.076387
0.073506
0.048439
0.048053
0.123803
0.015673
0.182900
0.105823
0.060747
0.042535
0.046179
0.170288
0.022494
0.130310
0.119001
0.011927
0.032734
0.027805
0.037068
0.029621
0.048958
0.014189
0.036231
0.037890
0.058460
0.067747
0.155588
0.071670
0.058474
0.161673
0.169672
0.130989
0.210372
0.041833
0.153305
0.252658
0.109776
0.100011
0.296590
0.134303
0.085600
0.083475
0.089306
0.039496
0.056495
0.054040
0.163908
0.136530
0.021745
0.215288
0.065171
0.061900
0.015207
0.101107
0.091092
0.051210
0.051150
0.042116
0.008705
0.026247
0.025156
0.059663
0.056559
0.019613
0.051848
0.026076
0.038914
0.054661
0.037688
0.025851
0.019026
0.038052
0.080378
0.008018
0.025864
0.016460
0.032071
0.018828
0.010700
0.026266
0.013290
0.012148
0.023688
0.015143
0.012976
0.051529
0.031046
0.012044
0.024091
0.036479
0.054830
0.018329
0.034927
0.036514
0.017784
0.037666
0.014861
0.265686
0.183933
0.053111
0.128192
0.079765
0.084033
0.147770
0.103564
0.029801
0.008893
0.074863
0.076853
0.020797
0.007909
0.029071
0.048427
0.017743
0.005378
0.025584
0.067655
0.039243
0.021067
0.002653
0.005048
0.011212
0.034000
0.021913
0.049266
0.020397
0.027242
0.003911
0.020826
0.018877
0.049735
0.018808
0.072906
0.018705
0.032295
0.215721
0.075781
0.068598
0.102579
0.142561
0.055144
0.254805
0.196313
0.207996
0.231224
0.256941
0.113302
0.017417
0.042934
0.061204
0.133689
0.329139
0.036838
0.274926
0.037460
0.120706
0.022428
0.018490
0.006435
0.020768
0.380352
0.460962
0.151422
0.039992
0.289424
0.127474
0.112928
0.193036
0.162026
0.126482
0.054698
0.457566
0.294330
0.160057
0.132796
0.037107
0.055547
0.063459
0.057270
0.197661
0.137970
0.089320
0.009143
0.042940
0.084250
0.041135
0.071077
0.023065
0.043100
0.053264
0.162823
0.179858
0.020493
0.072586
0.081558
0.114902
0.177695
0.138835
0.007193
0.030785
0.152138
0.177973
0.254124
0.238673
0.055959
0.022925
0.044178
0.113402
0.081029
0.175637
0.115937
0.033027
0.197673
0.188553
0.218024
0.159765
0.006361
0.026143
0.015403
0.005181
0.024686
0.015477
0.009872
0.009107
0.025734
0.010311
0.017072
0.050487
0.056150
0.026996
0.082866
0.067920
0.034361
0.064390
0.046142
0.105771
0.064957
0.035919
0.030648
0.021938
0.009422
0.018506
0.013421
0.020976
0.024970
0.031467
0.027839
0.015828
0.025154
0.003101
0.018203
0.009916
0.024509
0.068530
0.332132
0.105053
0.098319
0.155806
0.102423
0.142057
0.083137
0.069333
0.094184
0.075691
0.092107
0.149527
0.082774
0.016717
0.069614
0.118432
0.089938
0.159958
0.117790
0.105153
0.109853
0.210845
0.072804
0.091135
0.111368
0.288025
0.312096
0.401985
0.026086
0.262958
0.075295
0.179290
0.055823
0.092886
0.033186
0.114895
0.043569
0.052659
0.106985
0.110310
0.036797
0.065330
0.027015
0.062213
0.058014
0.083872
0.017991
0.045508
0.044426
0.034833
0.056943
0.195955
0.023139
0.143089
0.131327
0.078382
0.189526
0.068585
0.095136
0.052572
0.194105
0.095940
0.025296
0.076311
0.041336
0.107296
0.020792
0.129678
0.039465
0.065473
0.011931
0.025030
0.019789
0.040997
0.040344
0.052248
0.019329
0.017785
0.041005
0.045541
0.007344
0.036140
0.017397
0.264944
0.274015
0.030191
0.300993
0.044286
0.150025
0.069293
0.106019
0.164299
0.049378
0.048215
0.008294
0.041048
0.023225
0.035755
0.078316
0.023288
0.045629
0.018571
0.021581
0.015989
0.150683
0.052481
0.170865
0.099134
0.288184
0.129880
0.041747
0.018582
0.024965
0.020595
0.044439
0.023375
0.022970
0.093173
0.099303
0.070752
0.345748
0.039533
0.009991
0.026719
0.025083
0.209603
0.043488
0.081221
0.047598
0.042520
0.018364
0.071253
0.055650
0.082507
0.064086
0.035415
0.042075
0.046235
0.137928
0.143677
0.174296
0.016561
0.110689
0.102425
0.018618
0.144167
0.064990
0.070023
0.073192
0.283321
0.080076
0.077528
0.028335
0.257450
0.156197
0.097735
0.038937
0.019562
0.022992
0.028430
0.006652
0.025830
0.025164
0.021864
0.015155
0.020555
0.026765
0.004699
0.011125
0.026330
0.003717
0.057289
0.075478
0.121397
0.050526
0.026467
0.077716
0.045187
0.051524
0.034298
0.027351
0.019651
0.065623
0.072570
0.053300
0.063202
0.046829
0.069550
0.053516
0.051074
0.170191
0.077072
0.145217
0.018457
0.060364
0.100130
0.036259
0.066336
0.046481
0.130602
0.054660
0.105540
0.015462
0.025014
0.066694
0.130675
0.100169
0.081786
0.020926
0.042305
0.095039
0.145119
0.041379
0.228414
0.029200
0.023892
0.062482
0.038001
0.112238
0.025607
0.004338
0.058838
0.029393
0.028123
0.032000
0.038811
0.031756
0.072261
0.029504
0.080608
0.085024
0.142601
0.032471
0.023417
0.026821
0.024450
0.077314
0.039696
0.096092
0.030676
0.078946
0.070244
0.179827
0.092815
0.121727
0.343794
0.066896
0.117414
0.246267
0.053345
0.011149
0.058295
0.176600
0.129110
0.068635
0.044647
0.043962
0.115870
0.131560
0.062758
0.084415
0.211532
0.006481
0.092699
0.068511
0.218509
0.031638
0.038801
0.102724
0.043195
0.061345
0.068060
0.041546
0.060109
0.102712
0.128828
0.131547
0.230616
0.094413
0.094905
0.135297
0.331063
0.044245
0.033581
0.045119
0.029769
0.027980
0.043827
0.033089
0.011209
0.010182
0.005372
0.022132
0.033951
0.011849
0.025253
0.002527
0.008995
0.035904
0.010462
0.021751
0.007735
0.021806
0.164993
0.134366
0.189546
0.129650
0.261640
0.082643
0.190627
0.096975
0.181139
0.078246
0.144151
0.016998
0.033056
0.050164
0.031826
0.039789
0.060490
0.108402
0.070093
0.026580
0.040150
0.102075
0.121157
0.018932
0.132199
0.045875
0.026519
0.070109
0.135588
0.152084
0.123723
0.105751
0.037511
0.026629
0.202830
0.026729
0.033982
0.025673
0.047784
0.036263
0.024926
0.019729
0.006167
0.025312
0.057921
0.035547
0.023405
0.010523
0.024437
0.021832
0.055119
0.020396
0.009183
0.054577
0.055248
0.053658
0.047775
0.019345
0.031586
0.035645
0.009870
0.038284
0.010753
0.031048
0.034637
0.011399
0.028304
0.012212
0.015869
0.020811
0.032136
0.003265
0.016721
0.024593
0.027803
0.020223
0.012271
0.030667
0.024531
0.031052
0.191613
0.045016
0.086827
0.079463
0.055925
0.041355
0.086019
0.094539
0.021005
0.076733
0.019339
0.011473
0.078733
0.037652
0.029587
0.027031
0.067065
0.064987
0.054993
0.036783
0.030005
0.028277
0.156571
0.024923
0.038493
0.019513
0.009485
0.013776
0.030338
0.008931
0.020294
0.047684
0.030908
0.029944
0.022622
0.030838
0.042687
0.073127
0.007471
0.041095
0.012223
0.042397
0.177728
0.069024
0.314935
0.212370
0.294748
0.171609
0.258454
0.221019
0.245076
0.277841
0.162612
0.157545
0.055654
0.236505
0.132214
0.036827
0.119261
0.047709
0.044985
0.161351
0.080728
0.184602
0.032413
0.148827
0.070335
0.055317
0.087306
0.090183
0.056423
0.030104
0.050006
0.017065
0.055915
0.042437
0.114727
0.031377
0.017629
0.019392
0.065823
0.013345
0.009676
0.024305
0.039851
0.049078
0.041007
0.154480
0.030320
0.079924
0.106644
0.157291
0.178387
0.008651
0.027051
0.005556
0.006600
0.002167
0.004942
0.009339
0.019589
0.024065
0.012872
0.006323
0.020373
0.011800
0.032044
0.030138
0.055777
0.076597
0.088469
0.112470
0.095973
0.047292
0.050802
0.084013
0.072529
0.022883
0.054083
0.076559
0.035909
0.023665
0.018814
0.071428
0.026087
0.030619
0.029190
0.021729
0.021450
0.033737
0.017661
0.006386
0.028807
0.027408
0.039052
0.038567
0.029755
0.037249
0.039400
0.012624
0.024310
0.006272
0.025660
0.018041
0.014030
0.008508
0.013503
0.025929
0.021396
0.053554
0.009884
0.052644
0.046452
0.069635
0.054824
0.166946
0.033075
0.135444
0.054606
0.234261
0.139584
0.080124
0.072880
0.091117
0.090086
0.058277
0.035105
0.336584
0.037537
0.082293
0.021995
0.052402
0.077314
0.164500
0.151783
0.062299
0.083003
0.053021
0.021039
0.149284
0.016578
0.080732
0.110761
0.109604
0.263253
0.076287
0.070730
0.095378
0.271848
0.088986
0.188997
0.054982
0.027359
0.104333
0.155492
0.087647
0.082070
0.072122
0.072488
0.093070
0.159641
0.112338
0.127464
0.020313
0.066619
0.040497
0.025765
0.123914
0.051584
0.020936
0.009441
0.030772
0.047055
0.017268
0.005737
0.030747
0.030505
0.033178
0.014006
0.016758
0.018923
0.005570
0.033126
0.014715
0.018901
0.018957
0.017119
0.037619
0.021664
0.031224
0.037398
0.055683
0.023732
0.034319
0.044727
0.054818
0.029016
0.042669
0.025308
0.032088
0.053160
0.039847
0.032738
0.015099
0.010689
0.178992
0.086475
0.060610
0.203659
0.069200
0.064297
0.097806
0.133662
0.054567
0.246844
0.189614
0.200890
0.223977
0.248540
0.040992
0.058446
0.130484
0.318664
0.035373
0.047083
0.022158
0.015942
0.025070
0.020812
0.034910
0.038460
0.020245
0.004897
0.006405
0.158022
0.372060
0.073851
0.086491
0.051145
0.115628
0.011019
0.108559
0.055934
0.035827
0.049115
0.079189
0.038982
0.049596
0.083814
0.076495
0.049585
0.042217
0.061122
0.081474
0.037384
0.109670
0.096152
0.033262
0.059193
0.029797
0.049383
0.012520
0.043395
0.016816
0.010830
0.025055
0.011647
0.020600
0.035422
0.022521
0.034298
0.011855
0.024767
0.002878
0.003965
0.022958
0.018342
0.011907
0.029591
0.023242
0.070749
0.033510
0.041923
0.045137
0.033620
0.034115
0.063228
0.047067
0.162321
0.327127
0.087944
0.129874
0.061639
0.092494
0.053315
0.061548
0.213300
0.197690
0.106941
0.217913
0.276400
0.058215
0.084172
0.137269
0.137261
0.050003
0.063666
0.035017
0.091644
0.017450
0.110362
0.032728
0.031745
0.026892
0.014933
0.022271
0.031954
0.018979
0.031224
0.012229
0.022549
0.024678
0.017696
0.008492
0.032831
0.022782
0.015227
0.005332
0.011518
0.044491
0.007078
0.022577
0.032563
0.007263
0.004700
0.029149
0.003235
0.017874
0.029987
0.015812
0.013764
0.034844
0.021360
0.070301
0.073722
0.126591
0.033267
0.047110
0.083472
0.080480
0.062918
0.094736
0.039957
0.027777
0.030742
0.033098
0.013377
0.016579
0.013645
0.007065
0.013035
0.025979
0.016231
0.037189
0.016431
0.024862
0.011870
0.020348
0.022902
0.023349
0.019959
0.005029
0.022915
0.027994
0.045000
0.050060
0.010678
0.029180
0.031322
0.014024
0.077683
0.008300
0.011968
0.040102
0.022926
0.086291
0.052528
0.039659
0.058779
0.041144
0.054272
0.043409
0.072596
0.010954
0.056157
0.047601
0.036205
0.030455
0.030499
0.019099
0.218803
0.078973
0.106617
0.030805
0.221559
0.085704
0.087174
0.153297
0.106943
0.090413
0.076191
0.021245
0.109781
0.038717
0.082401
0.130634
0.039915
0.203985
0.027134
0.022124
0.060017
0.122116
0.038523
0.022706
0.141951
0.055829
0.037806
0.045666
0.041945
0.055917
0.016552
0.079594
0.099866
0.190556
0.024667
0.069612
0.033684
0.040975
0.020678
0.032329
0.154502
0.042224
0.297850
0.131297
0.143922
0.136006
0.537178
0.197107
0.165893
0.129336
0.056420
0.470133
0.302391
0.164013
0.141326
0.038827
0.058926
0.067105
0.060447
0.209323
0.144747
0.093650
0.086602
0.043599
0.077025
0.025269
0.113694
0.053503
0.098745
0.179240
0.044127
0.055230
0.169385
0.186578
0.022170
0.075074
0.084730
0.085612
0.183339
0.142233
0.006335
0.029768
0.080987
0.242592
0.082486
0.051275
0.089729
0.019700
0.066043
0.061889
0.026914
0.075483
0.047844
0.073419
0.061711
0.116008
0.032063
0.033481
0.201282
0.193133
0.220640
0.161258
0.181188
0.194568
0.058255
0.054948
0.003424
0.010054
0.013690
0.016645
0.022620
0.010656
0.015625
0.028337
0.042036
0.028410
0.030704
0.005773
0.010682
0.016535
0.012379
0.027323
0.091071
0.072399
0.039113
0.071693
0.050454
0.033253
0.045408
0.033729
0.011240
0.037260
0.088126
0.008778
0.072046
0.044449
0.072678
0.140449
0.063656
0.016842
0.046347
0.040274
0.094316
0.041102
0.023855
0.048604
0.012748
0.056559
0.033970
0.020591
0.040194
0.029240
0.044646
0.032281
0.015849
0.031754
0.037462
0.016794
0.005500
0.039100
0.021847
0.019890
0.046117
0.029704
0.008832
0.018690
0.017285
0.026701
0.040771
0.045226
0.023000
0.062228
0.055606
0.062476
0.022400
0.047291
0.017832
0.017873
0.053444
0.076317
0.018840
0.038901
0.074267
0.051321
0.123273
0.082820
0.035461
0.118048
0.064889
0.034813
0.212694
0.165859
0.274865
0.108265
0.158234
0.118297
0.107037
0.021431
0.080429
0.054658
0.103469
0.389674
0.160839
0.025474
0.090408
0.141311
0.027195
0.042189
0.024310
0.050732
0.229917
0.160491
0.216045
0.026306
0.056136
0.057396
0.025694
0.026034
0.086393
0.041839
0.014800
0.081166
0.085027
0.095832
0.025446
0.070668
0.049680
0.112009
0.168812
0.020773
0.025050
0.085891
0.086116
0.043552
0.100024
0.103460
0.172355
0.100752
0.044899
0.079450
0.061922
0.076020
0.032817
0.025688
0.016197
0.074081
0.021239
0.044562
0.042040
0.058180
0.034364
0.028644
0.078137
0.025924
0.006230
0.018126
0.041615
0.022098
0.010607
0.030873
0.019794
0.051507
0.002225
0.033845
0.019976
0.019189
0.025313
0.026373
0.034702
0.009681
0.032649
0.039556
0.023446
0.024485
0.014246
0.007705
0.018568
0.037929
0.063594
0.034959
0.017967
0.044110
0.049336
0.032497
0.091545
0.071146
0.051867
0.019708
0.047651
0.464674
0.563423
0.081907
0.125846
0.052955
0.029702
0.137344
0.137623
0.295239
0.055242
0.092030
0.200246
0.174810
0.100599
0.030964
0.070472
0.142536
0.102891
0.115399
0.090204
0.055431
0.066796
0.068445
0.141753
0.270916
0.048661
0.094616
0.387091
0.427538
0.151277
0.321606
0.049106
0.142123
0.181474
0.165453
0.075212
0.023362
0.043160
0.068312
0.042263
0.058467
0.062326
0.037000
0.078280
0.084645
0.039449
0.145151
0.021364
0.014265
0.004763
0.025925
0.010713
0.016258
0.028011
0.026491
0.020915
0.014810
0.018105
0.024741
0.024213
0.048536
0.034694
0.004049
0.029317
0.026226
0.014225
0.013615
0.019067
0.022481
0.005003
0.025801
0.033371
0.026657
0.013857
0.026326
0.034402
0.042893
0.034577
0.037164
0.034243
0.063818
0.032901
0.029771
0.055142
0.096713
0.081460
0.063048
0.037487
0.041329
0.009779
0.011538
0.014940
0.006931
0.027879
0.017895
0.028396
0.011149
0.025124
0.025768
0.007367
0.011653
0.020760
0.030395
0.001871
0.007901
0.018370
0.011253
0.019544
0.007838
0.012306
0.027507
0.032695
0.032209
0.010839
0.033331
0.071403
0.013499
0.042444
0.045057
0.072919
0.073768
0.154144
0.013173
0.065802
0.074952
0.185139
0.167258
0.212403
0.134634
0.034624
0.160651
0.118730
0.050849
0.128466
0.087363
0.047607
0.057014
0.150864
0.066467
0.163703
0.178169
0.049785
0.061825
0.140975
0.088573
0.076260
0.034766
0.105304
0.225339
0.073718
0.071006
0.083745
0.117204
0.065409
0.054402
0.077312
0.059414
0.039059
0.306555
0.120113
0.056443
0.106482
0.088514
0.111230
0.087397
0.182400
0.170971
0.078217
0.021828
0.021565
0.138462
0.539429
0.147064
0.097646
0.179343
0.081250
0.020463
0.108373
0.378900
0.144356
0.081433
0.128304
0.077797
0.245753
0.228111
0.113715
0.029429
0.092334
0.048922
0.126205
0.025004
0.153145
0.047954
0.082202
0.018170
0.058921
0.068488
0.029325
0.046449
0.070964
0.053036
0.006855
0.039144
0.032298
0.031730
0.190204
0.055942
0.052688
0.009477
0.009813
0.012303
0.023458
0.021452
0.011651
0.024201
0.031532
0.014081
0.013267
0.027290
0.018734
0.015218
0.008422
0.037749
0.017992
0.020409
0.020574
0.016925
0.027582
0.038514
0.040214
0.002673
0.038928
0.015897
0.038474
0.022051
0.123858
0.043304
0.064564
0.210921
0.277896
0.072363
0.096995
0.137333
0.058085
0.021554
0.048159
0.052193
0.025566
0.040876
0.058685
0.013820
0.047571
0.022379
0.058040
0.011271
0.009540
0.020243
0.011057
0.023390
0.010578
0.031240
0.016377
0.019666
0.018041
0.023143
0.049560
0.029289
0.010754
0.005655
0.021420
0.023979
0.011852
0.020275
0.028454
0.025534
0.007282
0.029140
0.033021
0.032295
0.009080
0.019863
0.033547
0.017043
0.009984
0.020631
0.077987
0.028146
0.031190
0.043471
0.066387
0.043447
0.017310
0.047380
0.029369
0.042120
0.028726
0.013554
0.036287
0.033786
0.042840
0.077424
0.030463
0.019156
0.032447
0.093768
0.047406
0.055411
0.075100
0.030191
0.030927
0.059224
0.033426
0.055266
0.049248
0.030981
0.022146
0.024650
0.025948
0.020718
0.037500
0.028040
0.035108
0.137760
0.034440
0.040633
0.069654
0.086074
0.043750
0.198243
0.151470
0.161256
0.182073
0.199379
0.032390
0.042542
0.108644
0.258793
0.043998
0.116898
0.044537
0.079022
0.116730
0.111344
0.140535
0.029347
0.132975
0.258794
0.179496
0.229602
0.033413
0.119580
0.010164
0.091446
0.088934
0.070051
0.005332
0.025712
0.036346
0.016185
0.016346
0.047143
0.027547
0.008083
0.032451
0.012980
0.018143
0.035566
0.030291
0.022992
0.007563
0.015004
0.001852
0.020414
0.023474
0.023992
0.023210
0.027214
0.006500
0.013355
0.021354
0.024002
0.024895
0.018993
0.051449
0.014534
0.006947
0.034425
0.009950
0.039520
0.008756
0.010876
0.036059
0.023667
0.014251
0.021213
0.050702
0.071696
0.140416
0.085945
0.068637
0.049198
0.020806
0.034424
0.048208
0.096358
0.027743
0.055609
0.044382
0.046203
0.159397
0.174538
0.063683
0.050298
0.063325
0.136679
0.046425
0.045320
0.051908
0.082082
0.032580
0.096959
0.110199
0.087790
0.027712
0.038583
0.179032
0.026115
0.020951
0.057178
0.055466
0.106628
0.036934
0.019367
0.123092
0.052078
0.035854
0.038839
0.062341
0.036870
0.021513
0.021352
0.049455
0.034116
0.029870
0.006600
0.038280
0.080927
0.056062
0.040607
0.054903
0.078355
0.066655
0.177429
0.043607
0.135977
0.026718
0.236178
0.056137
0.060388
0.080742
0.030311
0.050411
0.140143
0.052879
0.005879
0.038162
0.052293
0.089089
0.112238
0.060391
0.023714
0.031291
0.018823
0.019944
0.046518
0.037813
0.016319
0.009475
0.021685
0.024577
0.010499
0.014577
0.024736
0.036426
0.006904
0.017475
0.029538
0.026950
0.027404
0.092289
0.017124
0.073666
0.039675
0.092366
0.064632
0.030567
0.053960
0.025377
0.072240
0.040874
0.023189
0.062401
0.050716
0.098954
0.130646
0.053385
0.048906
0.025765
0.098557
0.093259
0.054355
0.072867
0.037662
0.148135
0.044093
0.093534
0.097174
0.118455
0.099765
0.117304
0.023589
0.104878
0.067823
0.079745
0.041137
0.078587
0.046473
0.034381
0.038132
0.023280
0.034929
0.009213
0.032779
0.015018
0.021652
0.025825
0.081554
0.108693
0.125427
0.106461
0.023037
0.039455
0.034427
0.103694
0.025344
0.032664
0.018953
0.043818
0.034660
0.039352
0.039557
0.163848
0.075490
0.093493
0.225569
0.098318
0.083500
0.223409
0.068552
0.136280
0.181831
0.148616
0.081301
0.022705
0.165623
0.043597
0.241555
0.052039
0.110085
0.026258
0.027473
0.204702
0.126118
0.118177
0.036177
0.068701
0.098126
0.165010
0.064830
0.072129
0.098245
0.030954
0.025949
0.025576
0.038076
0.029513
0.036157
0.030196
0.037623
0.014143
0.042940
0.081654
0.036222
0.017375
0.014868
0.024458
0.009721
0.006559
0.012023
0.015798
0.023697
0.029719
0.001322
0.030904
0.008597
0.037059
0.026524
0.021524
0.013912
0.027810
0.018983
0.036099
0.042632
0.024475
0.019513
0.036895
0.041348
0.021453
0.030439
0.048768
0.066383
0.188222
0.449549
0.116307
0.143188
0.047538
0.070707
0.242430
0.322956
0.129289
0.083951
0.072594
0.142724
0.056901
0.040346
0.039494
0.048699
0.061526
0.219098
0.025236
0.097522
0.052278
0.031684
0.066226
0.074278
0.067168
0.029807
0.081208
0.056888
0.078712
0.065930
0.022049
0.038221
0.088787
0.016376
0.085982
0.063113
0.031956
0.041934
0.059566
0.068380
0.082118
0.037931
0.048127
0.036365
0.043695
0.058729
0.016847
0.016968
0.027458
0.032406
0.039830
0.016787
0.021568
0.031490
0.006819
0.012625
0.036260
0.028761
0.003000
0.043238
0.005862
0.015360
0.034749
0.010753
0.023335
0.006791
0.024647
0.008252
0.014491
0.099639
0.103294
0.175850
0.078446
0.158209
0.122640
0.077358
0.119980
0.056027
0.070447
0.110072
0.094541
0.054664
0.081338
0.047533
0.057332
0.189845
0.076162
0.217392
0.105330
0.179380
0.096486
0.199461
0.253365
0.012492
0.086819
0.096401
0.247454
0.142030
0.161637
0.240491
0.062289
0.180198
0.016769
0.148936
0.117232
0.070183
0.057215
0.172692
0.048270
0.025730
0.070297
0.102285
0.151293
0.191578
0.052777
0.115644
0.084156
0.126691
0.217263
0.012208
0.058970
0.132711
0.061692
0.045801
0.027686
0.052714
0.138719
0.016136
0.206459
0.116917
0.206315
0.061593
0.211348
0.026437
0.161891
0.150522
0.010722
0.018334
0.029864
0.011012
0.001957
0.004720
0.024630
0.010437
0.017174
0.016161
0.015548
0.018472
0.041272
0.036178
0.030153
0.026990
0.060529
0.074720
0.170052
0.122330
0.055709
0.143998
0.027734
0.035234
0.008979
0.015273
0.034164
0.027592
0.026633
0.061134
0.022224
0.026130
0.012096
0.023833
0.028493
0.013026
0.002353
0.017309
0.028438
0.003497
0.034970
0.021883
0.018234
0.024452
0.025705
0.015052
0.015503
0.035518
0.033565
0.034301
0.036959
0.016205
0.056410
0.018807
0.027042
0.016096
0.033406
0.020116
0.048243
0.024438
0.019189
0.030547
0.016202
0.044586
0.130647
0.044995
0.153389
0.017719
0.033096
0.039601
0.029117
0.216171
0.035385
0.056762
0.023830
0.034487
0.017419
0.014629
0.021738
0.062334
0.028811
0.016467
0.053161
0.010911
0.040488
0.052611
0.047042
0.038639
0.033949
0.026846
0.023919
0.024883
0.022758
0.027785
0.029549
0.111958
0.077915
0.015143
0.066417
0.073501
0.093386
0.021205
0.028124
0.177371
0.151248
0.134984
0.014907
0.030583
0.161813
0.243236
0.090288
0.140615
0.178044
0.203390
0.056534
0.050673
0.035373
0.045134
0.058476
0.129497
0.027565
0.033108
0.023323
0.018776
0.022324
0.032483
0.053861
0.012619
0.054830
0.092080
0.048954
0.014361
0.014915
0.019578
0.015094
0.031861
0.002076
0.023672
0.013024
0.008909
0.018898
0.024914
0.010422
0.023186
0.051173
0.033864
0.028396
0.028076
0.005784
0.021504
0.041767
0.019083
0.018053
0.011843
0.027143
0.031891
0.018695
0.025108
0.009910
0.012910
0.024068
0.028199
0.046615
0.024380
0.033162
0.026618
0.053244
0.037348
0.018495
0.036882
0.049416
0.019481
0.024697
0.092226
0.103650
0.095992
0.021163
0.038730
0.130072
0.066291
0.083063
0.040958
0.015978
0.018075
0.021783
0.064792
0.040397
0.043794
0.035709
0.025647
0.059414
0.025250
0.028745
0.025334
0.022696
0.172979
0.188480
0.081148
0.014340
0.038915
0.102448
0.246287
0.019466
0.201523
0.028921
0.085337
0.110579
0.122401
0.041235
0.071617
0.105519
0.103728
0.131035
0.026908
0.122639
0.236208
0.150571
0.080754
0.169851
0.217126
0.074093
0.084231
0.109947
0.126994
0.056539
0.039783
0.044323
0.008499
0.044499
0.172173
0.024379
0.049849
0.013305
0.034119
0.026311
0.022674
0.018278
0.023101
0.020975
0.014170
0.030263
0.016475
0.013265
0.025098
0.033495
0.031734
0.102368
0.140133
0.154890
0.126513
0.029246
0.041534
0.127738
0.035038
0.072066
0.087296
0.086861
0.039294
0.040787
0.136330
0.089782
0.013043
0.075587
0.048754
0.077168
0.060054
0.113482
0.056303
0.065532
0.071512
0.034444
0.014433
0.024001
0.057856
0.064289
0.011507
0.018701
0.010999
0.009606
0.007843
0.030273
0.052385
0.028046
0.038130
0.028925
0.019210
0.017861
0.014146
0.144186
0.160780
0.049784
0.048340
0.079398
0.083910
0.220919
0.197542
0.251122
0.132169
0.055057
0.145216
0.097551
0.053612
0.061842
0.390341
0.161144
0.076562
0.195086
0.213283
0.059979
0.067617
0.166700
0.262072
0.082443
0.077898
0.393083
0.044224
0.085096
0.117181
0.147956
0.073872
0.016140
0.118206
0.110954
0.053603
0.029027
0.025285
0.020907
0.009582
0.011338
0.004452
0.020054
0.034852
0.016415
0.013198
0.021729
0.032425
0.005073
0.031830
0.045792
0.069074
0.012418
0.077801
0.026282
0.032824
0.020294
0.108782
0.075439
0.031358
0.090795
0.041858
0.093183
0.066609
0.043649
0.036898
0.026636
0.032700
0.017000
0.080209
0.007418
0.038303
0.020447
0.017302
0.063392
0.057123
0.149793
0.207778
0.048698
0.283051
0.182056
0.091147
0.046755
0.182441
0.015978
0.112244
0.219351
0.319948
0.058900
0.039757
0.181322
0.124441
0.162975
0.043985
0.036481
0.034624
0.050337
0.076175
0.055344
0.005223
0.027850
0.022655
0.052202
0.104275
0.015291
0.126096
0.107751
0.056054
0.091938
0.164583
0.083830
0.111158
0.315091
0.063048
0.105999
0.223453
0.102432
0.094369
0.209730
0.148428
0.045563
0.008796
0.062260
0.042659
0.033436
0.093497
0.060004
0.036552
0.001465
0.033165
0.050859
0.033662
0.173596
0.057282
0.035597
0.067781
0.016250
0.032987
0.029013
0.080958
0.013450
0.031407
0.010437
0.044879
0.004956
0.065004
0.019284
0.025914
0.026044
0.044006
0.004005
0.042164
0.047958
0.025791
0.039210
0.016740
0.013450
0.023069
0.018954
0.012075
0.005827
0.027443
0.023829
0.022090
0.006184
0.014219
0.014958
0.012567
0.032210
0.012693
0.014939
0.025504
0.018718
0.021258
0.048877
0.018151
0.042525
0.029480
0.061580
0.005242
0.033877
0.028805
0.026719
0.046594
0.042042
0.025717
0.024713
0.031077
0.032927
0.035690
0.022343
0.032533
0.021930
0.034473
0.052844
0.015495
0.024327
0.029263
0.011019
0.068957
0.014485
0.055696
0.018674
0.057024
0.041725
0.039354
0.030745
0.016727
0.020170
0.034763
0.010759
0.034413
0.006152
0.122565
0.172081
0.119175
0.237608
0.073296
0.054047
0.258303
0.121034
0.048385
0.059286
0.107977
0.162211
0.143354
0.176629
0.039824
0.172881
0.344467
0.076023
0.168956
0.086764
0.116865
0.037840
0.122503
0.119261
0.059674
0.214029
0.178149
0.195196
0.224906
0.130601
0.077144
0.036625
0.110298
0.011947
0.091189
0.024894
0.044881
0.026225
0.041976
0.075004
0.065580
0.043333
0.009524
0.058041
0.039071
0.036516
0.025853
0.084669
0.063835
0.006893
0.016441
0.021228
0.011913
0.015985
0.015853
0.020222
0.037144
0.026447
0.006503
0.005547
0.033384
0.042977
0.009985
0.016019
0.116995
0.166830
0.096266
0.035281
0.058134
0.128268
0.156750
0.021517
0.019729
0.094242
0.104200
0.208943
0.029254
0.036220
0.058361
0.099700
0.040021
0.109815
0.018329
0.064392
0.063234
0.039734
0.047800
0.065561
0.092299
0.112733
0.139043
0.122860
0.060554
0.061286
0.105424
0.087580
0.021804
0.017334
0.016561
0.012158
0.024834
0.022377
0.011412
0.014618
0.024017
0.020562
0.026446
0.045347
0.017753
0.015884
0.011859
0.009898
0.007128
0.017838
0.001593
0.005855
0.011706
0.018302
0.031336
0.010902
0.007616
0.010022
0.012725
0.016353
0.010040
0.013622
0.018295
0.026049
0.014322
0.014734
0.032977
0.017766
0.059421
0.024718
0.018520
0.033261
0.006336
0.037578
0.018604
0.027059
0.018063
0.029330
0.060666
0.077350
0.096550
0.086424
0.017368
0.188128
0.065329
0.026484
0.027603
0.082281
0.040433
0.041145
0.066238
0.068984
0.059524
0.068956
0.171169
0.155659
0.051183
0.140292
0.063718
0.153465
0.254729
0.085363
0.073161
0.041010
0.138308
0.129312
0.082410
0.136429
0.078414
0.105240
0.245215
0.244881
0.104768
0.055796
0.089623
0.089726
0.140927
0.079902
0.040782
0.026043
0.232371
0.081564
0.040123
0.147147
0.054739
0.055907
0.015708
0.045272
0.027211
0.049226
0.007795
0.026515
0.011557
0.016360
0.030625
0.027036
0.006344
0.037456
0.019814
0.019884
0.003441
0.003467
0.005636
0.017075
0.047037
0.006310
0.024068
0.042920
0.012079
0.028918
0.050136
0.024307
0.086159
0.051814
0.113062
0.004643
0.034790
0.082648
0.141629
0.106671
0.048226
0.036182
0.014589
0.107015
0.027701
0.102897
0.035502
0.081981
0.067535
0.054143
0.066513
0.043302
0.047323
0.080403
0.051768
0.029229
0.018142
0.076867
0.142132
0.050827
0.039760
0.086266
0.024050
0.042940
0.053998
0.021945
0.079804
0.045497
0.101002
0.040776
0.115269
0.055785
0.031859
0.218392
0.166554
0.151744
0.270918
0.036783
0.009887
0.010232
0.009640
0.028298
0.036927
0.011069
0.023398
0.026493
0.038367
0.025396
0.033476
0.026854
0.056601
0.034026
0.030902
0.018246
0.023338
0.028403
0.060651
0.011953
0.027273
0.013979
0.014203
0.041424
0.016453
0.014407
0.017310
0.016354
0.024722
0.011128
0.020734
0.041769
0.013149
0.030444
0.071153
0.025763
0.106793
0.105123
0.054733
0.079964
0.029733
0.088901
0.110600
0.135227
0.119466
0.058360
0.061247
0.102232
0.068813
0.048358
0.075770
0.044381
0.047005
0.027024
0.006117
0.041547
0.021524
0.013199
0.015333
0.010986
0.020803
0.028981
0.012701
0.025106
0.018264
0.016309
0.028364
0.026355
0.032676
0.053660
0.022629
0.014095
0.012660
0.013160
0.012231
0.018418
0.009930
0.009416
0.017736
0.012815
0.027217
0.014738
0.061450
0.023250
0.040650
0.013126
0.019922
0.059142
0.040868
0.036364
0.029405
0.030318
0.033988
0.009318
0.047189
0.018585
0.028778
0.012968
0.093956
0.029300
0.053958
0.067262
0.088069
0.079395
0.015638
0.015845
0.171291
0.059029
0.023352
0.039391
0.039756
0.065374
0.067965
0.139666
0.012148
0.056115
0.036794
0.058084
0.069387
0.165381
0.150600
0.190969
0.120052
0.031134
0.144872
0.111543
0.048908
0.119968
0.082339
0.051139
0.135337
0.061267
0.146968
0.159132
0.044883
0.058576
0.245468
0.082828
0.069421
0.033553
0.094746
0.206571
0.069219
0.039419
0.133828
0.124868
0.078963
0.106629
0.076482
0.101157
0.236958
0.236572
0.090739
0.132881
0.102915
0.040363
0.012741
0.022552
0.027282
0.012358
0.033804
0.037168
0.033858
0.070569
0.030268
0.037371
0.034053
0.013486
0.051240
0.030008
0.012642
0.018166
0.027091
0.032418
0.012318
0.010795
0.019918
0.005924
0.028182
0.013738
0.056977
0.050945
0.036184
0.058529
0.040024
0.022172
0.026116
0.040335
0.042334
0.020907
0.028873
0.011482
0.019621
0.009897
0.087412
0.060687
0.007142
0.011519
0.087846
0.035522
0.039973
0.139628
0.022746
0.019996
0.010512
0.009898
0.034409
0.045874
0.074149
0.039990
0.088774
0.027203
0.042331
0.006644
0.044403
0.066995
0.060926
0.162950
0.222813
0.304642
0.194772
0.211474
0.093594
0.048880
0.199218
0.018225
0.123050
0.238239
0.348186
0.256925
0.158118
0.188905
0.189817
0.057313
0.059613
0.042731
0.035448
0.054334
0.086122
0.062217
0.012486
0.073031
0.061718
0.099278
0.036240
0.042078
0.056014
0.060641
0.101332
0.036036
0.051195
0.108533
0.016546
0.171052
0.043264
0.111209
0.027547
0.046373
0.067915
0.042555
0.034852
0.070788
0.079883
0.016560
0.078351
0.035589
0.040136
0.046586
0.169596
0.051717
0.038337
0.088228
0.067212
0.054986
0.016203
0.162012
0.091600
0.067989
0.014985
0.008127
0.022948
0.028971
0.012104
0.029393
0.017137
0.013856
0.016335
0.028795
0.010281
0.027213
0.023042
0.016654
0.007996
0.018695
0.033985
0.020595
0.026824
0.010617
0.012744
0.028691
0.035546
0.120700
0.112756
0.041961
0.035339
0.101901
0.018845
0.049272
0.144060
0.054509
0.272777
0.186568
0.049865
0.028899
0.229848
0.090864
0.047882
0.078165
0.066431
0.030127
0.136190
0.091037
0.113778
0.012569
0.081733
0.055482
0.092372
0.133471
0.051992
0.057246
0.102720
0.124669
0.063221
0.041935
0.056803
0.086697
0.042881
0.054228
0.092981
0.085775
0.055587
0.048172
0.038812
0.121992
0.053322
0.014189
0.043458
0.088605
0.023775
0.005774
0.067035
0.031258
0.040641
0.028185
0.003940
0.029987
0.028008
0.023756
0.022136
0.007426
0.021438
0.011112
0.020028
0.035600
0.017273
0.025288
0.038257
0.204216
0.110091
0.224991
0.012699
0.110501
0.039348
0.014675
0.034479
0.026588
0.056366
0.059568
0.023663
0.031435
0.058938
0.016937
0.045788
0.019778
0.061135
0.039611
0.006304
0.011606
0.029872
0.010298
0.014796
0.019101
0.022411
0.018773
0.039257
0.000720
0.008173
0.012732
0.037415
0.013278
0.012308
0.018258
0.018697
0.017194
0.041634
0.012515
0.006576
0.048254
0.018649
0.070580
0.011102
0.030156
0.033467
0.026755
0.065880
0.049710
0.055926
0.037838
0.068132
0.065290
0.026978
0.036528
0.057973
0.190024
0.287734
0.050349
0.057658
0.139627
0.213496
0.231205
0.144898
0.072633
0.065653
0.181626
0.336496
0.213500
0.232244
0.103543
0.321682
0.167142
0.223518
0.020825
0.138489
0.265400
0.389687
0.286188
0.086712
0.036819
0.057528
0.119593
0.039291
0.204684
0.135457
0.235639
0.182874
0.068461
0.050111
0.025199
0.255168
0.084745
0.306093
0.412277
0.161558
0.105337
0.092994
0.013714
0.022957
0.041931
0.046607
0.050204
0.054008
0.032046
0.043765
0.028323
0.106111
0.045164
0.125434
0.043910
0.094670
0.039534
0.175498
0.101462
0.051730
0.152377
0.013305
0.052749
0.069648
0.112197
0.047355
0.152845
0.112484
0.035495
0.013369
0.009299
0.030836
0.057013
0.014365
0.046943
0.036846
0.042242
0.275003
0.011363
0.026614
0.015164
0.049999
0.025372
0.006828
0.016139
0.033985
0.003217
0.036640
0.022443
0.016719
0.207981
0.048247
0.224276
0.290271
0.496877
0.102706
0.089124
0.097875
0.070261
0.037445
0.036100
0.044931
0.067277
0.043113
0.097524
0.013022
0.015068
0.028808
0.020266
0.003488
0.004097
0.017514
0.046780
0.009651
0.004121
0.025991
0.024267
0.042086
0.018530
0.015166
0.059283
0.097750
0.045308
0.034535
0.077682
0.033932
0.061187
0.026227
0.117462
0.052181
0.040602
0.076120
0.027418
0.037427
0.054135
0.020010
0.036902
0.044618
0.102173
0.060303
0.049053
0.064838
0.041439
0.024912
0.053864
0.120841
0.008466
0.048803
0.048890
0.028446
0.029474
0.084797
0.018751
0.039578
0.029833
0.067682
0.015590
0.044678
0.016900
0.018967
0.036150
0.015066
0.043939
0.042815
0.026812
0.023389
0.050489
0.023852
0.009932
0.016238
0.011090
0.029526
0.004966
0.005523
0.022249
0.006101
0.021489
0.033947
0.010367
0.011728
0.039245
0.044969
0.019274
0.063127
0.039159
0.014546
0.022441
0.008770
0.027539
0.028061
0.021781
0.017943
0.016841
0.041682
0.037067
0.046131
0.044203
0.035322
0.065433
0.063564
0.094378
0.015744
0.035331
0.046050
0.013414
0.033052
0.025642
0.077038
0.016402
0.082496
0.099299
0.087149
0.032827
0.034760
0.082396
0.052462
0.100782
0.031910
0.035985
0.023195
0.033984
0.036282
0.040920
0.049158
0.008605
0.032116
0.031251
0.028820
0.305776
0.117599
0.051583
0.174461
0.100381
0.063021
0.195720
0.166388
0.048419
0.027610
0.034862
0.017936
0.022992
0.026347
0.016683
0.013800
0.040102
0.014615
0.011161
0.025085
0.015164
0.040099
0.016688
0.047920
0.034963
0.004355
0.014844
0.017425
0.011745
0.059473
0.076174
0.071477
0.042304
0.107110
0.036427
0.042657
0.020073
0.054451
0.146688
0.176414
0.131405
0.141726
0.154738
0.047658
0.044191
0.065619
0.032520
0.021090
0.050895
0.028625
0.011000
0.011281
0.033947
0.019954
0.021983
0.026058
0.012918
0.051285
0.027097
0.017607
0.147415
0.118415
0.052009
0.174010
0.179713
0.084391
0.118606
0.048091
0.049488
0.075540
0.104377
0.101166
0.246388
0.069831
0.133931
0.065506
0.089801
0.257166
0.057530
0.082837
0.168276
0.067361
0.014835
0.023606
0.096060
0.147133
0.083960
0.054921
0.065950
0.068119
0.091715
0.037540
0.035180
0.031433
0.030911
0.090515
0.016056
0.123238
0.066993
0.052234
0.039964
0.014150
0.055018
0.031582
0.021940
0.107400
0.043294
0.014281
0.011019
0.011960
0.009918
0.022116
0.005210
0.007121
0.018739
0.034286
0.011289
0.006545
0.004042
0.036949
0.031772
0.014985
0.032050
0.064220
0.013302
0.010858
0.044861
0.027593
0.034516
0.035463
0.025040
0.034038
0.023184
0.011842
0.021127
0.040048
0.020958
0.035915
0.062813
0.087840
0.055255
0.040275
0.057916
0.024562
0.031770
0.055782
0.051612
0.045511
0.020422
0.016703
0.043035
0.058324
0.060425
0.073977
0.042287
0.012073
0.058711
0.217932
0.241240
0.105747
0.017311
0.126078
0.310321
0.032373
0.257779
0.035726
0.112197
0.055261
0.055208
0.057333
0.034606
0.022301
0.042329
0.039642
0.029102
0.023416
0.022183
0.354737
0.429911
0.038052
0.029933
0.113393
0.208107
0.034634
0.125302
0.150264
0.144024
0.065804
0.095551
0.131570
0.032913
0.080791
0.099531
0.126141
0.333100
0.121825
0.187221
0.153385
0.251541
0.071177
0.019744
0.019368
0.018850
0.017411
0.004987
0.028906
0.010490
0.012455
0.024996
0.008016
0.022726
0.028350
0.007524
0.031453
0.002738
0.012154
0.022689
0.031044
0.002842
0.021823
0.010600
0.018138
0.025658
0.153375
0.053043
0.075300
0.259602
0.158033
0.062886
0.041998
0.042070
0.026123
0.053100
0.068380
0.239556
0.025858
0.104326
0.056412
0.017288
0.034236
0.037713
0.040525
0.039948
0.025276
0.033517
0.100879
0.170223
0.059518
0.022305
0.077390
0.032200
0.088504
0.042934
0.074553
0.114767
0.031085
0.070855
0.067456
0.083517
0.103263
0.040424
0.060754
0.045009
0.058548
0.071529
0.017888
0.073494
0.046739
0.028959
0.033694
0.026544
0.032195
0.023682
0.036716
0.056124
0.006880
0.015684
0.035591
0.012880
0.027072
0.005954
0.019325
0.021366
0.027218
0.013257
0.047188
0.034920
0.026767
0.016839
0.012283
0.028838
0.011099
0.017074
0.025037
0.012183
0.039562
0.022556
0.141621
0.289329
0.010662
0.021614
0.039783
0.040109
0.146950
0.420473
0.089628
0.077532
0.082024
0.226658
0.406378
0.039147
0.034990
0.248918
0.052832
0.112651
0.097031
0.073744
0.212482
0.131601
0.124075
0.037552
0.071619
0.024970
0.104013
0.172097
0.066472
0.026274
0.097082
0.094723
0.047951
0.102778
0.030246
0.042483
0.036663
0.039723
0.014920
0.005935
0.031397
0.012056
0.006535
0.015968
0.025569
0.024919
0.002496
0.032636
0.013329
0.011710
0.040549
0.009830
0.018791
0.018054
0.007669
0.028288
0.024384
0.035151
0.031564
0.053741
0.023675
0.024084
0.030643
0.024608
0.037985
0.049305
0.036319
0.042626
0.056136
0.108180
0.024032
0.035371
0.057066
0.078018
0.193458
0.123607
0.048522
0.107166
0.174848
0.194343
0.081201
0.270058
0.084016
0.043949
0.087450
0.137080
0.040462
0.106418
0.046797
0.045538
0.252357
0.221091
0.017637
0.009108
0.036924
0.070709
0.022460
0.042191
0.018850
0.009482
0.099038
0.021052
0.048848
0.029898
0.038511
0.035418
0.032516
0.037960
0.008231
0.025941
0.038755
0.049559
0.013286
0.013826
0.022562
0.083331
0.027036
0.012012
0.024823
0.097504
0.030017
0.114745
0.056163
0.189753
0.077810
0.047392
0.023708
0.051474
0.019569
0.078191
0.073162
0.045917
0.063674
0.022509
0.028108
0.045788
0.053981
0.020102
0.018578
0.024793
0.041744
0.046855
0.056203
0.104869
0.108198
0.051385
0.072835
0.073905
0.035847
0.092242
0.115628
0.091428
0.085452
0.035700
0.095213
0.164063
0.137437
0.114093
0.021997
0.173116
0.142648
0.041899
0.148560
0.181943
0.139975
0.054461
0.095519
0.036560
0.039391
0.073036
0.096375
0.128347
0.033819
0.146121
0.037626
0.032845
0.121282
0.021131
0.017097
0.130097
0.029656
0.040647
0.027270
0.018985
0.040355
0.028924
0.029955
0.022954
0.008552
0.083149
0.045749
0.030699
0.020442
0.017252
0.024777
0.006598
0.015573
0.035814
0.032145
0.082324
0.096881
0.121965
0.105511
0.052070
0.054365
0.091637
0.077912
0.056490
0.063828
0.076171
0.029126
0.014882
0.006992
0.038333
0.064240
0.040031
0.009430
0.020198
0.017234
0.019027
0.025481
0.013811
0.006049
0.013936
0.007914
0.006788
0.026741
0.011815
0.026472
0.030608
0.009711
0.031244
0.009407
0.003616
0.013116
0.010257
0.022254
0.007220
0.006994
0.011628
0.021648
0.018819
0.023504
0.063889
0.011613
0.049726
0.046160
0.073226
0.153882
0.014233
0.061154
0.040483
0.034703
0.157226
0.124021
0.084765
0.045958
0.055958
0.331003
0.139665
0.046551
0.061241
0.135376
0.072231
0.066194
0.062209
0.052309
0.075104
0.057582
0.037791
0.292959
0.114398
0.054885
0.101358
0.084708
0.108020
0.017944
0.082024
0.172545
0.073604
0.021745
0.017439
0.028487
0.049124
0.018701
0.028744
0.020313
0.010796
0.014619
0.069646
0.072085
0.097012
0.079620
0.040173
0.042582
0.071473
0.063865
0.021155
0.052504
0.018380
0.022949
0.012877
0.034687
0.045223
0.046475
0.028031
0.017540
0.030441
0.018165
0.027215
0.033336
0.024106
0.009329
0.025043
0.056350
0.027808
0.013607
0.005765
0.021824
0.027844
0.039641
0.049962
0.032803
0.051183
0.023675
0.029775
0.010658
0.022090
0.040624
0.048546
0.017964
0.012143
0.016410
0.039894
0.010783
0.009376
0.021291
0.146804
0.182139
0.065379
0.409996
0.141262
0.094199
0.045666
0.110778
0.058878
0.015678
0.035374
0.029483
0.095264
0.158817
0.108370
0.078463
0.077777
0.066222
0.146386
0.061677
0.050204
0.060284
0.070935
0.094761
0.096054
0.372487
0.102802
0.206634
0.121150
0.032703
0.083439
0.026806
0.031106
0.049792
0.006630
0.064709
0.033568
0.021987
0.046787
0.007411
0.020085
0.006131
0.036722
0.034521
0.015621
0.045012
0.025662
0.035994
0.029484
0.035192
0.083547
0.091602
0.012735
0.043395
0.047523
0.078373
0.110115
0.097712
0.007750
0.018641
0.051962
0.051039
0.200835
0.119311
0.099767
0.064255
0.023412
0.045040
0.074570
0.059979
0.135708
0.034176
0.289295
0.107276
0.116836
0.242754
0.045156
0.050048
0.057917
0.025442
0.136687
0.061804
0.286109
0.160009
0.068805
0.009861
0.085121
0.024376
0.066941
0.021131
0.026805
0.054025
0.060508
0.076099
0.030104
0.109106
0.046547
0.130609
0.076652
0.071603
0.093092
0.042239
0.012578
0.017940
0.044910
0.033649
0.032130
0.049369
0.013401
0.032838
0.028404
0.012975
0.019246
0.030365
0.013796
0.026215
0.017828
0.018547
0.019981
0.023875
0.018624
0.025170
0.002048
0.023235
0.065896
0.023556
0.057218
0.123543
0.012323
0.057982
0.084846
0.151236
0.176958
0.100354
0.090749
0.035324
0.135445
0.075312
0.026120
0.029863
0.015941
0.011508
0.063172
0.024774
0.025875
0.018203
0.014017
0.067997
0.017743
0.020804
0.065416
0.034203
0.031997
0.089267
0.014655
0.025442
0.014566
0.030570
0.019279
0.024463
0.028465
0.009918
0.015803
0.024650
0.016747
0.020718
0.024595
0.007294
0.011608
0.017818
0.006065
0.023045
0.009259
0.018822
0.002501
0.025908
0.004168
0.009057
0.036396
0.017866
0.042332
0.018014
0.039979
0.069773
0.060988
0.016101
0.029452
0.045286
0.022450
0.065093
0.065490
0.054362
0.021003
0.056050
0.043972
0.031696
0.027776
0.046941
0.020884
0.010270
0.033703
0.111380
0.117322
0.062509
0.112797
0.045417
0.034293
0.080277
0.013092
0.045462
0.051105
0.025484
0.029668
0.024771
0.020722
0.020324
0.025963
0.016456
0.027172
0.022310
0.038183
0.119047
0.034784
0.016542
0.017860
0.046601
0.036466
0.040071
0.032481
0.016730
0.043643
0.021161
0.021904
0.020430
0.017103
0.042212
0.129062
0.138264
0.157305
0.170156
0.072783
0.012805
0.028360
0.033057
0.094761
0.223799
0.016023
0.182408
0.026521
0.076412
0.087648
0.197774
0.042198
0.101242
0.042428
0.061804
0.037824
0.048338
0.148849
0.061319
0.168280
0.080761
0.036149
0.156358
0.193772
0.329835
0.069929
0.058412
0.064082
0.182408
0.331650
0.033414
0.030913
0.074405
0.098850
0.115190
0.042800
0.147397
0.078035
0.126128
0.030166
0.066127
0.102038
0.053643
0.046983
0.112444
0.024399
0.015485
0.020919
0.030779
0.019796
0.051855
0.083258
0.031673
0.026989
0.024494
0.020254
0.021657
0.019059
0.026798
0.025190
0.014995
0.012975
0.028143
0.012329
0.031114
0.031963
0.020773
0.010504
0.012144
0.013854
0.022305
0.020126
0.020291
0.032150
0.008414
0.003710
0.027704
0.023305
0.022244
0.051273
0.049481
0.024746
0.051146
0.017438
0.036187
0.027018
0.055148
0.026491
0.028666
0.044973
0.055954
0.030081
0.041534
0.053423
0.025523
0.051542
0.035736
0.053847
0.023952
0.022042
0.040642
0.036261
0.114032
0.050921
0.097237
0.015265
0.046161
0.124730
0.135581
0.049283
0.027618
0.140136
0.060731
0.052058
0.065569
0.118819
0.046621
0.058214
0.160379
0.049915
0.084637
0.056145
0.109571
0.034738
0.038851
0.051196
0.015991
0.043091
0.027856
0.057809
0.116514
0.047676
0.129876
0.074787
0.071229
0.118916
0.045078
0.082486
0.052886
0.064443
0.047248
0.094591
0.031817
0.038411
0.125440
0.160831
0.210474
0.048066
0.102405
0.031624
0.154175
0.081678
0.084056
0.135501
0.077671
0.038710
0.066640
0.051299
0.036308
0.025735
0.050925
0.011745
0.013981
0.025045
0.030184
0.005862
0.006465
0.030191
0.021808
0.014743
0.007464
0.013312
0.004582
0.004255
0.036929
0.013010
0.020292
0.038490
0.028229
0.020662
0.020559
0.035246
0.053112
0.007842
0.037869
0.024069
0.041564
0.074150
0.238335
0.088009
0.076717
0.112287
0.158910
0.058942
0.271586
0.209433
0.221614
0.245641
0.273862
0.121191
0.018340
0.045951
0.066744
0.141294
0.349719
0.041093
0.292953
0.039799
0.129326
0.011298
0.024685
0.490780
0.064888
0.056001
0.092875
0.066375
0.070860
0.054840
0.114825
0.020815
0.182384
0.074727
0.140234
0.113928
0.090274
0.034707
0.042653
0.020775
0.062631
0.019681
0.006677
0.053023
0.027521
0.057816
0.023015
0.047491
0.044441
0.013426
0.023476
0.036457
0.035232
0.035226
0.062785
0.047365
0.057873
0.171157
0.051056
0.057764
0.114179
0.034129
0.022111
0.072430
0.067700
0.096786
0.015288
0.134370
0.032976
0.076090
0.058820
0.067851
0.067692
0.052680
0.212582
0.095637
0.182169
0.027932
0.069751
0.253684
0.279242
0.099402
0.117783
0.127890
0.051089
0.085667
0.053887
0.122540
0.095700
0.131326
0.208230
0.077139
0.063904
0.049749
0.047379
0.025292
0.076760
0.023652
0.031177
0.060053
0.071759
0.092585
0.031267
0.055567
0.160393
0.090722
0.085696
0.114409
0.013802
0.051254
0.031518
0.021585
0.028231
0.027277
0.010719
0.007025
0.014030
0.020727
0.024807
0.043528
0.012538
0.023340
0.020556
0.024510
0.028335
0.012924
0.018330
0.004359
0.005865
0.020064
0.050152
0.027542
0.002908
0.016007
0.020404
0.073260
0.027292
0.015484
0.040233
0.072372
0.043832
0.034981
0.015395
0.049103
0.060652
0.067854
0.063012
0.049632
0.071702
0.036001
0.101360
0.043480
0.101191
0.015599
0.060362
0.120211
0.095691
0.076654
0.033151
0.029435
0.017540
0.050095
0.040159
0.038522
0.030846
0.019415
0.024265
0.003382
0.017777
0.015981
0.017407
0.012125
0.034800
0.020463
0.013300
0.005452
0.004171
0.028130
0.011758
0.077615
0.086034
0.041715
0.059531
0.079316
0.026982
0.066880
0.062319
0.032310
0.055935
0.022207
0.069111
0.082774
0.062161
0.067380
0.084068
0.149006
0.054703
0.079741
0.060201
0.061278
0.174267
0.027837
0.080046
0.137352
0.094507
0.097210
0.121730
0.064399
0.080886
0.219102
0.074273
0.119827
0.089060
0.157566
0.046919
0.016847
0.029195
0.073473
0.138258
0.105800
0.157411
0.042724
0.248380
0.031510
0.025750
0.068011
0.039755
0.125071
0.012500
0.075767
0.057341
0.011143
0.012428
0.065366
0.003857
0.016844
0.027748
0.023530
0.038480
0.038676
0.019651
0.033058
0.075181
0.031630
0.081755
0.065457
0.031596
0.029399
0.053676
0.027789
0.050411
0.024184
0.022103
0.088246
0.116805
0.063298
0.148906
0.083161
0.106862
0.152887
0.062748
0.014862
0.080829
0.029224
0.031881
0.035323
0.030312
0.021001
0.026769
0.016410
0.074909
0.126119
0.053693
0.018108
0.003445
0.013796
0.019173
0.065682
0.041515
0.014027
0.026575
0.097253
0.094855
0.091489
0.027751
0.051457
0.067544
0.022179
0.051207
0.077782
0.023959
0.051878
0.030765
0.017644
0.053320
0.040023
0.045729
0.025403
0.026360
0.097168
0.037572
0.018341
0.030947
0.050861
0.060358
0.091511
0.011838
0.034869
0.040264
0.022393
0.017408
0.019873
0.042183
0.043731
0.013194
0.052259
0.030994
0.045565
0.044954
0.018237
0.035672
0.093953
0.055051
0.020117
0.023755
0.035387
0.013626
0.031973
0.007197
0.090815
0.043583
0.029569
0.118429
0.023867
0.033844
0.140177
0.110050
0.029562
0.031808
0.049373
0.061671
0.099038
0.227824
0.084743
0.048756
0.071985
0.042856
0.052920
0.170213
0.068953
0.193867
0.093521
0.037756
0.033206
0.165118
0.088021
0.031136
0.025784
0.027401
0.071138
0.035303
0.060599
0.022687
0.039329
0.032149
0.041700
0.057703
0.074928
0.025955
0.009348
0.006606
0.021044
0.007887
0.010610
0.017864
0.037743
0.007345
0.029405
0.021745
0.025983
0.014679
0.058175
0.029587
0.016847
0.015224
0.036285
0.162959
0.058632
0.197194
0.109720
0.102898
0.179872
0.035684
0.066014
0.087899
0.060791
0.364128
0.123800
0.087196
0.125996
0.147910
0.149165
0.047943
0.034586
0.063068
0.138832
0.124798
0.052295
0.068861
0.044490
0.021995
0.119272
0.074471
0.031823
0.037615
0.087232
0.108290
0.045792
0.125550
0.059036
0.005819
0.030935
0.021387
0.034684
0.030274
0.010647
0.034645
0.034734
0.016771
0.020413
0.030305
0.037046
0.006714
0.027914
0.022807
0.008444
0.007725
0.029257
0.036372
0.042860
0.027108
0.023993
0.026914
0.017182
0.031084
0.020947
0.027874
0.009403
0.034085
0.134828
0.070447
0.028177
0.084672
0.032476
0.047658
0.095953
0.086854
0.062600
0.045056
0.097846
0.151181
0.021731
0.019853
0.163075
0.100308
0.092129
0.030595
0.054451
0.026660
0.077938
0.081866
0.010322
0.027098
0.036203
0.165886
0.092649
0.122879
0.045028
0.034866
0.041512
0.069355
0.051953
0.063915
0.035483
0.018562
0.004402
0.009665
0.017113
0.012413
0.034069
0.022592
0.011548
0.002188
0.024343
0.031012
0.020508
0.017880
0.060725
0.042688
0.012974
0.057095
0.038201
0.060287
0.024885
0.019076
0.055557
0.041101
0.026122
0.037977
0.025659
0.053403
0.026071
0.022066
0.090311
0.030682
0.064289
0.257135
0.098211
0.083452
0.120082
0.172592
0.284953
0.220160
0.232838
0.257351
0.287543
0.127422
0.019575
0.071275
0.147112
0.366503
0.044264
0.307298
0.041992
0.135974
0.031194
0.054920
0.030014
0.021289
0.047732
0.039683
0.031235
0.057747
0.035706
0.020455
0.002813
0.027128
0.072098
0.055439
0.126876
0.040355
0.040911
0.100023
0.025203
0.066002
0.049761
0.042722
0.047880
0.025696
0.021414
0.014210
0.019597
0.021330
0.014248
0.027713
0.015790
0.019679
0.026717
0.031184
0.071770
0.041986
0.010438
0.015109
0.028019
0.004854
0.011936
0.012692
0.046421
0.088552
0.064659
0.101550
0.084709
0.235727
0.048324
0.193666
0.068575
0.191688
0.048697
0.219898
0.220893
0.076263
0.059390
0.149411
0.095866
0.259554
0.053034
0.060637
0.065222
0.037278
0.051304
0.039638
0.039841
0.088829
0.013642
0.017008
0.030397
0.013142
0.016379
0.027267
0.008606
0.011223
0.018131
0.002335
0.020657
0.042659
0.025981
0.023940
0.079124
0.020319
0.020372
0.149541
0.023232
0.143645
0.146843
0.084298
0.035399
0.079419
0.035382
0.051144
0.095715
0.105027
0.068029
0.109795
0.031468
0.048583
0.122939
0.197229
0.174552
0.143460
0.182758
0.049051
0.182524
0.229253
0.174812
0.072480
0.070940
0.060103
0.026315
0.081972
0.124448
0.026705
0.040073
0.024076
0.032847
0.090804
0.047026
0.023164
0.035053
0.034009
0.085146
0.046691
0.015339
0.024807
0.023829
0.069115
0.029179
0.010652
0.066952
0.069023
0.025294
0.118372
0.034774
0.099882
0.038379
0.003166
0.046939
0.026280
0.028881
0.032976
0.067026
0.024957
0.037853
0.065854
0.041060
0.029470
0.014529
0.046620
0.009343
0.064010
0.057816
0.047052
0.046428
0.045272
0.070446
0.049521
0.058628
0.035447
0.100107
0.043175
0.038826
0.046447
0.040345
0.010153
0.040071
0.051289
0.060195
0.051575
0.027131
0.019110
0.005874
0.024325
0.034836
0.014432
0.032437
0.024865
0.008188
0.027626
0.012299
0.035518
0.024329
0.017358
0.017372
0.012273
0.033133
0.006999
0.002199
0.027324
0.018879
0.042151
0.019193
0.047020
0.084141
0.091254
0.044027
0.062669
0.084178
0.028109
0.068206
0.067689
0.033499
0.060282
0.025485
0.074758
0.090831
0.069351
0.071730
0.057785
0.086326
0.065632
0.050708
0.179177
0.171879
0.061202
0.064723
0.181714
0.067799
0.085244
0.229794
0.078105
0.125728
0.095223
0.166604
0.048675
0.018337
0.030903
0.078819
0.144588
0.116551
0.257279
0.033727
0.027374
0.213811
0.141324
0.090454
0.053959
0.034993
0.130555
0.014878
0.080133
0.161972
0.230017
0.173495
0.072723
0.012476
0.013015
0.080888
0.018427
0.033766
0.017623
0.032370
0.067936
0.082510
0.064255
0.030777
0.038306
0.025648
0.076073
0.059884
0.051725
0.029240
0.045693
0.065420
0.027765
0.018589
0.081323
0.108623
0.270669
0.363059
0.143148
0.093472
0.082192
0.059334
0.142485
0.023513
0.228308
0.030666
0.037359
0.088591
0.088113
0.036872
0.101585
0.050803
0.090346
0.077419
0.034825
0.058762
0.136327
0.080357
0.041068
0.054211
0.127023
0.013556
0.040370
0.060945
0.089045
0.042368
0.113566
0.036928
0.069109
0.031884
0.050319
0.020340
0.017970
0.016844
0.023095
0.031003
0.012555
0.027851
0.005955
0.021424
0.023859
0.009304
0.018964
0.019020
0.016402
0.010661
0.031300
0.021398
0.022485
0.025947
0.006152
0.046871
0.059743
0.030008
0.035465
0.037159
0.031394
0.025778
0.049556
0.036585
0.010673
0.023815
0.028617
0.023208
0.032695
0.010796
0.034837
0.023872
0.153981
0.011530
0.028091
0.027216
0.031752
0.022969
0.430354
0.042586
0.036774
0.196016
0.071314
0.046777
0.036601
0.068905
0.118704
0.094633
0.084909
0.110423
0.062434
0.062079
0.039843
0.039563
0.034896
0.033359
0.075615
0.052580
0.040857
0.030120
0.058064
0.040776
0.019535
0.023208
0.031828
0.013039
0.021260
0.026443
0.017987
0.012443
0.100132
0.009609
0.048211
0.027477
0.037386
0.054125
0.115512
0.108770
0.154812
0.131494
0.120988
0.131092
0.128506
0.150378
0.132478
0.152883
0.039615
0.065599
0.025192
0.073215
0.047699
0.054781
0.053097
0.016392
0.031908
0.008571
0.014266
0.041133
0.144509
0.054158
0.083313
0.050122
0.046425
0.125468
0.028884
0.031920
0.039246
0.013256
0.019579
0.004403
0.028215
0.019096
0.007583
0.022168
0.002150
0.014309
0.015523
0.235023
0.143053
0.059247
0.159882
0.106417
0.066353
0.201405
0.085224
0.220543
0.241083
0.069868
0.043401
0.141540
0.293607
0.089279
0.087181
0.049032
0.092662
0.125540
0.082411
0.518529
0.182237
0.114407
0.082063
0.097243
0.160108
0.040052
0.147344
0.066843
0.136733
0.144216
0.138826
0.035174
0.023693
0.080074
0.054899
0.049293
0.037284
0.086338
0.051755
0.089083
0.053102
0.058803
0.042434
0.050683
0.025198
0.043667
0.031371
0.121335
0.084005
0.093811
0.044157
0.109566
0.139074
0.023612
0.195795
0.038823
0.108100
0.108039
0.081875
0.174746
0.041779
0.070135
0.173436
0.259625
0.099174
0.085505
0.092770
0.077714
0.020835
0.009679
0.017166
0.032372
0.019807
0.019470
0.011075
0.039851
0.007643
0.025695
0.018995
0.029662
0.014182
0.045961
0.024826
0.068720
0.053105
0.025811
0.019722
0.022793
0.058122
0.031653
0.056349
0.026502
0.106516
0.161118
0.041583
0.250156
0.152960
0.045205
0.043011
0.064247
0.038339
0.059200
0.004871
0.007490
0.013209
0.017195
0.011117
0.029621
0.016595
0.010561
0.014253
0.005684
0.006386
0.003703
0.018806
0.025850
0.025475
0.028498
0.032556
0.014223
0.020195
0.024275
0.018752
0.026100
0.108935
0.068940
0.029358
0.076947
0.039897
0.036247
0.053521
0.061039
0.059043
0.087451
0.032205
0.051919
0.023730
0.050378
0.050843
0.046854
0.013659
0.141112
0.179905
0.099300
0.014565
0.046562
0.038878
0.108345
0.052211
0.052739
0.025653
0.073174
0.096880
0.023065
0.071308
0.043795
0.034860
0.081190
0.008277
0.037131
0.070498
0.039000
0.031333
0.016596
0.018822
0.014691
0.018978
0.036160
0.012206
0.018496
0.011062
0.011425
0.008354
0.017731
0.008579
0.009531
0.007663
0.003238
0.011870
0.010776
0.018534
0.024429
0.015783
0.094109
0.019310
0.029499
0.029469
0.085809
0.018460
0.078218
0.115126
0.132991
0.036613
0.040035
0.051995
0.267400
0.096383
0.043085
0.143757
0.134417
0.081270
0.109772
0.254435
0.253748
0.061890
0.037195
0.320730
0.059912
0.067455
0.111644
0.031558
0.109075
0.056936
0.093453
0.096880
0.149070
0.083492
0.029978
0.078191
0.173721
0.088216
0.265571
0.178122
0.254637
0.145972
0.222510
0.034697
0.016739
0.073729
0.032533
0.081703
0.028006
0.049967
0.029897
0.046417
0.089584
0.073719
0.047165
0.038834
0.030246
0.094768
0.019706
0.024715
0.017131
0.017075
0.010336
0.019814
0.009542
0.030114
0.007819
0.012119
0.006464
0.026076
0.037756
0.005054
0.015259
0.023791
0.132746
0.085557
0.130697
0.122031
0.022605
0.027433
0.013164
0.030770
0.032555
0.036953
0.019805
0.019697
0.019683
0.027439
0.013601
0.010173
0.179154
0.062274
0.150883
0.176241
0.209719
0.030699
0.053011
0.033121
0.040829
0.057048
0.010751
0.066431
0.219906
0.070792
0.032595
0.050320
0.031700
0.187972
0.143085
0.132937
0.251053
0.178194
0.044383
0.084848
0.038370
0.018452
0.025482
0.021242
0.048771
0.007043
0.055601
0.079213
0.012691
0.032148
0.047153
0.022151
0.014105
0.031293
0.034613
0.005432
0.025087
0.005746
0.036394
0.059854
0.032305
0.026375
0.029938
0.028552
0.016483
0.040404
0.029690
0.006658
0.050249
0.018678
0.031555
0.011217
0.007112
0.015765
0.001468
0.018559
0.030664
0.026441
0.023341
0.014581
0.018203
0.023970
0.014365
0.020710
0.019708
0.036199
0.022819
0.039325
0.020224
0.010658
0.022927
0.042224
0.047568
0.020098
0.033553
0.085034
0.056658
0.033265
0.034390
0.023317
0.027432
0.061515
0.032897
0.022594
0.059789
0.026667
0.070144
0.026025
0.064606
0.032229
0.035822
0.012737
0.014535
0.013332
0.019160
0.013432
0.006022
0.046468
0.015198
0.042826
0.025858
0.020881
0.005718
0.013358
0.034478
0.064704
0.020947
0.027759
0.015360
0.024969
0.018296
0.006930
0.074746
0.058470
0.037774
0.018261
0.036954
0.039453
0.059858
0.056972
0.087160
0.018389
0.060531
0.062623
0.018123
0.058862
0.115011
0.096411
0.061887
0.091996
0.120179
0.168934
0.061959
0.027222
0.025038
0.076548
0.019388
0.048976
0.079646
0.062980
0.105199
0.072405
0.032021
0.016965
0.077832
0.040026
0.030783
0.016263
0.031570
0.013963
0.025785
0.047497
0.016472
0.005257
0.016648
0.021938
0.031599
0.014974
0.037731
0.007821
0.022872
0.011546
0.006339
0.020223
0.007261
0.019564
0.022801
0.007991
0.012144
0.009064
0.035341
0.039979
0.005319
0.017018
0.032420
0.072435
0.088436
0.075842
0.118043
0.014310
0.013913
0.019818
0.045557
0.056102
0.006754
0.038950
0.056404
0.012654
0.029515
0.041937
0.026715
0.027020
0.031773
0.011533
0.019088
0.035264
0.010335
0.022343
0.019872
0.029016
0.080891
0.029403
0.020668
0.021339
0.013028
0.025244
0.011981
0.016729
0.018472
0.009835
0.019998
0.022067
0.019726
0.010779
0.020178
0.039964
0.007137
0.034483
0.018672
0.285190
0.095019
0.065520
0.043581
0.069889
0.042298
0.024230
0.016980
0.026563
0.020476
0.009220
0.013420
0.023471
0.056636
0.026255
0.026918
0.049674
0.105850
0.047084
0.022272
0.019276
0.025268
0.033137
0.069170
0.061537
0.043788
0.047678
0.052596
0.029958
0.030530
0.036529
0.038350
0.039355
0.069582
0.057327
0.068119
0.186533
0.051966
0.062960
0.070663
0.041371
0.036808
0.022982
0.078262
0.075362
0.104545
0.016823
0.145653
0.033951
0.081968
0.061428
0.071381
0.224421
0.101408
0.192070
0.028338
0.073280
0.229447
0.035871
0.103581
0.182566
0.123133
0.133902
0.054043
0.091208
0.144342
0.128168
0.139051
0.217673
0.081179
0.067872
0.076527
0.099319
0.031438
0.020309
0.023706
0.015332
0.036339
0.039277
0.035822
0.012871
0.036938
0.023420
0.012508
0.020581
0.021596
0.010786
0.006901
0.007215
0.039405
0.005353
0.030862
0.019481
0.018535
0.055242
0.028647
0.004134
0.016875
0.017488
0.022986
0.019789
0.024556
0.064557
0.051898
0.044909
0.009812
0.056029
0.049795
0.042069
0.014150
0.059438
0.068795
0.082552
0.069635
0.032473
0.020117
0.012754
0.022952
0.032301
0.044323
0.048324
0.034703
0.022295
0.004976
0.029883
0.064469
0.038836
0.017815
0.017785
0.044972
0.050799
0.010985
0.064437
0.022833
0.028488
0.092396
0.058564
0.067545
0.074770
0.208479
0.032323
0.094134
0.164312
0.135519
0.038215
0.128661
0.155925
0.120374
0.044421
0.051220
0.049213
0.026038
0.084162
0.026488
0.034460
0.064584
0.079930
0.104703
0.062283
0.182596
0.101242
0.096263
0.130344
0.115884
0.029472
0.047432
0.016987
0.012429
0.050933
0.026306
0.029003
0.043881
0.014739
0.003171
0.037549
0.022431
0.024597
0.029045
0.020082
0.054766
0.048843
0.007076
0.025817
0.018777
0.025292
0.030197
0.053069
0.030145
0.058426
0.054411
0.024761
0.022792
0.056812
0.027833
0.053160
0.022792
0.029768
0.011945
0.023893
0.015059
0.131532
0.104604
0.029371
0.010272
0.080457
0.082431
0.133819
0.037399
0.021997
0.004935
0.018975
0.012387
0.033171
0.024673
0.049644
0.026829
0.005563
0.026453
0.022330
0.015273
0.004443
0.011995
0.012880
0.014721
0.038746
0.030944
0.005489
0.015207
0.041281
0.016442
0.043212
0.062814
0.018694
0.033253
0.049654
0.008798
0.037946
0.017438
0.033949
0.205632
0.099787
0.070644
0.229239
0.083074
0.073473
0.108708
0.152217
0.058515
0.265541
0.204361
0.216240
0.240156
0.267502
0.118412
0.044484
0.064634
0.138847
0.341804
0.039913
0.286479
0.010132
0.397853
0.482096
0.059240
0.106204
0.128377
0.065090
0.043211
0.058865
0.054628
0.095373
0.087617
0.056752
0.049142
0.014213
0.043301
0.089744
0.068585
0.026758
0.003961
0.029380
0.029207
0.016165
0.026241
0.025313
0.020025
0.011115
0.023567
0.009944
0.022765
0.038289
0.014690
0.023515
0.023850
0.038626
0.206738
0.111546
0.227524
0.037105
0.009380
0.079855
0.040629
0.048704
0.055172
0.158357
0.166642
0.205440
0.017717
0.131152
0.162899
0.073330
0.078738
0.081525
0.315537
0.088128
0.031893
0.284569
0.174305
0.106213
0.010289
0.051859
0.011037
0.008388
0.037808
0.029331
0.014924
0.015789
0.037668
0.027160
0.019743
0.043695
0.005252
0.013681
0.003151
0.010323
0.030930
0.025889
0.029217
0.019767
0.009707
0.023450
0.023502
0.014907
0.038635
0.019947
0.025234
0.028798
0.064420
0.087317
0.083634
0.140594
0.049948
0.049869
0.097404
0.064442
0.042510
0.065266
0.029159
0.020458
0.061864
0.053451
0.082711
0.012870
0.053824
0.060326
0.055615
0.042893
0.033560
0.025648
0.063158
0.220283
0.242619
0.086894
0.049900
0.143743
0.061094
0.114740
0.030651
0.241703
0.088355
0.161519
0.117049
0.191861
0.100250
0.035178
0.112492
0.131928
0.103301
0.035680
0.024270
0.073716
0.043122
0.023658
0.028053
0.150729
0.026072
0.091475
0.058267
0.037001
0.099411
0.014111
0.060604
0.127244
0.177387
0.137217
0.036939
0.034321
0.088173
0.169937
0.023874
0.032208
0.063680
0.029760
0.033485
0.018365
0.076879
0.097824
0.031926
0.103513
0.105332
0.049295
0.216809
0.144216
0.215118
0.120716
0.186991
0.009978
0.065992
0.056225
0.084499
0.010820
0.034877
0.034738
0.032269
0.061084
0.045802
0.019315
0.072648
0.061303
0.010139
0.033916
0.028739
0.025547
0.062101
0.050962
0.054786
0.013303
0.042548
0.031575
0.015857
0.043233
0.026201
0.021252
0.022110
0.019213
0.007083
0.032454
0.030477
0.026023
0.034066
0.033847
0.026940
0.029492
0.031516
0.150532
0.146481
0.065488
0.037890
0.091735
0.076309
0.024214
0.029882
0.038130
0.031960
0.013431
0.072237
0.050616
0.035712
0.058139
0.034347
0.044032
0.046569
0.027174
0.049238
0.070322
0.015649
0.044720
0.026938
0.024160
0.100560
0.035618
0.041006
0.006695
0.044447
0.013289
0.004632
0.014644
0.075437
0.030762
0.027238
0.020887
0.028132
0.016249
0.023251
0.060702
0.011892
0.181481
0.008131
0.143587
0.023271
0.057503
0.089228
0.077317
0.021055
0.028112
0.181406
0.045367
0.082252
0.036322
0.038522
0.065913
0.058934
0.094787
0.076867
0.040188
0.059509
0.103710
0.056145
0.078522
0.127028
0.038390
0.061667
0.049744
0.089735
0.038520
0.051878
0.053509
0.066856
0.025294
0.045690
0.117052
0.146740
0.065395
0.071875
0.045291
0.014251
0.017463
0.033515
0.009011
0.032487
0.044506
0.019280
0.030610
0.014319
0.034461
0.018242
0.017972
0.007857
0.014320
0.023884
0.025211
0.027216
0.020042
0.013389
0.038576
0.025321
0.036096
0.010351
0.034479
0.114185
0.021434
0.091598
0.044007
0.017595
0.039833
0.060962
0.041717
0.033047
0.015795
0.023600
0.029169
0.060878
0.085678
0.043915
0.036207
0.056328
0.100948
0.140341
0.106464
0.063836
0.080260
0.194457
0.097958
0.111428
0.113243
0.041529
0.025351
0.118460
0.077591
0.038491
0.036281
0.111833
0.025035
0.112399
0.090797
0.051191
0.080387
0.111555
0.077911
0.145950
0.071888
0.077582
0.061949
0.091448
0.184723
0.074320
0.014851
0.028914
0.106562
0.161930
0.061432
0.076623
0.080434
0.101776
0.015867
0.144364
0.055259
0.040500
0.018828
0.067363
0.015836
0.038195
0.031975
0.032216
0.017053
0.012343
0.018569
0.049558
0.039880
0.032466
0.051170
0.030065
0.037569
0.046428
0.051703
0.049072
0.028530
0.007256
0.009586
0.039530
0.038119
0.043177
0.050744
0.028490
0.008379
0.041548
0.163176
0.078938
0.054883
0.188176
0.060793
0.058796
0.053649
0.046976
0.041084
0.044447
0.033874
0.013362
0.054017
0.029619
0.023133
0.022997
0.015638
0.014921
0.021604
0.030171
0.036675
0.024950
0.026587
0.007538
0.062064
0.050441
0.227488
0.137090
0.153510
0.064489
0.022656
0.015534
0.020473
0.010789
0.016609
0.041184
0.006381
0.021789
0.017961
0.024807
0.036600
0.043037
0.060766
0.040041
0.049429
0.101355
0.112722
0.052536
0.167992
0.072503
0.257014
0.154064
0.218014
0.083822
0.133294
0.077568
0.035547
0.045177
0.117898
0.106216
0.015385
0.038930
0.079492
0.173126
0.103278
0.051788
0.065672
0.113409
0.106981
0.069352
0.062096
0.046947
0.011790
0.041172
0.292670
0.012428
0.006142
0.011359
0.034229
0.016493
0.025953
0.014705
0.032051
0.026177
0.029555
0.027502
0.106935
0.093946
0.099197
0.268048
0.475730
0.041711
0.080687
0.048171
0.027629
0.017124
0.024463
0.023129
0.029550
0.008344
0.032691
0.011060
0.020299
0.026438
0.020331
0.014445
0.036015
0.014594
0.039306
0.023983
0.014993
0.148290
0.030746
0.082627
0.110475
0.128029
0.106603
0.023202
0.086821
0.041276
0.035152
0.107490
0.026944
0.051991
0.067623
0.068847
0.033272
0.035637
0.109710
0.072656
0.007806
0.098530
0.050440
0.055074
0.222330
0.031063
0.014504
0.043052
0.021768
0.041381
0.034327
0.039238
0.074474
0.222588
0.067679
0.021782
0.166765
0.045380
0.028544
0.034734
0.022821
0.028847
0.008247
0.025425
0.017326
0.042835
0.052763
0.007183
0.005786
0.057067
0.021851
0.022626
0.018223
0.007584
0.043211
0.030047
0.017540
0.029034
0.021363
0.013592
0.009074
0.008152
0.034151
0.025013
0.029964
0.043327
0.038424
0.034212
0.011734
0.006638
0.019676
0.018519
0.023165
0.027131
0.024853
0.015706
0.012859
0.024871
0.013328
0.043716
0.023890
0.026350
0.020635
0.025569
0.024594
0.007452
0.005320
0.032764
0.033516
0.013290
0.136618
0.116511
0.056232
0.047470
0.044756
0.057210
0.019795
0.118520
0.111772
0.065011
0.063334
0.048653
0.030634
0.062238
0.033076
0.042644
0.074141
0.034904
0.022378
0.038806
0.079309
0.102149
0.058890
0.070603
0.091535
0.060883
0.230947
0.088278
0.130756
0.098192
0.140000
0.116173
0.156922
0.036262
0.046408
0.183317
0.048037
0.018097
0.060338
0.012659
0.034409
0.051576
0.085372
0.163182
0.126845
0.049991
0.034943
0.024009
0.169794
0.020180
0.026345
0.035654
0.210751
0.083344
0.043500
0.022370
0.054557
0.133164
0.150261
0.086191
0.120173
0.151017
0.046929
0.089924
0.066078
0.095391
0.016034
0.048543
0.097478
0.034086
0.037128
0.028082
0.023219
0.035959
0.022905
0.025200
0.025777
0.022137
0.040802
0.010545
0.029773
0.010717
0.023078
0.018106
0.015074
0.012652
0.005723
0.021857
0.006739
0.021227
0.172504
0.244109
0.131116
0.049206
0.087108
0.173300
0.229734
0.122634
0.032910
0.036338
0.036175
0.063445
0.075372
0.027494
0.031114
0.280184
0.150125
0.024408
0.091965
0.072992
0.069577
0.171478
0.154793
0.010410
0.095510
0.093690
0.073468
0.044856
0.029470
0.020718
0.061354
0.031580
0.004999
0.026537
0.022174
0.026181
0.005776
0.005275
0.029912
0.025339
0.022043
0.019527
0.039779
0.008818
0.016717
0.036195
0.028500
0.053271
0.010620
0.006387
0.033928
0.008623
0.039003
0.026700
0.032002
0.009089
0.014788
0.035940
0.021672
0.032022
0.032619
0.026932
0.065227
0.048186
0.021515
0.034272
0.043127
0.039250
0.041439
0.157730
0.162257
0.062972
0.133039
0.045962
0.042973
0.050004
0.061526
0.031151
0.098696
0.044494
0.223616
0.117288
0.075804
0.031723
0.091570
0.102850
0.082644
0.025005
0.037113
0.109834
0.037992
0.168105
0.024854
0.019922
0.036920
0.176503
0.052924
0.054398
0.101785
0.036979
0.058445
0.034753
0.021209
0.018857
0.039866
0.068917
0.033876
0.073510
0.032115
0.006335
0.010887
0.118244
0.119423
0.017972
0.031484
0.092034
0.054115
0.120589
0.042087
0.055178
0.037458
0.048018
0.014587
0.128832
0.037029
0.060450
0.020142
0.035785
0.035206
0.103426
0.020909
0.015780
0.089497
0.012382
0.020936
0.098559
0.022493
0.054832
0.021877
0.015246
0.051269
0.043934
0.061767
0.018286
0.045292
0.065004
0.049709
0.017002
0.022136
0.023935
0.021599
0.023224
0.017542
0.012858
0.042021
0.011612
0.018417
0.035732
0.022418
0.022973
0.007936
0.055567
0.008204
0.103805
0.106051
0.118198
0.038225
0.034429
0.055791
0.057619
0.114146
0.029353
0.018412
0.030041
0.048162
0.036941
0.014664
0.032867
0.030362
0.087274
0.133776
0.016875
0.110333
0.067455
0.028528
0.027963
0.023855
0.317558
0.031886
0.057485
0.034808
0.049989
0.011461
0.076085
0.060564
0.042583
0.036482
0.109755
0.010869
0.023819
0.041037
0.028790
0.018016
0.020040
0.036032
0.007469
0.011352
0.012538
0.026270
0.019918
0.020586
0.027057
0.026128
0.018561
0.017831
0.006011
0.026581
0.026221
0.014033
0.014662
0.004281
0.006558
0.025388
0.032772
0.014796
0.008932
0.006100
0.010274
0.010190
0.040173
0.037832
0.021907
0.036048
0.030516
0.019430
0.014056
0.080339
0.016227
0.062742
0.050634
0.042517
0.020140
0.005716
0.008483
0.046380
0.055109
0.021885
0.058064
0.009983
0.018131
0.022455
0.050117
0.052477
0.123873
0.033230
0.120327
0.076505
0.007823
0.058646
0.055121
0.024623
0.063188
0.080792
0.133788
0.148237
0.023540
0.029263
0.045676
0.058142
0.155537
0.053779
0.076106
0.263170
0.160608
0.063833
0.042330
0.042573
0.026555
0.053468
0.069597
0.243284
0.026087
0.105892
0.057110
0.015195
0.017614
0.034859
0.038363
0.041075
0.040859
0.025404
0.034134
0.103577
0.174833
0.060277
0.022954
0.079586
0.033019
0.012716
0.090903
0.044435
0.118530
0.032204
0.072579
0.085685
0.106943
0.040757
0.063319
0.046372
0.060599
0.072797
0.017883
0.074718
0.047088
0.028791
0.035232
0.026482
0.032489
0.023090
0.037169
0.058364
0.006336
0.030103
0.012983
0.027871
0.006735
0.019288
0.022483
0.027074
0.013204
0.047005
0.036406
0.044441
0.004448
0.028417
0.026854
0.017670
0.012355
0.030238
0.010507
0.018673
0.026538
0.014917
0.038302
0.142074
0.011226
0.024033
0.038683
0.039206
0.027751
0.030557
0.249269
0.425418
0.090132
0.077842
0.083122
0.228981
0.409941
0.039021
0.030960
0.032193
0.035556
0.052487
0.032100
0.110967
0.017534
0.119120
0.086214
0.093208
0.058564
0.116504
0.056862
0.096786
0.023444
0.025598
0.024276
0.087074
0.086469
0.096841
0.014106
0.060175
0.087056
0.014960
0.100252
0.044854
0.050435
0.052499
0.045667
0.098958
0.076733
0.062312
0.019756
0.190553
0.112366
0.027004
0.015948
0.012629
0.010886
0.021848
0.028272
0.002784
0.019824
0.014788
0.037967
0.028190
0.019216
0.093597
0.064688
0.040077
0.138809
0.131092
0.047644
0.043903
0.126597
0.021430
0.059490
0.047997
0.090082
0.151898
0.054364
0.093692
0.030951
0.056618
0.074808
0.053743
0.309693
0.103209
0.077824
0.080199
0.045453
0.070554
0.061567
0.034083
0.048960
0.026178
0.077913
0.111860
0.043998
0.102398
0.035724
0.049435
0.050913
0.028759
0.027647
0.168586
0.041708
0.072730
0.040767
0.027046
0.042712
0.061110
0.040092
0.032534
0.062347
0.011504
0.060188
0.055209
0.053996
0.013386
0.037859
0.078009
0.016486
0.074200
0.033008
0.039011
0.042594
0.157905
0.036237
0.085285
0.064422
0.053154
0.015028
0.151832
0.086037
0.010220
0.025596
0.028713
0.010619
0.028183
0.006281
0.013238
0.011564
0.029224
0.010155
0.032656
0.024191
0.017196
0.018575
0.011062
0.024161
0.028483
0.016146
0.011180
0.037571
0.013930
0.022462
0.054831
0.011768
0.033290
0.116907
0.108590
0.040992
0.283692
0.193686
0.050855
0.030581
0.238885
0.093786
0.048848
0.081422
0.069137
0.115021
0.133336
0.135109
0.046534
0.029910
0.138275
0.092398
0.115813
0.018762
0.088282
0.057503
0.135946
0.055021
0.045599
0.127122
0.175331
0.058201
0.020564
0.035106
0.025184
0.029021
0.200763
0.035690
0.089029
0.025015
0.092335
0.090646
0.066224
0.024093
0.026923
0.030062
0.014273
0.024205
0.007832
0.010601
0.010997
0.012513
0.015836
0.013343
0.011579
0.011199
0.012252
0.018943
0.010389
0.005363
0.028989
0.071955
0.026050
0.046461
0.029047
0.097039
0.096820
0.035434
0.022232
0.184060
0.279135
0.046798
0.102229
0.034744
0.103256
0.096995
0.023344
0.080726
0.050852
0.052513
0.051418
0.012029
0.079586
0.065409
0.043905
0.038279
0.114387
0.012243
0.039907
0.007940
0.013952
0.015377
0.028414
0.021588
0.022575
0.014004
0.013470
0.004166
0.008089
0.032799
0.022206
0.005239
0.007419
0.014047
0.009902
0.017371
0.034063
0.025717
0.035630
0.004177
0.034283
0.012994
0.004877
0.017347
0.022740
0.060580
0.020506
0.034154
0.024899
0.015033
0.007676
0.009233
0.042784
0.007213
0.008302
0.055041
0.066162
0.059788
0.010729
0.016421
0.022853
0.042487
0.056730
0.023397
0.050262
0.040468
0.032356
0.114303
0.073309
0.039958
0.025693
0.063391
0.079000
0.043506
0.057210
0.032959
0.020422
0.025012
0.013190
0.010814
0.066676
0.020310
0.018163
0.026511
0.012894
0.020442
0.032683
0.011803
0.031918
0.037571
0.036253
0.012443
0.044403
0.041243
0.012723
0.032515
0.006281
0.011570
0.022657
0.013317
0.072530
0.017439
0.010656
0.029301
0.023572
0.039429
0.042618
0.014208
0.018354
0.049857
0.004608
0.076345
0.053183
0.006855
0.029778
0.025354
0.014562
0.033590
0.022490
0.006761
0.007753
0.028298
0.014603
0.023073
0.038188
0.081770
0.033787
0.035840
0.040650
0.019534
0.036832
0.038993
0.143188
0.023842
0.010381
0.007765
0.036365
0.051158
0.078067
0.055046
0.025807
0.030436
0.048386
0.006897
0.138695
0.068756
0.063062
0.169703
0.230522
0.051731
0.315487
0.201157
0.218704
0.097190
0.300965
0.157329
0.019668
0.128572
0.247838
0.362402
0.266784
0.067794
0.036019
0.055077
0.079883
0.065015
0.105034
0.036634
0.188374
0.121983
0.216891
0.169034
0.134262
0.097715
0.034898
0.053132
0.116038
0.011974
0.055402
0.081917
0.144568
0.170778
0.096950
0.082214
0.024688
0.015671
0.010574
0.053137
0.024679
0.020617
0.018868
0.014013
0.061483
0.013067
0.017904
0.057085
0.031431
0.028785
0.019341
0.047697
0.034373
0.007881
0.043756
0.036358
0.010552
0.062317
0.003806
0.014412
0.021194
0.007338
0.023221
0.007158
0.023385
0.012099
0.014989
0.009064
0.020721
0.018190
0.023533
0.020730
0.040136
0.022414
0.011388
0.008862
0.042188
0.024378
0.011534
0.022087
0.033551
0.031553
0.020087
0.019140
0.055824
0.054281
0.041997
0.050921
0.037686
0.029544
0.023858
0.042233
0.096389
0.027785
0.114913
0.123274
0.048353
0.034371
0.027180
0.023372
0.029262
0.016503
0.029690
0.023285
0.040847
0.133429
0.036464
0.036606
0.012775
0.064400
0.064868
0.030887
0.039686
0.027097
0.074581
0.099708
0.109562
0.035553
0.061607
0.089183
0.092206
0.118979
0.022936
0.108956
0.207497
0.048313
0.140045
0.057382
0.157864
0.074837
0.034872
0.147943
0.181722
0.308926
0.065912
0.054685
0.059848
0.172288
0.315026
0.032595
0.030144
0.043241
0.042965
0.055325
0.398612
0.089287
0.168488
0.104852
0.086719
0.068967
0.214726
0.087277
0.014758
0.038901
0.127246
0.188814
0.106701
0.096830
0.096140
0.101908
0.140621
0.223191
0.158324
0.003322
0.032389
0.106340
0.048822
0.067656
0.179400
0.162395
0.164903
0.062524
0.009726
0.006830
0.037598
0.027865
0.034189
0.022780
0.016148
0.048546
0.030041
0.094864
0.014464
0.023854
0.036640
0.027126
0.045343
0.006743
0.042421
0.058086
0.016288
0.013995
0.022018
0.028711
0.029272
0.009606
0.008880
0.017048
0.007987
0.019478
0.006930
0.015660
0.016202
0.013247
0.018511
0.021493
0.004772
0.011338
0.020283
0.010906
0.027924
0.012052
0.029371
0.020862
0.021296
0.010793
0.036838
0.022713
0.041758
0.017084
0.027466
0.018269
0.030647
0.035572
0.023019
0.019100
0.029990
0.029284
0.027529
0.021962
0.031729
0.020658
0.027006
0.009747
0.060006
0.211241
0.089302
0.192615
0.144165
0.038965
0.040103
0.123845
0.302470
0.033546
0.010891
0.028335
0.010581
0.010982
0.152169
0.122605
0.171379
0.107005
0.015454
0.041064
0.045850
0.008411
0.046846
0.180241
0.040262
0.025005
0.054318
0.014310
0.034623
0.028363
0.021816
0.023400
0.023674
0.020646
0.017926
0.033934
0.012158
0.016076
0.194321
0.032182
0.106777
0.146880
0.161363
0.130686
0.030589
0.043149
0.133416
0.037383
0.076589
0.091525
0.090554
0.040496
0.041699
0.141929
0.093370
0.014170
0.077884
0.050219
0.076910
0.062142
0.069018
0.034020
0.024023
0.059644
0.068857
0.123668
0.092550
0.077623
0.099906
0.035451
0.054339
0.096957
0.053753
0.113256
0.122780
0.038101
0.077301
0.028263
0.050038
0.072166
0.065088
0.097445
0.022372
0.051347
0.049354
0.037363
0.059001
0.205020
0.023884
0.150835
0.137673
0.082264
0.200226
0.072994
0.101169
0.055107
0.071003
0.015833
0.048505
0.059945
0.028890
0.053600
0.071753
0.027617
0.044701
0.047087
0.064765
0.021034
0.023957
0.047804
0.020975
0.018015
0.017568
0.020975
0.016739
0.010996
0.027162
0.027086
0.024093
0.006705
0.010737
0.034951
0.023188
0.044541
0.010968
0.054777
0.130119
0.046928
0.021160
0.117240
0.057612
0.085239
0.085313
0.107165
0.065922
0.056262
0.091615
0.065580
0.022824
0.068251
0.068869
0.029605
0.020087
0.012686
0.109938
0.108509
0.260802
0.075492
0.070024
0.094516
0.269476
0.088055
0.187106
0.054460
0.026788
0.103164
0.153971
0.086834
0.081398
0.071011
0.071286
0.091059
0.156915
0.110383
0.013812
0.125455
0.065239
0.039608
0.025195
0.121858
0.050695
0.019785
0.009302
0.029500
0.046770
0.016231
0.005283
0.024379
0.021928
0.028441
0.030494
0.032254
0.014624
0.018587
0.019935
0.005915
0.034385
0.014273
0.020377
0.018848
0.017170
0.031557
0.035722
0.055794
0.023291
0.046040
0.030558
0.045142
0.024977
0.032168
0.053878
0.040699
0.034751
0.016199
0.011597
0.040581
0.086464
0.060632
0.203896
0.069351
0.064371
0.097776
0.133896
0.054133
0.246701
0.189660
0.200988
0.223990
0.248521
0.109543
0.041141
0.058440
0.130290
0.318725
0.035149
0.266246
0.022729
0.016518
0.025704
0.020942
0.036192
0.038732
0.021016
0.030520
0.005798
0.370856
0.073860
0.040187
0.053818
0.076652
0.064375
0.172228
0.041969
0.133365
0.025600
0.230032
0.054817
0.058602
0.078056
0.029731
0.049729
0.015268
0.025067
0.049813
0.006582
0.037196
0.051246
0.019056
0.018826
0.046561
0.037885
0.018241
0.008628
0.019066
0.004212
0.022598
0.024656
0.008779
0.015518
0.023821
0.036206
0.005271
0.096612
0.017738
0.077357
0.040458
0.067533
0.025692
0.043742
0.025273
0.076174
0.040810
0.023424
0.064007
0.048796
0.100047
0.094154
0.055139
0.075295
0.038456
0.030587
0.149448
0.045005
0.094442
0.133431
0.098500
0.058099
0.118650
0.024141
0.107898
0.070039
0.082955
0.031657
0.035665
0.079535
0.020767
0.055958
0.034862
0.034327
0.024880
0.041114
0.008051
0.008665
0.031293
0.013281
0.027897
0.003800
0.013835
0.022212
0.015995
0.030494
0.010133
0.009788
0.013699
0.014212
0.024961
0.062757
0.013920
0.010886
0.028370
0.018386
0.055340
0.041698
0.030547
0.216357
0.021813
0.078638
0.056591
0.124667
0.121927
0.077764
0.050211
0.245113
0.080655
0.155985
0.111859
0.096773
0.163312
0.024858
0.083981
0.127589
0.082305
0.032153
0.102852
0.083637
0.231841
0.154684
0.263558
0.204745
0.075565
0.140595
0.109336
0.038248
0.112790
0.013049
0.030202
0.091744
0.034104
0.023873
0.004778
0.024200
0.016120
0.018351
0.022759
0.018949
0.025322
0.008771
0.001079
0.025902
0.059157
0.030012
0.021465
0.012582
0.028803
0.037411
0.009355
0.036197
0.015815
0.020476
0.027324
0.034899
0.017821
0.029263
0.032489
0.024250
0.020503
0.032448
0.005625
0.010174
0.018570
0.014376
0.062456
0.010651
0.040158
0.034676
0.062292
0.045147
0.026397
0.004526
0.056453
0.029820
0.036123
0.039802
0.038481
0.030421
0.020707
0.022787
0.172422
0.409196
0.093223
0.021889
0.066135
0.028390
0.031587
0.056350
0.053345
0.023100
0.022508
0.027834
0.033762
0.080774
0.068564
0.047630
0.049472
0.055321
0.032062
0.045043
0.026792
0.043691
0.022590
0.037736
0.197313
0.051935
0.064780
0.023501
0.080911
0.017040
0.150485
0.032416
0.084380
0.078919
0.083762
0.063092
0.074888
0.077840
0.060743
0.233908
0.105394
0.200472
0.031350
0.075140
0.281956
0.310521
0.037473
0.108036
0.191137
0.128474
0.140826
0.057964
0.095498
0.148603
0.131713
0.142937
0.221120
0.083074
0.069518
0.079697
0.178675
0.046617
0.021321
0.021455
0.013705
0.030921
0.035761
0.011122
0.029232
0.040537
0.010583
0.038165
0.016264
0.011909
0.018041
0.018068
0.010459
0.038312
0.003443
0.012917
0.016661
0.022916
0.020390
0.009517
0.055591
0.149375
0.096610
0.035707
0.039494
0.033187
0.033430
0.048490
0.108653
0.131236
0.072150
0.060608
0.026297
0.089648
0.049546
0.022126
0.070241
0.047785
0.084823
0.025856
0.045169
0.047620
0.066200
0.007749
0.020227
0.017070
0.028660
0.028580
0.032782
0.014795
0.017183
0.003734
0.031159
0.028475
0.007127
0.005609
0.028057
0.033056
0.013193
0.023013
0.021595
0.067351
0.013175
0.053562
0.034962
0.015389
0.016663
0.048177
0.029359
0.030218
0.019460
0.012442
0.010729
0.045004
0.022251
0.036897
0.044168
0.036728
0.025332
0.026682
0.025930
0.050589
0.022922
0.125218
0.087156
0.027516
0.042746
0.182404
0.085302
0.057437
0.129129
0.052827
0.030351
0.020799
0.042009
0.103913
0.047794
0.047103
0.097939
0.042573
0.039952
0.030462
0.027449
0.059081
0.021507
0.071483
0.144992
0.044678
0.043908
0.172533
0.059533
0.151143
0.040466
0.069991
0.066288
0.043659
0.034829
0.196009
0.058992
0.128645
0.038602
0.124185
0.048479
0.014930
0.009162
0.066541
0.051668
0.026237
0.052649
0.066332
0.025999
0.019301
0.037436
0.024523
0.038914
0.021996
0.097085
0.019941
0.048988
0.029245
0.026636
0.057597
0.037250
0.056971
0.031841
0.028932
0.128982
0.027881
0.023923
0.025522
0.011463
0.024269
0.035998
0.019412
0.023733
0.024135
0.066033
0.080567
0.121800
0.022462
0.037179
0.078322
0.087807
0.097046
0.055537
0.086125
0.022982
0.104879
0.162586
0.092484
0.042625
0.041117
0.058561
0.059104
0.039291
0.092554
0.042620
0.095248
0.047171
0.102740
0.109481
0.184082
0.056661
0.060379
0.147536
0.063718
0.057109
0.043279
0.040286
0.075320
0.119867
0.112832
0.122706
0.117652
0.140191
0.121254
0.141405
0.034080
0.006195
0.014135
0.015325
0.011637
0.028010
0.021107
0.027972
0.039959
0.097948
0.155025
0.122535
0.327389
0.234906
0.314600
0.044673
0.123254
0.080539
0.061001
0.049333
0.091349
0.056134
0.060648
0.103893
0.038831
0.068471
0.018041
0.073015
0.041796
0.026859
0.139769
0.109576
0.102830
0.216697
0.155605
0.035639
0.013096
0.103927
0.031931
0.049343
0.014939
0.054750
0.052290
0.050981
0.008848
0.028242
0.033754
0.035665
0.019243
0.023477
0.061834
0.035135
0.016629
0.065184
0.064195
0.049031
0.047465
0.052083
0.015019
0.029249
0.052785
0.119856
0.069003
0.058428
0.062095
0.075479
0.018544
0.062336
0.018371
0.027955
0.014000
0.022216
0.004375
0.003772
0.028330
0.006329
0.012387
0.029740
0.034463
0.023586
0.023458
0.031046
0.037332
0.105253
0.135948
0.033110
0.021273
0.030930
0.016293
0.038474
0.041392
0.097869
0.102290
0.052206
0.115583
0.095170
0.048686
0.272135
0.235693
0.050403
0.074052
0.024819
0.009608
0.007715
0.012675
0.023736
0.020293
0.012621
0.053594
0.024355
0.021077
0.010821
0.012257
0.011298
0.016607
0.030543
0.010451
0.053556
0.026902
0.022561
0.019304
0.003478
0.027766
0.031917
0.027117
0.013950
0.010857
0.007655
0.034980
0.026230
0.022036
0.019325
0.019866
0.037174
0.033489
0.065436
0.027900
0.045050
0.036913
0.066646
0.047963
0.057508
0.020506
0.036082
0.064797
0.019037
0.040312
0.024745
0.016065
0.080374
0.048176
0.043862
0.032432
0.008790
0.036564
0.030701
0.013123
0.026151
0.059989
0.048046
0.072818
0.014122
0.087736
0.035883
0.068748
0.020118
0.016733
0.117572
0.066123
0.053026
0.293059
0.186898
0.344029
0.200166
0.174601
0.100404
0.030468
0.070051
0.143070
0.079057
0.101718
0.114808
0.089989
0.312881
0.141071
0.268540
0.046470
0.094661
0.272945
0.096401
0.118163
0.179761
0.115526
0.023775
0.043590
0.069673
0.042583
0.077162
0.086418
0.039698
0.148984
0.018123
0.028309
0.027278
0.014786
0.002427
0.015351
0.035987
0.029447
0.012110
0.015924
0.027989
0.028263
0.020390
0.015384
0.004065
0.028051
0.033135
0.020314
0.015641
0.019239
0.022523
0.006018
0.027389
0.034666
0.027920
0.047388
0.036853
0.193324
0.084323
0.031737
0.058178
0.055859
0.136057
0.153930
0.144896
0.052791
0.046740
0.091525
0.066346
0.094722
0.171094
0.051029
0.047844
0.096697
0.033897
0.038122
0.022813
0.029970
0.019362
0.014053
0.027848
0.023413
0.029301
0.023499
0.024072
0.026347
0.024449
0.042525
0.012168
0.004810
0.021798
0.006172
0.023055
0.018415
0.005733
0.024917
0.251365
0.134436
0.050619
0.089861
0.177513
0.236625
0.126463
0.033680
0.038568
0.036877
0.066295
0.079091
0.028364
0.032419
0.025109
0.094570
0.070827
0.173710
0.156905
0.187436
0.049067
0.049449
0.038718
0.036760
0.043571
0.114630
0.019881
0.172718
0.036476
0.040879
0.010139
0.002331
0.021044
0.030184
0.023210
0.119512
0.038370
0.031835
0.128810
0.047263
0.017158
0.024639
0.082668
0.055082
0.027315
0.037642
0.054652
0.048600
0.031083
0.024722
0.048661
0.058189
0.034756
0.037181
0.025788
0.024461
0.041293
0.093495
0.013477
0.024287
0.051164
0.056640
0.060308
0.042185
0.018271
0.029412
0.045510
0.010636
0.012872
0.018745
0.043557
0.023349
0.019698
0.010925
0.015022
0.020429
0.025927
0.061217
0.029921
0.023210
0.017590
0.014885
0.021331
0.012580
0.013462
0.023172
0.035986
0.015865
0.009734
0.035681
0.032304
0.026454
0.019686
0.010848
0.017494
0.035430
0.034076
0.101764
0.045921
0.050276
0.091336
0.135670
0.124461
0.156059
0.033575
0.150023
0.295767
0.138355
0.362060
0.240686
0.038300
0.127006
0.207458
0.092575
0.084066
0.241292
0.109744
0.066604
0.062540
0.065754
0.036717
0.045374
0.138563
0.292295
0.045952
0.155904
0.098820
0.071644
0.061860
0.110716
0.064276
0.040617
0.091287
0.053960
0.088996
0.186941
0.109872
0.044595
0.017192
0.020159
0.016216
0.016741
0.031783
0.001905
0.031325
0.039967
0.028117
0.040536
0.010621
0.024942
0.030059
0.034140
0.080713
0.059856
0.066544
0.081311
0.080982
0.031346
0.007735
0.017152
0.009470
0.056195
0.115883
0.014396
0.088243
0.019108
0.031090
0.070670
0.015010
0.013657
0.024218
0.021058
0.016827
0.016359
0.023213
0.015010
0.021003
0.007214
0.009820
0.015370
0.040591
0.026472
0.025998
0.019075
0.015936
0.016492
0.074682
0.043318
0.103216
0.076176
0.137077
0.050561
0.026719
0.089412
0.065138
0.006208
0.048772
0.044459
0.038605
0.021737
0.051780
0.060367
0.037650
0.034066
0.028124
0.024916
0.008226
0.014483
0.009435
0.027537
0.008151
0.010447
0.014077
0.028216
0.018871
0.006841
0.044830
0.034395
0.050643
0.060367
0.014419
0.057882
0.022886
0.028104
0.021988
0.022311
0.014672
0.083920
0.045190
0.027518
0.031867
0.034762
0.157548
0.216550
0.050080
0.347892
0.041693
0.033906
0.292130
0.187465
0.204062
0.090643
0.277887
0.146425
0.142035
0.199009
0.229246
0.332310
0.244967
0.190914
0.192243
0.061066
0.041804
0.191319
0.131814
0.173892
0.035578
0.052063
0.042801
0.008789
0.067109
0.055607
0.087268
0.033186
0.167704
0.013250
0.036710
0.049049
0.054403
0.237976
0.023803
0.262131
0.039759
0.132940
0.061057
0.090019
0.142242
0.027541
0.101306
0.149041
0.034591
0.053357
0.010217
0.031459
0.047593
0.026666
0.010797
0.023319
0.018256
0.005187
0.033449
0.021361
0.018699
0.003486
0.019531
0.017719
0.011572
0.045344
0.010140
0.021613
0.009833
0.021967
0.036753
0.022254
0.076246
0.297940
0.033041
0.131700
0.286649
0.089578
0.047978
0.091051
0.140518
0.040963
0.109433
0.049137
0.099484
0.042224
0.031653
0.222186
0.133882
0.130622
0.042145
0.064931
0.019454
0.034041
0.033243
0.033603
0.036710
0.005163
0.029528
0.010284
0.011245
0.014328
0.006811
0.015840
0.018623
0.027260
0.005984
0.025285
0.031251
0.043262
0.036280
0.010520
0.005413
0.016342
0.015511
0.037893
0.063176
0.024047
0.041879
0.018694
0.034881
0.031591
0.040614
0.038025
0.037771
0.038165
0.041367
0.012206
0.007256
0.024237
0.006719
0.005531
0.022185
0.024665
0.011595
0.025179
0.054971
0.042002
0.064095
0.011960
0.053049
0.182527
0.074212
0.031422
0.061011
0.021337
0.044533
0.019766
0.067561
0.060641
0.042940
0.057163
0.019944
0.085647
0.117250
0.063752
0.113757
0.136761
0.046753
0.064116
0.060036
0.052082
0.030933
0.015111
0.076090
0.043104
0.075559
0.023334
0.007733
0.029408
0.031813
0.022255
0.024295
0.039111
0.020278
0.021100
0.024504
0.029201
0.015373
0.019642
0.039888
0.024016
0.024758
0.039353
0.212503
0.114751
0.233414
0.038554
0.036687
0.025327
0.012334
0.077517
0.056434
0.033892
0.207590
0.080408
0.056681
0.056278
0.048549
0.028173
0.022888
0.033722
0.014322
0.017213
0.014023
0.009574
0.016441
0.020565
0.042040
0.022702
0.048220
0.009197
0.126068
0.209664
0.178328
0.154377
0.031410
0.067690
0.143014
0.054825
0.222848
0.143302
0.159666
0.199627
0.022059
0.249256
0.327880
0.221581
0.305220
0.178215
0.267864
0.255853
0.289377
0.169640
0.165702
0.058152
0.247938
0.138669
0.038128
0.126999
0.049561
0.047902
0.172808
0.084703
0.082785
0.071583
0.081087
0.231064
0.156717
0.073653
0.057392
0.093820
0.096257
0.055544
0.200978
0.125568
0.098053
0.070261
0.137043
0.040499
0.060817
0.034026
0.047372
0.016599
0.022152
0.041009
0.083567
0.137157
0.072341
0.065036
0.040159
0.027605
0.112274
0.042434
0.033265
0.085343
0.113161
0.016815
0.028405
0.010251
0.016353
0.003963
0.028558
0.004143
0.010436
0.004098
0.009093
0.010448
0.017207
0.026233
0.018265
0.029591
0.008123
0.014345
0.030902
0.030618
0.026310
0.019344
0.021185
0.039526
0.130076
0.081199
0.100199
0.123953
0.105781
0.037288
0.135183
0.135358
0.041313
0.086601
0.030590
0.025378
0.055480
0.054487
0.039814
0.142090
0.084773
0.057094
0.072925
0.027552
0.051496
0.012135
0.025085
0.024935
0.026027
0.012413
0.012728
0.020426
0.032009
0.027118
0.046204
0.009185
0.027520
0.020604
0.012352
0.007646
0.005050
0.014028
0.015169
0.060679
0.152232
0.049995
0.022564
0.134163
0.068993
0.099382
0.053308
0.094764
0.118078
0.072655
0.058314
0.101551
0.075266
0.019775
0.045065
0.026887
0.077918
0.082285
0.035209
0.025270
0.010184
0.016755
0.076819
0.013743
0.030429
0.047182
0.030668
0.034875
0.024609
0.014843
0.005753
0.007433
0.026103
0.025842
0.021171
0.031484
0.017732
0.011724
0.029274
0.030663
0.019485
0.009542
0.002866
0.041242
0.063113
0.045917
0.051384
0.082500
0.080869
0.172550
0.207782
0.186213
0.237056
0.152737
0.039168
0.178856
0.092665
0.050616
0.059599
0.369284
0.153845
0.065646
0.155244
0.370877
0.041770
0.080396
0.110765
0.135406
0.021723
0.204323
0.126421
0.067490
0.034852
0.119033
0.189964
0.030508
0.082397
0.112830
0.019174
0.056348
0.035249
0.057886
0.043225
0.011884
0.028993
0.043350
0.026835
0.009185
0.019974
0.024356
0.014259
0.077061
0.058467
0.039758
0.018411
0.037629
0.175765
0.070972
0.048203
0.059333
0.125514
0.018180
0.058294
0.062085
0.018494
0.071641
0.052833
0.139461
0.059803
0.115773
0.098976
0.140397
0.035367
0.121120
0.170455
0.028468
0.026726
0.114911
0.082916
0.079073
0.032402
0.018164
0.085265
0.039840
0.031521
0.025815
0.025786
0.019659
0.003341
0.014611
0.025097
0.033120
0.014491
0.033488
0.004570
0.023787
0.011188
0.005443
0.021201
0.007339
0.016690
0.036464
0.080582
0.101161
0.084113
0.015136
0.016901
0.025997
0.049431
0.056332
0.008466
0.041087
0.058709
0.026899
0.030763
0.011816
0.015529
0.019827
0.035393
0.008786
0.018516
0.006657
0.061354
0.018904
0.028927
0.070848
0.014182
0.056452
0.044458
0.031204
0.026407
0.016175
0.019138
0.189070
0.063991
0.088399
0.318367
0.428187
0.288136
0.082509
0.019704
0.017379
0.153567
0.029889
0.080868
0.014258
0.063860
0.057846
0.140644
0.067954
0.060137
0.184370
0.158187
0.044428
0.030576
0.146180
0.247384
0.072015
0.032369
0.113622
0.126947
0.178404
0.049344
0.068148
0.162374
0.013919
0.057077
0.071786
0.123796
0.125112
0.010880
0.013949
0.022169
0.005369
0.022484
0.040799
0.012490
0.008553
0.042328
0.027501
0.016016
0.019209
0.023825
0.018335
0.041126
0.046579
0.053526
0.015241
0.104166
0.199771
0.272305
0.146342
0.038203
0.050011
0.040864
0.080888
0.098368
0.056765
0.033797
0.011326
0.012522
0.027136
0.018365
0.022801
0.030165
0.017768
0.014317
0.010626
0.038837
0.012651
0.022028
0.025808
0.016765
0.049864
0.025858
0.010193
0.044065
0.024834
0.014413
0.023594
0.026233
0.013468
0.079859
0.007362
0.067845
0.043323
0.067682
0.132751
0.059885
0.015163
0.038172
0.020296
0.031699
0.084665
0.036227
0.023529
0.041433
0.010398
0.052071
0.019224
0.037627
0.027183
0.036735
0.026324
0.017421
0.018579
0.034428
0.015849
0.028468
0.022585
0.013174
0.025402
0.013482
0.008525
0.006926
0.023756
0.012524
0.014269
0.008717
0.008025
0.023123
0.004610
0.035409
0.024444
0.017401
0.014482
0.016929
0.021988
0.010369
0.020679
0.025287
0.033082
0.024625
0.020680
0.034706
0.023201
0.059307
0.050861
0.058713
0.021306
0.064890
0.058179
0.229291
0.042806
0.016951
0.016178
0.050343
0.070403
0.105565
0.048846
0.130280
0.048994
0.118248
0.080516
0.096432
0.060832
0.031893
0.045314
0.108575
0.061515
0.033692
0.203221
0.112233
0.321620
0.158713
0.264006
0.104017
0.151495
0.113139
0.103429
0.020982
0.078118
0.052870
0.100486
0.378145
0.155225
0.023003
0.057712
0.155543
0.208670
0.019531
0.040109
0.076396
0.026792
0.050611
0.054023
0.020233
0.025768
0.025924
0.082775
0.038299
0.015248
0.077365
0.027817
0.031454
0.043996
0.095598
0.026487
0.113773
0.041103
0.125035
0.104030
0.012852
0.038083
0.035890
0.031941
0.080351
0.033319
0.109709
0.018086
0.026045
0.015102
0.008596
0.038278
0.040628
0.049432
0.142500
0.021662
0.035251
0.048457
0.096104
0.043975
0.002617
0.041980
0.032342
0.027940
0.028989
0.012666
0.018605
0.045624
0.032443
0.037539
0.013662
0.027057
0.022312
0.006739
0.024918
0.024388
0.009827
0.016581
0.035088
0.019731
0.014097
0.013783
0.028855
0.021370
0.029246
0.032385
0.031473
0.044459
0.079689
0.034412
0.032542
0.040419
0.080611
0.017907
0.020292
0.003182
0.031557
0.040920
0.158654
0.100579
0.099849
0.077658
0.120013
0.041925
0.065808
0.050466
0.018479
0.013948
0.036838
0.026393
0.008272
0.017866
0.025947
0.008194
0.007789
0.033279
0.007726
0.038779
0.028660
0.031263
0.009868
0.020516
0.035815
0.018695
0.037066
0.028079
0.031859
0.004407
0.153832
0.057305
0.044047
0.050972
0.058891
0.045771
0.045706
0.039873
0.058379
0.024070
0.114558
0.031058
0.088981
0.041698
0.205501
0.106209
0.055149
0.006846
0.067095
0.068368
0.030769
0.085121
0.092989
0.075868
0.021759
0.030739
0.056883
0.101331
0.037371
0.156182
0.022847
0.018406
0.140070
0.018377
0.031677
0.040906
0.037773
0.165805
0.049158
0.054274
0.176472
0.060492
0.074218
0.012288
0.060703
0.101551
0.023128
0.026267
0.020947
0.038220
0.074271
0.036759
0.079139
0.017162
0.021666
0.038618
0.034413
0.023252
0.013920
0.020263
0.014699
0.012041
0.007721
0.016984
0.009810
0.009986
0.020268
0.016793
0.004641
0.016202
0.029435
0.023247
0.035347
0.021281
0.016064
0.019856
0.015050
0.063005
0.026449
0.018551
0.025729
0.014816
0.034659
0.015098
0.032124
0.019393
0.073948
0.162873
0.058380
0.140999
0.022961
0.016443
0.048578
0.056492
0.022459
0.040457
0.022691
0.024895
0.035033
0.059451
0.090461
0.038872
0.078818
0.039546
0.098777
0.125430
0.100096
0.090575
0.038654
0.101718
0.171769
0.146136
0.121040
0.022168
0.184861
0.151913
0.043505
0.156401
0.192988
0.148070
0.058633
0.060352
0.034584
0.063620
0.072574
0.038137
0.139025
0.026733
0.019747
0.147869
0.019265
0.045998
0.005924
0.029911
0.027979
0.028908
0.111364
0.063441
0.015699
0.020198
0.025312
0.015083
0.040111
0.003170
0.014344
0.016519
0.004702
0.004180
0.018755
0.025306
0.020802
0.007593
0.017268
0.012170
0.229575
0.159182
0.029456
0.089537
0.155182
0.171098
0.052683
0.051021
0.085960
0.088087
0.138693
0.057201
0.153472
0.102655
0.056582
0.064230
0.414503
0.170053
0.081513
0.210319
0.230263
0.065134
0.070399
0.179257
0.081699
0.047202
0.088914
0.120116
0.079155
0.496762
0.174007
0.110465
0.136246
0.165710
0.129660
0.110757
0.168231
0.084582
0.043107
0.097884
0.200007
0.108105
0.101850
0.045757
0.079597
0.061357
0.076244
0.021179
0.046927
0.042845
0.059209
0.025529
0.006400
0.018792
0.043014
0.020866
0.030768
0.021204
0.003259
0.034408
0.017984
0.024194
0.024735
0.027216
0.034696
0.009292
0.032750
0.037093
0.023682
0.025053
0.013944
0.004844
0.017602
0.014015
0.008742
0.068878
0.037696
0.017521
0.046036
0.051311
0.032447
0.094495
0.073505
0.054707
0.008376
0.035437
0.069250
0.018901
0.048705
0.024871
0.567072
0.408812
0.091243
0.172316
0.088670
0.068726
0.110986
0.040761
0.131445
0.193057
0.108637
0.098745
0.145711
0.229931
0.163161
0.051377
0.106136
0.113787
0.052640
0.072363
0.188971
0.169650
0.173486
0.030745
0.041408
0.023020
0.016013
0.049294
0.031563
0.099923
0.016332
0.035586
0.009364
0.055659
0.005123
0.047597
0.006499
0.042122
0.060406
0.009686
0.010592
0.014133
0.007171
0.017306
0.006696
0.016703
0.015924
0.015704
0.020391
0.027315
0.038827
0.052176
0.093538
0.069789
0.024960
0.121148
0.124548
0.216812
0.090680
0.198144
0.148012
0.039616
0.127439
0.310925
0.011001
0.018656
0.033896
0.010582
0.024760
0.008085
0.013602
0.020605
0.019211
0.156014
0.126326
0.177069
0.181827
0.108611
0.015545
0.020728
0.168462
0.034963
0.045568
0.050384
0.028086
0.126156
0.108140
0.047426
0.017794
0.078947
0.093209
0.096136
0.073979
0.242934
0.103988
0.195125
0.040153
0.428436
0.316415
0.245166
0.084893
0.180087
0.022587
0.088164
0.095808
0.029869
0.070942
0.200213
0.143762
0.092605
0.143982
0.196595
0.275765
0.117669
0.145562
0.057077
0.047410
0.038080
0.021096
0.006898
0.020391
0.119526
0.145550
0.122383
0.037757
0.010862
0.003844
0.017310
0.006112
0.008675
0.027681
0.066501
0.077488
0.028101
0.119110
0.129720
0.079509
0.030596
0.089076
0.081035
0.089593
0.149189
0.031915
0.018412
0.060173
0.129735
0.213929
0.243927
0.100054
0.333235
0.101023
0.058319
0.103862
0.156353
0.041769
0.123580
0.057460
0.109940
0.054916
0.033454
0.146617
0.141540
0.252832
0.057668
0.035546
0.051926
0.032826
0.014139
0.057351
0.020234
0.004436
0.004498
0.013182
0.023258
0.009855
0.020789
0.006024
0.010430
0.021972
0.011768
0.005379
0.004638
0.016856
0.023444
0.024466
0.033217
0.026896
0.045801
0.034812
0.057424
0.038668
0.078826
0.042402
0.039021
0.022055
0.082365
0.043608
0.074774
0.058995
0.073759
0.021835
0.044038
0.091147
0.150205
0.025547
0.048808
0.024794
0.070842
0.034590
0.051839
0.039207
0.035286
0.033964
0.040031
0.012125
0.128322
0.161289
0.036673
0.007831
0.019232
0.044091
0.039861
0.031981
0.085666
0.063308
0.085778
0.021556
0.061577
0.041834
0.030330
0.069837
0.007958
0.053674
0.094996
0.049737
0.109527
0.045584
0.067460
0.104904
0.366676
0.140429
0.057948
0.204160
0.123128
0.075333
0.237119
0.201991
0.215475
0.107079
0.027350
0.086044
0.046464
0.119453
0.023387
0.144666
0.044857
0.076424
0.015628
0.053309
0.006858
0.035240
0.029342
0.026456
0.043702
0.029249
0.054117
0.050829
0.016368
0.021910
0.021577
0.019581
0.017283
0.019037
0.039033
0.032349
0.009385
0.015791
0.007776
0.052161
0.114929
0.045023
0.018556
0.102038
0.050632
0.047682
0.076842
0.100676
0.058526
0.052681
0.085256
0.013893
0.037997
0.020027
0.059148
0.051354
0.026253
0.015626
0.009961
0.016579
0.024936
0.028960
0.030419
0.017687
0.009534
0.019969
0.003354
0.018648
0.038534
0.012427
0.021970
0.014181
0.008800
0.039014
0.029092
0.018045
0.023110
0.018213
0.005784
0.020194
0.022459
0.009824
0.051720
0.014430
0.028309
0.031628
0.024019
0.028173
0.028149
0.038720
0.029934
0.007030
0.008397
0.035306
0.041056
0.062852
0.144158
0.053232
0.128545
0.022009
0.013360
0.043720
0.020384
0.084774
0.025067
0.069665
0.026694
0.034859
0.025172
0.077378
0.020014
0.036447
0.058320
0.080520
0.053926
0.087165
0.036949
0.077311
0.115839
0.087461
0.024552
0.041112
0.028203
0.103078
0.040250
0.042715
0.077674
0.104282
0.140169
0.034846
0.043871
0.047344
0.238032
0.041927
0.162445
0.041104
0.078956
0.055858
0.070229
0.026902
0.024759
0.016845
0.023042
0.170308
0.042763
0.078692
0.072107
0.049651
0.146991
0.043081
0.103106
0.015087
0.079190
0.120737
0.068598
0.066726
0.044021
0.046929
0.044423
0.047704
0.063446
0.029293
0.031604
0.050313
0.029481
0.023937
0.061894
0.065341
0.051178
0.034722
0.012421
0.023854
0.011207
0.024404
0.013600
0.023418
0.039004
0.013361
0.003329
0.038440
0.058248
0.042601
0.025255
0.031247
0.050729
0.099002
0.094808
0.118458
0.069158
0.053867
0.024078
0.064297
0.045375
0.046095
0.042494
0.026808
0.015512
0.156757
0.179903
0.052829
0.079912
0.044287
0.085568
0.052740
0.037058
0.042169
0.022588
0.020291
0.029684
0.023320
0.034822
0.010048
0.032969
0.016100
0.033025
0.012851
0.032824
0.015526
0.032560
0.018865
0.021443
0.015705
0.166089
0.031451
0.091961
0.124667
0.141374
0.115532
0.025943
0.096005
0.047835
0.038412
0.118438
0.031352
0.061534
0.076588
0.076854
0.035557
0.037728
0.121673
0.080361
0.009999
0.068900
0.045044
0.074541
0.055803
0.104603
0.052550
0.059596
0.235107
0.013519
0.049804
0.025606
0.013120
0.020551
0.040739
0.020497
0.022194
0.054496
0.147237
0.141651
0.552368
0.150589
0.151477
0.099085
0.104531
0.189841
0.083646
0.020477
0.111866
0.387568
0.147987
0.060048
0.131198
0.079560
0.251460
0.214530
0.234806
0.117331
0.031610
0.096506
0.049275
0.129183
0.025987
0.157106
0.084257
0.020006
0.061103
0.069458
0.031111
0.063770
0.076985
0.054786
0.007617
0.042417
0.034319
0.036518
0.053412
0.012434
0.025626
0.021637
0.008672
0.025835
0.032862
0.018242
0.014940
0.027095
0.014290
0.015400
0.002880
0.035683
0.036117
0.037825
0.048007
0.004680
0.014066
0.013557
0.005166
0.043063
0.039674
0.018644
0.092522
0.056260
0.075200
0.044129
0.058431
0.036320
0.021523
0.021665
0.042199
0.011307
0.027475
0.081095
0.027668
0.052865
0.033825
0.025107
0.183450
0.073284
0.061143
0.027071
0.169558
0.184659
0.108338
0.115324
0.083000
0.144107
0.133730
0.036451
0.059590
0.114848
0.062205
0.031991
0.119103
0.037682
0.046764
0.033277
0.056824
0.040138
0.081651
0.032113
0.047984
0.121909
0.145486
0.024592
0.155730
0.055368
0.032121
0.086644
0.038393
0.058930
0.131105
0.171554
0.140921
0.116402
0.134966
0.063399
0.229422
0.048024
0.032433
0.239693
0.083226
0.053117
0.051213
0.023527
0.030109
0.011284
0.022478
0.024973
0.024890
0.011875
0.017490
0.031517
0.009711
0.026000
0.020531
0.021946
0.010302
0.019495
0.014182
0.024912
0.014084
0.043280
0.012379
0.139606
0.100558
0.112572
0.073173
0.062480
0.231436
0.065606
0.125431
0.084364
0.048084
0.053556
0.035433
0.060383
0.068852
0.035365
0.039600
0.056684
0.037696
0.029726
0.135607
0.076589
0.076064
0.024032
0.050741
0.040315
0.105395
0.107653
0.092179
0.054875
0.068726
0.186582
0.059156
0.099299
0.058875
0.016824
0.049006
0.032118
0.064079
0.233595
0.084780
0.230535
0.027676
0.050745
0.067413
0.050273
0.276370
0.090615
0.072561
0.156123
0.044498
0.025634
0.188507
0.074177
0.043146
0.062721
0.054895
0.026308
0.012798
0.033085
0.024366
0.005852
0.020461
0.023759
0.036313
0.104401
0.051099
0.046282
0.099329
0.188126
0.097366
0.127309
0.070470
0.123315
0.258586
0.012210
0.063179
0.192566
0.136589
0.018067
0.075062
0.240931
0.034902
0.040178
0.081842
0.156121
0.061016
0.047027
0.384945
0.104719
0.151131
0.073856
0.097564
0.023656
0.005136
0.014039
0.026645
0.022924
0.026059
0.013459
0.009753
0.012806
0.138184
0.023170
0.298036
0.202576
0.260614
0.175548
0.250658
0.024986
0.030245
0.033124
0.015626
0.069932
0.026783
0.045073
0.045092
0.010611
0.066659
0.050655
0.039645
0.030360
0.096349
0.165526
0.034357
0.022548
0.021391
0.003787
0.006876
0.022254
0.012423
0.028315
0.017498
0.015370
0.009342
0.017014
0.021890
0.021247
0.016546
0.033332
0.033682
0.006819
0.015678
0.122066
0.080511
0.117948
0.113920
0.022223
0.026888
0.009534
0.030471
0.027081
0.032196
0.019340
0.018606
0.042353
0.018347
0.167710
0.059191
0.141317
0.163767
0.196972
0.058520
0.117127
0.038273
0.057362
0.071005
0.035524
0.264527
0.098499
0.039651
0.108562
0.034884
0.114843
0.179416
0.059571
0.057102
0.009328
0.044971
0.054958
0.022146
0.024839
0.158470
0.057031
0.182131
0.027477
0.019001
0.025420
0.027616
0.021221
0.006753
0.007073
0.039396
0.014551
0.008277
0.026983
0.219942
0.021579
0.042902
0.027975
0.028905
0.073933
0.025426
0.013398
0.160735
0.114505
0.135528
0.032061
0.020433
0.024477
0.018581
0.007908
0.011631
0.024483
0.030218
0.002648
0.026887
0.015263
0.028291
0.026876
0.014433
0.008219
0.021734
0.026029
0.018504
0.024307
0.018993
0.026366
0.010236
0.019456
0.020670
0.013552
0.008910
0.007401
0.032738
0.023129
0.031286
0.081261
0.049366
0.033371
0.066193
0.031357
0.037844
0.046789
0.025540
0.065135
0.033926
0.039177
0.032354
0.020807
0.017563
0.045077
0.061177
0.024230
0.061978
0.042412
0.028069
0.039933
0.010369
0.048406
0.054256
0.036434
0.061928
0.010043
0.130212
0.044885
0.044555
0.032991
0.025458
0.119547
0.018425
0.051628
0.156673
0.171707
0.062169
0.086730
0.028791
0.175238
0.071164
0.066945
0.073407
0.133641
0.205237
0.024279
0.045374
0.061667
0.048148
0.141288
0.072490
0.043345
0.049993
0.008652
0.043606
0.034551
0.034951
0.095225
0.050075
0.113706
0.147506
0.462496
0.305678
0.150408
0.099901
0.096534
0.164836
0.089610
0.056632
0.148440
0.139551
0.056610
0.147091
0.049162
0.080330
0.054334
0.079382
0.175813
0.121702
0.085120
0.048898
0.029081
0.039474
0.135938
0.039807
0.029171
0.037132
0.054361
0.033654
0.127155
0.064323
0.050341
0.053632
0.111161
0.092659
0.067044
0.098870
0.031499
0.027296
0.080825
0.039378
0.095461
0.064954
0.018539
0.056272
0.045370
0.039573
0.044896
0.116575
0.178387
0.104388
0.090345
0.050441
0.028678
0.060715
0.039156
0.313637
0.024058
0.266446
0.025040
0.018812
0.013737
0.005491
0.013365
0.030727
0.026582
0.017462
0.007792
0.002450
0.017180
0.060694
0.054477
0.044590
0.034984
0.049470
0.020981
0.059236
0.081965
0.235343
0.054423
0.074358
0.160054
0.152517
0.060623
0.014861
0.018433
0.085561
0.132997
0.048731
0.055790
0.079300
0.034213
0.033261
0.035037
0.110999
0.067354
0.100492
0.033248
0.023890
0.024142
0.065200
0.097997
0.056293
0.034924
0.053602
0.039964
0.044925
0.017276
0.090123
0.036568
0.015616
0.022795
0.024476
0.083098
0.031823
0.045281
0.033957
0.025157
0.124381
0.017650
0.058652
0.024434
0.018534
0.009645
0.008075
0.013028
0.005285
0.009925
0.010637
0.041893
0.006719
0.011470
0.020614
0.039355
0.021938
0.007559
0.020033
0.024764
0.025990
0.026298
0.052738
0.013577
0.003654
0.019438
0.021081
0.025169
0.041829
0.041309
0.035068
0.062904
0.054148
0.080575
0.022230
0.033186
0.063651
0.062193
0.063659
0.032950
0.024818
0.047594
0.078128
0.077054
0.096114
0.057588
0.015891
0.075047
0.065021
0.028294
0.007986
0.158723
0.101712
0.114475
0.145653
0.059603
0.041717
0.140029
0.132911
0.068181
0.026105
0.079695
0.120790
0.049641
0.145705
0.014374
0.120459
0.094589
0.096194
0.041589
0.035737
0.125581
0.066437
0.065616
0.052237
0.059114
0.178599
0.073171
0.020739
0.031275
0.092666
0.035302
0.054089
0.141921
0.026773
0.120340
0.060310
0.045084
0.066642
0.101566
0.170080
0.148170
0.026514
0.030983
0.026101
0.017666
0.022917
0.019548
0.050138
0.015386
0.027584
0.021866
0.214966
0.071652
0.180725
0.216119
0.035895
0.040098
0.368999
0.244682
0.092527
0.084990
0.244231
0.064502
0.067939
0.036804
0.045896
0.141791
0.297453
0.065488
0.042421
0.094685
0.090641
0.031340
0.087540
0.085012
0.017593
0.054378
0.090888
0.063345
0.037443
0.119872
0.100450
0.016424
0.108091
0.108022
0.186168
0.034754
0.011778
0.021737
0.017558
0.015524
0.026726
0.001533
0.024325
0.026814
0.025536
0.039451
0.021212
0.037556
0.013272
0.023338
0.029146
0.019484
0.084904
0.061750
0.067965
0.083498
0.083784
0.033314
0.016220
0.032870
0.076100
0.015025
0.027347
0.022447
0.016184
0.012998
0.038287
0.015233
0.030816
0.017973
0.030413
0.026261
0.019147
0.012072
0.022893
0.027129
0.009717
0.029853
0.016649
0.017516
0.008208
0.077079
0.045778
0.108686
0.080827
0.146128
0.028409
0.097657
0.068208
0.006213
0.051395
0.047271
0.039207
0.022394
0.054535
0.065548
0.046261
0.103235
0.168347
0.186093
0.078412
0.259930
0.080723
0.041522
0.085167
0.134831
0.192025
0.045932
0.250564
0.018965
0.010482
0.053562
0.089319
0.034780
0.021477
0.044729
0.028922
0.037088
0.033959
0.064681
0.033658
0.037252
0.015111
0.008322
0.023333
0.039095
0.054244
0.014210
0.018738
0.085356
0.028334
0.097935
0.031493
0.118292
0.057768
0.048818
0.025207
0.055355
0.019724
0.084173
0.080383
0.048350
0.067565
0.013297
0.167737
0.176492
0.136303
0.219148
0.042702
0.159800
0.263746
0.114003
0.103939
0.310209
0.140354
0.090288
0.088668
0.095193
0.040185
0.059237
0.023262
0.229284
0.068526
0.065192
0.016091
0.107217
0.097691
0.053118
0.055178
0.152800
0.030610
0.089593
0.046653
0.042903
0.041212
0.087340
0.070049
0.051331
0.069802
0.025063
0.023867
0.026722
0.065022
0.031813
0.023327
0.048292
0.007704
0.007458
0.045544
0.034218
0.020325
0.020829
0.009236
0.027126
0.031739
0.008725
0.032294
0.015710
0.023536
0.027610
0.029195
0.015511
0.019315
0.030466
0.022765
0.010241
0.044739
0.038183
0.016161
0.025295
0.064460
0.103483
0.103184
0.048679
0.156773
0.050355
0.017377
0.038764
0.047836
0.017663
0.037512
0.040199
0.015585
0.049950
0.034633
0.018394
0.104533
0.098356
0.058035
0.132038
0.046253
0.061867
0.039824
0.147475
0.040820
0.070055
0.023877
0.041841
0.068994
0.051229
0.118658
0.014183
0.020686
0.023530
0.031037
0.097880
0.023991
0.042294
0.078333
0.017097
0.049184
0.018109
0.010692
0.015199
0.040882
0.045386
0.026649
0.051697
0.020042
0.036412
0.015050
0.021947
0.007252
0.021132
0.051751
0.010452
0.025215
0.015561
0.012998
0.014236
0.026630
0.007567
0.022672
0.032527
0.044116
0.008165
0.016266
0.024043
0.015209
0.029365
0.028345
0.029118
0.115080
0.127452
0.040355
0.036613
0.049503
0.068350
0.098187
0.014114
0.035736
0.026566
0.026328
0.035899
0.015021
0.026703
0.026811
0.121429
0.015783
0.202674
0.073306
0.078179
0.050546
0.053746
0.023997
0.013300
0.034772
0.058446
0.009836
0.093314
0.091660
0.037782
0.055937
0.103353
0.060490
0.028460
0.040585
0.043228
0.073400
0.064938
0.042208
0.034649
0.058038
0.070207
0.034828
0.093776
0.081116
0.028157
0.048379
0.029618
0.049061
0.041811
0.020649
0.020179
0.010392
0.025357
0.011321
0.014364
0.010209
0.003712
0.031166
0.004381
0.005514
0.039959
0.012880
0.032382
0.022115
0.002546
0.014445
0.008839
0.014161
0.030675
0.010970
0.005117
0.040203
0.018685
0.012953
0.016626
0.013707
0.005905
0.033221
0.010786
0.011112
0.017551
0.029467
0.019319
0.011029
0.031728
0.024754
0.016642
0.021638
0.030449
0.011688
0.015533
0.111112
0.114315
0.197249
0.084540
0.179192
0.131634
0.061778
0.080066
0.120180
0.285235
0.167569
0.101652
0.209420
0.082226
0.240895
0.116279
0.268609
0.013075
0.075708
0.166044
0.020014
0.069985
0.104978
0.174887
0.097585
0.030041
0.017424
0.058634
0.043789
0.036427
0.022810
0.075905
0.072926
0.047572
0.078051
0.019520
0.020374
0.030355
0.031678
0.014766
0.036543
0.009135
0.031623
0.022167
0.013272
0.011106
0.015263
0.012094
0.020513
0.014238
0.175901
0.092418
0.021122
0.117293
0.120764
0.067321
0.101207
0.059612
0.059588
0.149870
0.026647
0.203498
0.087978
0.033735
0.093613
0.058587
0.047850
0.022713
0.060591
0.145524
0.165641
0.100712
0.072674
0.105200
0.185122
0.055217
0.113369
0.043401
0.041218
0.025899
0.034854
0.017639
0.183701
0.258619
0.136899
0.050496
0.035423
0.036201
0.027646
0.020399
0.019879
0.011594
0.011371
0.005723
0.018411
0.025373
0.017017
0.035734
0.029697
0.071139
0.022662
0.027318
0.082001
0.212299
0.257235
0.293037
0.040191
0.044573
0.073847
0.144929
0.050989
0.157388
0.024210
0.097713
0.082328
0.130889
0.077435
0.072002
0.178254
0.042880
0.081208
0.091174
0.231532
0.132541
0.152788
0.226277
0.167986
0.015890
0.139530
0.135804
0.166308
0.033795
0.089964
0.064215
0.052739
0.153254
0.044132
0.023102
0.063942
0.094257
0.095111
0.138349
0.173265
0.050397
0.103173
0.013767
0.055123
0.118427
0.050249
0.197158
0.166264
0.030004
0.004189
0.024843
0.033279
0.011343
0.014702
0.016053
0.019856
0.016106
0.036575
0.042114
0.086468
0.134445
0.239659
0.078085
0.201297
0.039606
0.043116
0.084157
0.139580
0.084832
0.101808
0.080005
0.052315
0.056583
0.023804
0.030138
0.017055
0.019225
0.016239
0.008627
0.017662
0.022275
0.074211
0.030832
0.010884
0.014962
0.075575
0.078790
0.102644
0.092356
0.026326
0.053688
0.033382
0.045934
0.045099
0.153925
0.075505
0.119669
0.028205
0.036355
0.070917
0.151511
0.057979
0.050319
0.228338
0.021739
0.106446
0.062932
0.051947
0.069106
0.043092
0.049506
0.049107
0.030900
0.022001
0.045146
0.023979
0.054508
0.013271
0.040778
0.014731
0.017416
0.033322
0.015046
0.013921
0.026187
0.025202
0.027568
0.021068
0.014947
0.014850
0.012817
0.012882
0.012904
0.017489
0.047444
0.020266
0.018114
0.016457
0.011433
0.049809
0.024790
0.072812
0.043275
0.025904
0.031564
0.010550
0.015863
0.025424
0.030567
0.020232
0.018859
0.021315
0.043622
0.041423
0.047146
0.038634
0.067198
0.032707
0.057444
0.055221
0.028822
0.014861
0.026171
0.042258
0.014684
0.056310
0.040696
0.093967
0.060825
0.429158
0.095603
0.180946
0.092291
0.071259
0.139545
0.203292
0.114102
0.103324
0.248499
0.176598
0.055790
0.009942
0.111440
0.124367
0.116164
0.020207
0.042398
0.008378
0.063898
0.005897
0.100134
0.070798
0.094352
0.040346
0.056503
0.061920
0.039511
0.053898
0.125344
0.127532
0.099132
0.145343
0.069707
0.092043
0.133986
0.038312
0.028126
0.040259
0.026906
0.024501
0.034037
0.028492
0.007026
0.016724
0.034342
0.010429
0.016036
0.004218
0.023656
0.012242
0.022884
0.184541
0.130930
0.053765
0.031211
0.042313
0.028196
0.094126
0.062753
0.058596
0.045389
0.129465
0.090208
0.100942
0.049364
0.051899
0.028180
0.110475
0.121664
0.089298
0.190609
0.046173
0.075748
0.267864
0.261531
0.223199
0.045237
0.069104
0.035585
0.217990
0.098053
0.424868
0.251569
0.123721
0.303316
0.044275
0.115377
0.063701
0.060903
0.063348
0.137250
0.042526
0.034939
0.018343
0.038403
0.022495
0.031716
0.022947
0.019169
0.031351
0.021668
0.026569
0.022291
0.030045
0.012557
0.012016
0.019539
0.040576
0.039083
0.018941
0.038081
0.021397
0.019749
0.022709
0.032816
0.018004
0.082399
0.202706
0.103716
0.293938
0.313982
0.151456
0.190495
0.082788
0.011881
0.134047
0.097370
0.107484
0.026997
0.031937
0.032132
0.107025
0.108537
0.126300
0.015111
0.080998
0.016626
0.113485
0.051618
0.055617
0.061288
0.232099
0.066738
0.067158
0.022782
0.214563
0.126724
0.084390
0.048181
0.036840
0.063822
0.071432
0.040664
0.057449
0.040732
0.031509
0.024174
0.067295
0.112991
0.077667
0.076790
0.023840
0.052727
0.108571
0.056619
0.060800
0.016934
0.050283
0.032924
0.065629
0.239967
0.087887
0.051670
0.067313
0.049567
0.280442
0.092165
0.072492
0.027285
0.189649
0.073080
0.043163
0.063000
0.055501
0.022096
0.007577
0.030802
0.022769
0.007838
0.007234
0.051656
0.045333
0.030945
0.145950
0.037477
0.272938
0.120490
0.131929
0.125260
0.184896
0.154769
0.120932
0.051778
0.435324
0.278716
0.153142
0.120418
0.034974
0.049978
0.055748
0.052689
0.177913
0.125138
0.082752
0.038104
0.076586
0.035075
0.061306
0.020064
0.094352
0.047966
0.040635
0.049928
0.148634
0.163855
0.019044
0.067376
0.075500
0.108393
0.165595
0.131481
0.007131
0.028410
0.015565
0.069158
0.083601
0.088453
0.144136
0.167088
0.242807
0.089305
0.027258
0.133253
0.106858
0.050494
0.041501
0.030675
0.013781
0.008509
0.014938
0.050571
0.018948
0.034627
0.100859
0.124056
0.106447
0.074023
0.049895
0.026936
0.069103
0.060809
0.031238
0.057482
0.041494
0.021872
0.089259
0.054816
0.035255
0.009627
0.031406
0.014246
0.039625
0.015051
0.024133
0.016765
0.015843
0.027871
0.094605
0.072635
0.045423
0.066163
0.092744
0.085773
0.215681
0.058085
0.282712
0.064791
0.119836
0.056000
0.072145
0.066078
0.058425
0.050673
0.097036
0.046017
0.021925
0.042798
0.034658
0.136689
0.021308
0.064418
0.036715
0.094780
0.059575
0.094252
0.030355
0.020803
0.054950
0.058218
0.085258
0.047781
0.033203
0.049292
0.048801
0.038771
0.006703
0.033965
0.017142
0.016393
0.077319
0.030747
0.022969
0.108424
0.014452
0.053150
0.022257
0.048777
0.012773
0.011545
0.047750
0.022599
0.014862
0.029673
0.013483
0.033530
0.022641
0.027761
0.022400
0.016966
0.009825
0.058834
0.073464
0.105363
0.122982
0.069008
0.027382
0.028590
0.042456
0.043863
0.027687
0.017310
0.037457
0.064958
0.036524
0.069086
0.071700
0.070229
0.074076
0.076684
0.036416
0.018652
0.083703
0.051822
0.055901
0.107635
0.138920
0.159949
0.049727
0.068480
0.054826
0.012987
0.032304
0.010295
0.028214
0.013775
0.029201
0.016374
0.029005
0.015676
0.027358
0.010135
0.018875
0.004538
0.010388
0.033387
0.058018
0.008582
0.036107
0.026829
0.093218
0.050407
0.042418
0.036150
0.045772
0.018139
0.100687
0.085650
0.049326
0.036059
0.028072
0.012738
0.018305
0.021073
0.026927
0.052313
0.058077
0.049083
0.028350
0.163348
0.094910
0.116375
0.015024
0.267234
0.130203
0.066563
0.089281
0.018850
0.068069
0.045029
0.088765
0.330557
0.034541
0.029329
0.112206
0.043330
0.141055
0.137583
0.190474
0.119473
0.072152
0.053409
0.040614
0.074459
0.029739
0.152046
0.094339
0.177496
0.033976
0.082403
0.010679
0.030537
0.041141
0.047376
0.234103
0.074205
0.158897
0.046640
0.060139
0.014796
0.018308
0.085882
0.131133
0.074627
0.071348
0.048312
0.054414
0.053625
0.062017
0.074178
0.032151
0.032991
0.028401
0.022935
0.070723
0.102524
0.033715
0.024981
0.024793
0.059187
0.059820
0.036023
0.054974
0.040154
0.046887
0.020603
0.025152
0.024800
0.092962
0.035482
0.045866
0.035755
0.026696
0.131831
0.019463
0.061704
0.022553
0.012414
0.043618
0.010613
0.011449
0.021894
0.037048
0.013607
0.007894
0.013335
0.026575
0.048263
0.013313
0.002896
0.040834
0.014966
0.036948
0.011791
0.020904
0.026267
0.038639
0.034567
0.033474
0.054229
0.082262
0.021770
0.034395
0.065666
0.059169
0.025231
0.047416
0.082996
0.081292
0.100976
0.058014
0.016075
0.042646
0.023149
0.055498
0.043108
0.037995
0.033444
0.008354
0.163775
0.104974
0.118146
0.149881
0.061474
0.391677
0.259639
0.090530
0.263440
0.076236
0.037715
0.049736
0.155502
0.328732
0.114259
0.080337
0.072290
0.126905
0.071488
0.045547
0.107884
0.102641
0.037717
0.101662
0.067823
0.042839
0.134792
0.112289
0.018584
0.178141
0.055309
0.053102
0.012905
0.083915
0.196813
0.025419
0.045502
0.009731
0.018317
0.019365
0.031976
0.024019
0.027113
0.013199
0.038409
0.016398
0.024245
0.027034
0.022302
0.048394
0.031291
0.015843
0.015448
0.071657
0.040443
0.023270
0.109326
0.047214
0.046807
0.031826
0.084539
0.006633
0.036429
0.005996
0.038661
0.010149
0.016268
0.018789
0.043898
0.018529
0.018841
0.010154
0.012310
0.008479
0.066470
0.063493
0.013151
0.014415
0.023303
0.045050
0.030227
0.065559
0.022752
0.084509
0.030262
0.040016
0.038842
0.103884
0.045407
0.044833
0.032313
0.016799
0.143877
0.111022
0.177055
0.140451
0.366086
0.267617
0.358191
0.038788
0.129739
0.213825
0.112639
0.069077
0.047154
0.161803
0.099869
0.071435
0.062470
0.112001
0.084953
0.025216
0.029374
0.216877
0.194644
0.115085
0.054836
0.022372
0.020647
0.017162
0.016938
0.033107
0.003631
0.034954
0.030056
0.028227
0.051574
0.033167
0.047793
0.033248
0.013125
0.010221
0.036572
0.027885
0.015662
0.035096
0.054549
0.016158
0.059361
0.073398
0.071634
0.026793
0.007439
0.016950
0.008840
0.051766
0.105101
0.015803
0.077800
0.018890
0.026493
0.109861
0.014633
0.015058
0.053928
0.071322
0.021763
0.029395
0.018408
0.065061
0.008997
0.017266
0.014985
0.008291
0.029666
0.012368
0.022892
0.015750
0.013999
0.016516
0.016199
0.015205
0.026666
0.008622
0.014161
0.040685
0.029635
0.027785
0.068477
0.041006
0.100177
0.071079
0.035416
0.026091
0.083520
0.061770
0.037816
0.025774
0.199576
0.019430
0.167444
0.090755
0.039745
0.040176
0.081700
0.047942
0.071990
0.100000
0.095380
0.234855
0.065407
0.069166
0.128675
0.061931
0.085969
0.070448
0.057929
0.078688
0.161883
0.064361
0.014995
0.021342
0.052045
0.089457
0.037518
0.034406
0.030519
0.037832
0.109851
0.062412
0.064705
0.099700
0.050806
0.039478
0.010305
0.047070
0.025701
0.019583
0.096075
0.037654
0.012078
0.017348
0.026137
0.068848
0.030340
0.043903
0.010147
0.015403
0.026280
0.024021
0.016900
0.010665
0.010862
0.005938
0.023284
0.013713
0.013061
0.011141
0.024326
0.024058
0.005999
0.008646
0.018670
0.037608
0.029038
0.061670
0.013675
0.030704
0.018045
0.024050
0.035880
0.019144
0.013906
0.045308
0.021724
0.094287
0.058136
0.060126
0.054585
0.025489
0.064414
0.065402
0.081429
0.050455
0.013883
0.064264
0.111296
0.058891
0.019139
0.020454
0.035466
0.037202
0.025102
0.013328
0.060882
0.062199
0.064564
0.034987
0.016327
0.073770
0.021928
0.052089
0.416773
0.038590
0.150897
0.096521
0.341157
0.230565
0.316092
0.185232
0.277545
0.238760
0.185577
0.085728
0.257914
0.144369
0.039250
0.050116
0.181839
0.087297
0.084874
0.074771
0.085050
0.241652
0.102445
0.027308
0.037326
0.125060
0.045808
0.052316
0.024407
0.219776
0.140658
0.107755
0.078812
0.146863
0.047444
0.025352
0.011805
0.008074
0.015569
0.021075
0.028328
0.112168
0.042720
0.035749
0.091263
0.013638
0.025189
0.010115
0.016642
0.008503
0.030079
0.003471
0.015771
0.008133
0.016064
0.015490
0.015205
0.029849
0.021813
0.031202
0.015769
0.008538
0.041102
0.003803
0.145361
0.009017
0.162187
0.028532
0.089384
0.040353
0.051392
0.085682
0.089129
0.070575
0.122694
0.031121
0.229611
0.102132
0.110773
0.108618
0.425717
0.117385
0.044086
0.376882
0.237725
0.134974
0.057983
0.019256
0.036396
0.012118
0.061397
0.039517
0.040846
0.088651
0.034226
0.041381
0.111469
0.122234
0.015335
0.053708
0.059586
0.050584
0.091286
0.133910
0.112216
0.007327
0.022545
0.061119
0.019180
0.099473
0.338362
0.123152
0.138496
0.204468
0.088008
0.050565
0.069433
0.151032
0.087279
0.059415
0.170438
0.065415
0.053530
0.176307
0.046401
0.038939
0.035290
0.111743
0.086693
0.210471
0.023595
0.081043
0.054821
0.044257
0.026052
0.044409
0.041428
0.023618
0.031699
0.019743
0.031443
0.037813
0.007535
0.025924
0.049648
0.025724
0.038446
0.076438
0.024138
0.031962
0.040231
0.008581
0.025592
0.004776
0.011164
0.023020
0.034366
0.028077
0.017701
0.033439
0.016325
0.029304
0.021576
0.010744
0.019146
0.003081
0.009995
0.041689
0.015153
0.023043
0.026443
0.039777
0.034281
0.051810
0.031365
0.046073
0.040360
0.014761
0.023303
0.047068
0.030981
0.058708
0.022797
0.046539
0.031817
0.074243
0.018836
0.010141
0.060554
0.145054
0.066829
0.213172
0.225257
0.017686
0.084150
0.106050
0.037879
0.085819
0.053444
0.105394
0.039869
0.042014
0.053261
0.008452
0.032558
0.033266
0.029697
0.307682
0.119100
0.052197
0.175630
0.021800
0.125350
0.117221
0.063437
0.196462
0.166458
0.058623
0.043597
0.028244
0.033304
0.015107
0.022869
0.031035
0.035367
0.028663
0.025761
0.015327
0.012164
0.008956
0.014206
0.038634
0.009835
0.011736
0.026521
0.016843
0.017657
0.012364
0.033054
0.028245
0.023919
0.069797
0.041792
0.105504
0.065661
0.027492
0.040838
0.019815
0.050157
0.142247
0.155145
0.047196
0.043670
0.055765
0.037081
0.025015
0.032455
0.026232
0.055839
0.029563
0.011653
0.006380
0.022162
0.027747
0.014682
0.054648
0.028331
0.018631
0.154240
0.169745
0.174299
0.080518
0.115251
0.046639
0.093066
0.034959
0.045548
0.047987
0.025907
0.026408
0.013859
0.153586
0.039403
0.074116
0.097177
0.026949
0.041474
0.019351
0.018676
0.015823
0.064869
0.061858
0.064019
0.013161
0.037844
0.081291
0.039397
0.090270
0.020392
0.012022
0.031521
0.023066
0.005660
0.038815
0.004632
0.015820
0.015889
0.020620
0.003863
0.030007
0.014274
0.008206
0.023111
0.028349
0.011229
0.014957
0.011222
0.029132
0.013549
0.027673
0.019021
0.018031
0.017119
0.022426
0.026105
0.019715
0.031295
0.048390
0.026476
0.027978
0.012613
0.014189
0.028227
0.048247
0.012970
0.014051
0.019235
0.049805
0.026717
0.062060
0.012876
0.034500
0.125910
0.152166
0.055910
0.181534
0.101534
0.095597
0.165612
0.058221
0.282763
0.032879
0.061769
0.083516
0.059185
0.340780
0.048064
0.079064
0.068149
0.142809
0.049133
0.031702
0.144943
0.097439
0.123203
0.021990
0.030658
0.054826
0.024007
0.052126
0.042272
0.042713
0.067806
0.048080
0.041072
0.030257
0.062982
0.076791
0.050558
0.027621
0.010885
0.045990
0.122810
0.109729
0.101594
0.075256
0.160704
0.066164
0.008115
0.026910
0.024183
0.012852
0.013656
0.011516
0.021030
0.011126
0.008585
0.025189
0.021572
0.028647
0.064716
0.031373
0.085101
0.067411
0.030073
0.031075
0.076475
0.024229
0.021242
0.006647
0.018941
0.019039
0.181697
0.061583
0.085616
0.306207
0.411206
0.165210
0.027881
0.274484
0.065235
0.076971
0.019023
0.017803
0.143981
0.028893
0.074992
0.014359
0.022747
0.132597
0.064326
0.057146
0.173535
0.148039
0.042285
0.046381
0.028342
0.136855
0.231532
0.069302
0.030188
0.106123
0.165320
0.045405
0.064512
0.153788
0.014202
0.052878
0.068694
0.061111
0.021597
0.045610
0.117021
0.021218
0.007299
0.015390
0.035676
0.032622
0.011375
0.015655
0.014324
0.017486
0.015982
0.033784
0.045063
0.046117
0.007143
0.031730
0.058834
0.040178
0.077525
0.094801
0.033686
0.038803
0.256175
0.025392
0.019661
0.017058
0.017373
0.011258
0.030007
0.014381
0.020400
0.033853
0.016860
0.057880
0.025032
0.021343
0.034378
0.008633
0.046426
0.016796
0.204579
0.050069
0.219968
0.007313
0.017685
0.024504
0.019294
0.009641
0.022420
0.026871
0.015698
0.015507
0.040077
0.048077
0.039856
0.046389
0.087821
0.092578
0.069509
0.062862
0.108441
0.049970
0.356355
0.139944
0.062052
0.124947
0.102774
0.106660
0.217964
0.207218
0.082930
0.112237
0.070567
0.248625
0.149523
0.023599
0.210872
0.239113
0.039009
0.105684
0.145001
0.131837
0.146055
0.066492
0.037200
0.275691
0.208034
0.187399
0.310738
0.023949
0.026426
0.007700
0.031718
0.017714
0.023325
0.062921
0.023772
0.012788
0.028137
0.029001
0.022592
0.059872
0.032035
0.024832
0.038165
0.006135
0.030572
0.007751
0.020191
0.026263
0.011117
0.013754
0.016279
0.013605
0.016563
0.021301
0.023431
0.029825
0.019317
0.019673
0.018519
0.031010
0.056431
0.045806
0.019424
0.062496
0.025023
0.029428
0.008780
0.060362
0.035232
0.020049
0.036959
0.022415
0.052758
0.037504
0.020853
0.011675
0.003080
0.043809
0.024642
0.103378
0.040531
0.016949
0.144409
0.080130
0.244675
0.107026
0.043689
0.081894
0.031944
0.031113
0.032472
0.234249
0.153464
0.048224
0.023304
0.020227
0.159975
0.114868
0.096446
0.052440
0.082879
0.114141
0.114288
0.274295
0.079494
0.147708
0.073768
0.099408
0.283217
0.059697
0.093259
0.198160
0.014755
0.029932
0.109465
0.163217
0.092134
0.085498
0.077672
0.079466
0.104250
0.174605
0.056183
0.040952
0.022135
0.072179
0.043719
0.028316
0.132411
0.054829
0.013778
0.007514
0.013131
0.004166
0.025371
0.016468
0.011060
0.019839
0.016874
0.034686
0.023404
0.033746
0.038894
0.049212
0.043597
0.023072
0.030615
0.027666
0.031524
0.048730
0.039922
0.023425
0.008717
0.006703
0.038862
0.174063
0.084508
0.058977
0.198470
0.043171
0.037872
0.040298
0.034236
0.014185
0.024749
0.020397
0.013907
0.020716
0.020571
0.028404
0.036889
0.019950
0.009507
0.141257
0.158339
0.071501
0.041113
0.046297
0.023451
0.025459
0.027736
0.069043
0.012063
0.139847
0.036341
0.061049
0.080788
0.033277
0.066867
0.010913
0.017395
0.040410
0.017311
0.034795
0.018758
0.018302
0.013525
0.031472
0.019196
0.012362
0.040714
0.003368
0.016623
0.010704
0.029561
0.025992
0.021499
0.019779
0.035142
0.050173
0.027874
0.013910
0.020537
0.039256
0.023548
0.019017
0.013346
0.029563
0.158667
0.057028
0.190640
0.105915
0.100316
0.173306
0.060403
0.108530
0.083632
0.058027
0.349290
0.118224
0.084129
0.126575
0.148220
0.149888
0.050081
0.032967
0.151934
0.102562
0.130795
0.035135
0.058651
0.130714
0.116480
0.049321
0.064801
0.022809
0.110068
0.041738
0.070838
0.031699
0.010151
0.017073
0.077844
0.013644
0.030889
0.047747
0.030805
0.035056
0.024394
0.015017
0.005429
0.007803
0.026100
0.025698
0.021179
0.019297
0.030750
0.017339
0.011729
0.028635
0.030335
0.018840
0.009514
0.003143
0.041269
0.045816
0.051197
0.082153
0.080627
0.171886
0.082732
0.207099
0.185651
0.236307
0.152103
0.038996
0.178299
0.092550
0.050559
0.059541
0.368542
0.153535
0.065525
0.154898
0.370896
0.041673
0.080399
0.110999
0.134625
0.021415
0.058846
0.204720
0.126629
0.067495
0.034864
0.119678
0.190717
0.030684
0.082852
0.113497
0.125121
0.101589
0.036016
0.055328
0.099040
0.055345
0.116497
0.125993
0.038601
0.080112
0.028678
0.074655
0.066724
0.100748
0.023356
0.052675
0.050633
0.038017
0.207086
0.023993
0.152677
0.139114
0.083132
0.074023
0.102427
0.055703
0.016739
0.049710
0.060506
0.029635
0.054552
0.072355
0.045593
0.048558
0.067676
0.021428
0.025312
0.049262
0.020862
0.029806
0.022013
0.016408
0.016169
0.020409
0.016413
0.009177
0.027989
0.029686
0.024144
0.007457
0.010170
0.034650
0.024278
0.045736
0.009071
0.022953
0.011244
0.056397
0.135429
0.047694
0.021185
0.120837
0.059766
0.088313
0.050954
0.087329
0.109957
0.067158
0.056423
0.094094
0.067907
0.042030
0.023796
0.070242
0.070781
0.031011
0.021174
0.013854
0.122433
0.103759
0.054832
0.088928
0.122136
0.159248
0.080579
0.107413
0.304984
0.062158
0.101922
0.215449
0.176883
0.099247
0.091568
0.122256
0.198720
0.140505
0.043110
0.060184
0.042041
0.029612
0.086512
0.054528
0.033863
0.153191
0.033158
0.162992
0.055569
0.030918
0.099594
0.004332
0.032719
0.023394
0.022895
0.020920
0.016441
0.030830
0.027027
0.071717
0.011012
0.027281
0.013047
0.040691
0.041856
0.017549
0.022549
0.027014
0.041038
0.035292
0.011953
0.008570
0.031214
0.031739
0.043780
0.038424
0.005921
0.010954
0.017329
0.011825
0.026973
0.039647
0.019259
0.009204
0.026313
0.005470
0.012624
0.015744
0.009689
0.035489
0.009585
0.016615
0.025017
0.018218
0.019519
0.036739
0.042328
0.029885
0.007673
0.003378
0.034042
0.054516
0.005158
0.034043
0.029548
0.028716
0.050889
0.043642
0.024855
0.023955
0.034329
0.031851
0.032269
0.021118
0.029886
0.049466
0.013059
0.011486
0.050734
0.018619
0.053709
0.034497
0.023464
0.026573
0.034397
0.011220
0.006076
0.012277
0.115139
0.228797
0.070045
0.053116
0.250128
0.047792
0.058590
0.105025
0.158169
0.140644
0.172746
0.039127
0.168741
0.335069
0.103212
0.131848
0.158621
0.143026
0.070119
0.070222
0.121166
0.098673
0.013530
0.004887
0.017070
0.031744
0.006497
0.023927
0.029712
0.021383
0.021288
0.012333
0.021409
0.017739
0.023936
0.001265
0.021916
0.021109
0.027292
0.043771
0.027414
0.025883
0.007227
0.038267
0.009357
0.029434
0.013748
0.128890
0.028661
0.016662
0.233695
0.042136
0.056100
0.057787
0.029075
0.032539
0.093557
0.062327
0.005552
0.069343
0.048008
0.087461
0.045369
0.048212
0.197398
0.036965
0.034435
0.039567
0.036464
0.036468
0.146318
0.101638
0.018572
0.073007
0.097313
0.115982
0.027174
0.034657
0.069487
0.083933
0.050829
0.118768
0.045989
0.055821
0.114559
0.062210
0.070779
0.025774
0.080092
0.174110
0.172587
0.230211
0.032974
0.086143
0.072154
0.038454
0.042368
0.016985
0.011712
0.024422
0.019389
0.012782
0.055452
0.032492
0.034069
0.017281
0.028565
0.024037
0.017542
0.013317
0.025034
0.040170
0.086285
0.053239
0.038280
0.035342
0.019750
0.025299
0.024111
0.022011
0.048711
0.005630
0.064025
0.028090
0.038907
0.028570
0.087857
0.037228
0.075864
0.029165
0.034433
0.027493
0.138307
0.136486
0.083084
0.148250
0.052008
0.038976
0.051755
0.045529
0.013567
0.040193
0.101393
0.064683
0.053573
0.020761
0.074380
0.221294
0.041188
0.103471
0.046826
0.131181
0.084690
0.043622
0.056983
0.031587
0.040273
0.104715
0.028280
0.024650
0.022317
0.017072
0.058812
0.044382
0.036217
0.024763
0.097623
0.202494
0.069546
0.167174
0.025432
0.023127
0.059832
0.071717
0.026583
0.019679
0.020543
0.045674
0.096354
0.015214
0.110197
0.037046
0.024030
0.057248
0.037263
0.051563
0.079415
0.110826
0.094187
0.117759
0.083914
0.114447
0.029667
0.076174
0.087862
0.111120
0.295576
0.106655
0.165543
0.132093
0.220398
0.063690
0.025641
0.036253
0.022554
0.032014
0.071633
0.029338
0.039366
0.011932
0.020886
0.010365
0.027446
0.027047
0.016978
0.015650
0.008596
0.018670
0.080605
0.044535
0.103695
0.081142
0.034810
0.023919
0.023103
0.101209
0.035408
0.012490
0.020675
0.024319
0.030991
0.030264
0.007254
0.032550
0.011302
0.025258
0.014375
0.044004
0.059502
0.011814
0.034305
0.010152
0.033000
0.016836
0.006868
0.001943
0.064927
0.026302
0.065368
0.036596
0.107742
0.040921
0.051133
0.024551
0.042929
0.054742
0.058616
0.018067
0.009351
0.013420
0.007618
0.038493
0.009081
0.009578
0.026789
0.025823
0.020446
0.018243
0.029374
0.031979
0.025963
0.010170
0.033953
0.011973
0.142009
0.214433
0.034627
0.045723
0.111148
0.159139
0.171786
0.104773
0.172585
0.061189
0.211201
0.117092
0.109345
0.092233
0.062589
0.385985
0.132137
0.090299
0.045871
0.055112
0.072438
0.047333
0.160132
0.103307
0.129134
0.053199
0.113662
0.048508
0.033999
0.043115
0.054494
0.119254
0.065878
0.090192
0.125887
0.022471
0.027270
0.050404
0.047091
0.011878
0.037143
0.018776
0.045447
0.015359
0.016221
0.015943
0.033217
0.012238
0.017295
0.008942
0.007705
0.012013
0.012606
0.015682
0.022785
0.012650
0.016450
0.021104
0.017866
0.022672
0.024161
0.023305
0.051708
0.024615
0.013811
0.010653
0.020848
0.040693
0.010965
0.033426
0.030289
0.026674
0.017009
0.019103
0.042152
0.021908
0.018257
0.040343
0.017120
0.025132
0.036604
0.012987
0.010085
0.006010
0.010593
0.005927
0.015427
0.039464
0.024137
0.081855
0.080919
0.024059
0.030132
0.087335
0.028064
0.043452
0.014428
0.048413
0.023871
0.065231
0.033961
0.060259
0.050323
0.023259
0.039367
0.142108
0.071228
0.020899
0.040537
0.037090
0.093872
0.044166
0.021149
0.019344
0.038129
0.030857
0.070945
0.029425
0.015536
0.021479
0.212283
0.030457
0.090275
0.127065
0.293108
0.216603
0.079406
0.089979
0.116806
0.134585
0.032809
0.182310
0.017067
0.033095
0.030803
0.037934
0.057870
0.104814
0.068852
0.026219
0.039198
0.099544
0.117789
0.018328
0.129191
0.044615
0.026188
0.069342
0.037905
0.069343
0.133529
0.132636
0.121606
0.104500
0.025901
0.198768
0.022836
0.031989
0.023606
0.044943
0.035010
0.023211
0.019178
0.006177
0.024057
0.053763
0.032837
0.019181
0.010194
0.024526
0.021731
0.053113
0.018684
0.009873
0.053820
0.053589
0.051594
0.046084
0.017139
0.034035
0.034186
0.012323
0.042388
0.010669
0.033723
0.034820
0.012853
0.029320
0.012326
0.018347
0.020747
0.020546
0.003362
0.032238
0.003534
0.012096
0.024234
0.043850
0.019560
0.012608
0.032447
0.025804
0.029374
0.132085
0.098926
0.177257
0.131124
0.113782
0.123751
0.231543
0.096728
0.100938
0.123845
0.317169
0.344854
0.445954
0.027895
0.293086
0.089017
0.209387
0.065351
0.040653
0.103763
0.050203
0.067751
0.125072
0.082341
0.166453
0.028966
0.016094
0.016428
0.024316
0.017204
0.023790
0.033676
0.024705
0.024526
0.006847
0.014085
0.006764
0.025124
0.015899
0.208210
0.036094
0.028306
0.031483
0.072111
0.058375
0.159369
0.037526
0.126865
0.023110
0.214571
0.051785
0.080637
0.051492
0.015519
0.021443
0.045330
0.008645
0.035413
0.006077
0.006741
0.019274
0.016503
0.046695
0.037923
0.022906
0.010140
0.024944
0.015759
0.021231
0.038369
0.010004
0.003385
0.024728
0.017379
0.024713
0.030872
0.063224
0.028053
0.048366
0.025198
0.090213
0.083880
0.068714
0.080635
0.039881
0.033322
0.052904
0.095709
0.134157
0.100037
0.060825
0.074898
0.183563
0.025710
0.115279
0.075530
0.091016
0.115645
0.082590
0.026302
0.042835
0.091548
0.007934
0.048752
0.070286
0.123060
0.147859
0.082671
0.067062
0.028523
0.044104
0.023925
0.031822
0.016362
0.015850
0.018114
0.015980
0.009822
0.035162
0.059799
0.024985
0.009013
0.034488
0.032059
0.002618
0.006663
0.013381
0.016982
0.033377
0.021437
0.028442
0.032383
0.023408
0.054329
0.011307
0.017670
0.032827
0.030524
0.049160
0.007560
0.013113
0.045372
0.026573
0.017776
0.015214
0.006192
0.039129
0.062627
0.006678
0.036042
0.021651
0.027278
0.035423
0.031713
0.007347
0.021202
0.021581
0.020428
0.023393
0.019045
0.012574
0.011106
0.024769
0.012317
0.020162
0.009342
0.038664
0.021329
0.106129
0.094320
0.095992
0.058398
0.028645
0.069034
0.027676
0.017675
0.077682
0.075714
0.040074
0.052103
0.265051
0.321771
0.153600
0.197695
0.138434
0.032931
0.251418
0.110999
0.099426
0.174360
0.145042
0.113653
0.047639
0.404471
0.258154
0.143478
0.101261
0.031455
0.041927
0.046381
0.046172
0.149756
0.108080
0.072772
0.130871
0.021427
0.036846
0.035856
0.025193
0.003727
0.030389
0.069737
0.028216
0.037805
0.045230
0.131324
0.097943
0.150696
0.122473
0.022579
0.109630
0.090456
0.045462
0.092044
0.171454
0.038243
0.372832
0.133883
0.153183
0.286937
0.220198
0.097506
0.053459
0.075366
0.162362
0.020862
0.075888
0.096065
0.064359
0.186333
0.067565
0.170978
0.129355
0.194783
0.052030
0.170697
0.239395
0.038996
0.126027
0.030488
0.265831
0.069488
0.053216
0.030890
0.042574
0.031815
0.027575
0.053657
0.054887
0.063704
0.029000
0.099496
0.028500
0.042649
0.026802
0.049348
0.050290
0.023369
0.044866
0.033289
0.040794
0.055727
0.018488
0.077587
0.084940
0.022940
0.070383
0.039962
0.172284
0.023294
0.024397
0.014329
0.009284
0.019216
0.023266
0.035346
0.149178
0.063051
0.205423
0.047008
0.093640
0.083324
0.060369
0.021517
0.018520
0.028568
0.153064
0.086625
0.117705
0.042423
0.032301
0.077844
0.039676
0.065713
0.049174
0.059486
0.007946
0.032574
0.019763
0.014302
0.006382
0.014028
0.003658
0.020346
0.029059
0.024843
0.021549
0.027388
0.020085
0.029243
0.021007
0.024127
0.038118
0.060051
0.162812
0.248320
0.276875
0.122295
0.019571
0.041265
0.295673
0.040767
0.130201
0.021866
0.072273
0.115238
0.044117
0.024465
0.060998
0.065517
0.030826
0.073472
0.033605
0.027111
0.044916
0.045259
0.037234
0.030845
0.079144
0.086650
0.016751
0.031300
0.021200
0.023810
0.026252
0.021523
0.015977
0.013589
0.038726
0.020683
0.019917
0.006610
0.044875
0.032104
0.008482
0.020130
0.050504
0.004380
0.027823
0.029875
0.026811
0.027840
0.048897
0.010044
0.031069
0.018273
0.038951
0.030089
0.046355
0.052206
0.068440
0.054251
0.022811
0.042909
0.047374
0.006506
0.010899
0.030430
0.028931
0.107837
0.042480
0.079642
0.190418
0.135374
0.021605
0.044988
0.144380
0.086496
0.081002
0.015213
0.080052
0.094755
0.083779
0.031525
0.032758
0.079475
0.050223
0.096020
0.031342
0.032483
0.022784
0.032746
0.033165
0.038892
0.044945
0.007778
0.030614
0.029679
0.300688
0.115443
0.050934
0.171906
0.064915
0.098763
0.061983
0.192440
0.097285
0.035494
0.038203
0.027866
0.048492
0.048450
0.050572
0.026984
0.035732
0.028631
0.026905
0.016854
0.015086
0.040975
0.019735
0.011567
0.024262
0.015152
0.035619
0.031728
0.025370
0.028549
0.014325
0.046311
0.035399
0.004056
0.012908
0.029103
0.016768
0.057191
0.073147
0.070212
0.040538
0.020158
0.035145
0.042522
0.019574
0.151279
0.143484
0.173971
0.129848
0.139410
0.152454
0.047326
0.043886
0.071946
0.021949
0.051797
0.027839
0.010855
0.013891
0.035520
0.019521
0.025829
0.022233
0.025474
0.013347
0.048974
0.017551
0.144945
0.048247
0.117509
0.050864
0.173216
0.179582
0.085923
0.119099
0.048116
0.184348
0.060590
0.086038
0.310349
0.417746
0.164277
0.106730
0.093703
0.148794
0.029000
0.078420
0.013908
0.023438
0.154239
0.042801
0.047319
0.050841
0.054579
0.238552
0.069383
0.029773
0.108683
0.045767
0.127600
0.045773
0.096371
0.182054
0.065901
0.155873
0.013417
0.054243
0.070355
0.116305
0.049531
0.158428
0.116973
0.016816
0.039198
0.035986
0.013507
0.016775
0.046219
0.045466
0.009895
0.032022
0.062436
0.015011
0.049312
0.041411
0.081636
0.100339
0.035355
0.041019
0.271774
0.017903
0.020216
0.022968
0.019356
0.023556
0.011054
0.030790
0.013359
0.022656
0.036847
0.015728
0.049202
0.025463
0.014263
0.024559
0.034169
0.002472
0.038713
0.022420
0.015555
0.023948
0.025886
0.208984
0.049834
0.224985
0.291873
0.500113
0.101695
0.053292
0.128967
0.104036
0.148115
0.103692
0.029481
0.009316
0.076521
0.078538
0.126477
0.030786
0.049458
0.019716
0.006268
0.026378
0.069656
0.038729
0.021314
0.003172
0.008961
0.011450
0.033732
0.022605
0.049346
0.020506
0.025820
0.004247
0.022562
0.023316
0.018096
0.015694
0.047042
0.017731
0.048168
0.069777
0.009517
0.039319
0.018346
0.066916
0.220034
0.078094
0.070151
0.104504
0.145647
0.056135
0.258186
0.198872
0.210625
0.234057
0.260286
0.114906
0.017475
0.043447
0.062292
0.135293
0.333161
0.037778
0.278564
0.037840
0.122506
0.007531
0.021673
0.385710
0.467471
0.091444
0.306322
0.094977
0.052461
0.041396
0.114601
0.052413
0.103005
0.046545
0.032227
0.137693
0.133808
0.237414
0.066165
0.017683
0.034717
0.034037
0.051153
0.032834
0.046112
0.005730
0.016741
0.018671
0.025230
0.005910
0.050415
0.024889
0.019524
0.005466
0.015128
0.020497
0.010597
0.032274
0.018836
0.023809
0.036296
0.028330
0.008369
0.005120
0.015850
0.018460
0.036605
0.034902
0.031791
0.011208
0.030736
0.038614
0.021118
0.021591
0.044829
0.040775
0.062664
0.033080
0.044431
0.041052
0.045472
0.038183
0.035845
0.013292
0.014112
0.027960
0.007696
0.011706
0.027318
0.025298
0.042291
0.033370
0.010958
0.112243
0.041627
0.066485
0.010714
0.030719
0.060043
0.006844
0.018065
0.014861
0.090262
0.019581
0.042109
0.023339
0.062033
0.050847
0.037480
0.050785
0.018028
0.053794
0.128343
0.095683
0.172013
0.079626
0.098794
0.121891
0.311851
0.338814
0.438327
0.027868
0.286863
0.103511
0.036528
0.131675
0.049974
0.064675
0.040868
0.082732
0.030152
0.053570
0.052883
0.038956
0.140008
0.083505
0.102044
0.056265
0.030562
0.053264
0.071935
0.021727
0.025308
0.049188
0.011191
0.026290
0.026334
0.024848
0.014448
0.014467
0.021207
0.016202
0.024037
0.008999
0.013407
0.031642
0.025673
0.043798
0.010002
0.025988
0.024043
0.013683
0.007239
0.003713
0.010982
0.018172
0.014625
0.058552
0.145782
0.048998
0.022763
0.130017
0.066626
0.095827
0.114542
0.071353
0.058313
0.098456
0.072430
0.025653
0.075666
0.080342
0.033465
0.024046
0.010617
0.129817
0.137496
0.060149
0.197951
0.064496
0.027474
0.084626
0.029211
0.094132
0.048678
0.028638
0.179204
0.138429
0.127331
0.243530
0.088418
0.040402
0.015542
0.025536
0.062301
0.043834
0.088941
0.010143
0.037943
0.047628
0.014815
0.059333
0.029828
0.034799
0.046984
0.043555
0.027304
0.041588
0.012751
0.023799
0.049404
0.005260
0.023814
0.005885
0.031687
0.051820
0.010676
0.018753
0.032035
0.021754
0.024702
0.024628
0.027263
0.026051
0.015518
0.016439
0.008608
0.040998
0.030581
0.008032
0.045062
0.038672
0.020065
0.024282
0.008871
0.026287
0.006846
0.029231
0.003214
0.008022
0.027645
0.023164
0.015583
0.017341
0.021422
0.016966
0.019653
0.012863
0.019452
0.035804
0.022958
0.023287
0.033296
0.018528
0.020804
0.040474
0.026491
0.006864
0.017601
0.008200
0.017352
0.036110
0.080681
0.056672
0.099241
0.040743
0.031034
0.020152
0.054829
0.052052
0.009711
0.032729
0.026893
0.157354
0.013320
0.169463
0.178452
0.137814
0.161599
0.266736
0.115122
0.105018
0.313945
0.142017
0.091562
0.090126
0.096842
0.040363
0.059986
0.233041
0.069397
0.066070
0.016347
0.108834
0.099421
0.053610
0.056260
0.155146
0.079531
0.030937
0.092831
0.048617
0.043388
0.089297
0.070840
0.053433
0.071214
0.024858
0.028816
0.069353
0.023824
0.013540
0.051593
0.010505
0.007759
0.051495
0.039112
0.017390
0.021454
0.008887
0.027366
0.036846
0.034059
0.016743
0.026261
0.024864
0.039038
0.027267
0.030675
0.015707
0.020298
0.032186
0.022246
0.006144
0.044378
0.030020
0.034561
0.021522
0.077185
0.137542
0.071441
0.116945
0.116808
0.154609
0.029503
0.060801
0.094048
0.051784
0.047866
0.021670
0.010617
0.017884
0.030196
0.018006
0.043237
0.067494
0.030402
0.017759
0.004765
0.029465
0.009597
0.024873
0.041555
0.016169
0.021443
0.014183
0.032269
0.010501
0.045268
0.041508
0.054620
0.009338
0.007524
0.029155
0.061820
0.030903
0.051298
0.060080
0.070880
0.055462
0.038245
0.055679
0.030318
0.117303
0.053915
0.099281
0.037612
0.091964
0.039369
0.072427
0.026826
0.144167
0.084129
0.049946
0.041670
0.055667
0.015847
0.045497
0.028840
0.124848
0.049236
0.141711
0.080602
0.077082
0.129186
0.047982
0.079260
0.037957
0.119187
0.010254
0.067521
0.145442
0.075642
0.019923
0.254846
0.174721
0.220356
0.021814
0.043756
0.023441
0.074534
0.009576
0.061972
0.026802
0.036404
0.046548
0.008278
0.044552
0.032275
0.026065
0.084046
0.067266
0.068390
0.030633
0.016226
0.022899
0.023376
0.007282
0.015061
0.022610
0.039656
0.041960
0.041783
0.131702
0.033750
0.164779
0.028263
0.034408
0.029577
0.059280
0.037665
0.050044
0.020482
0.042950
0.007043
0.046911
0.021020
0.034300
0.059467
0.036599
0.045531
0.030449
0.031565
0.041270
0.023476
0.021233
0.129728
0.022344
0.050747
0.056777
0.077603
0.070382
0.018922
0.028259
0.078269
0.164378
0.040789
0.075550
0.034003
0.098272
0.114046
0.057768
0.075253
0.069686
0.102680
0.081865
0.076835
0.088217
0.032200
0.028646
0.046402
0.039436
0.046421
0.130816
0.007131
0.146071
0.026449
0.082474
0.036724
0.044816
0.077059
0.083131
0.127895
0.028234
0.219851
0.097547
0.106367
0.103004
0.407772
0.088481
0.158800
0.131105
0.103028
0.042001
0.361572
0.228219
0.130136
0.011996
0.096717
0.016882
0.028203
0.025962
0.024741
0.011147
0.022541
0.057724
0.016939
0.028479
0.009424
0.033247
0.039023
0.104639
0.085538
0.127904
0.108575
0.057433
0.091457
0.188179
0.080901
0.151202
0.035355
0.325862
0.118601
0.132436
0.197424
0.262172
0.061086
0.090477
0.051370
0.012354
0.091526
0.061231
0.105016
0.088022
0.216865
0.024758
0.024441
0.047745
0.047379
0.023863
0.031695
0.019772
0.031630
0.042221
0.040527
0.042354
0.022215
0.022470
0.025456
0.002299
0.003635
0.023441
0.002228
0.016928
0.033613
0.005758
0.021842
0.021227
0.038969
0.025172
0.044327
0.025951
0.044314
0.033124
0.008961
0.016924
0.031618
0.027199
0.023682
0.036801
0.018235
0.040443
0.026537
0.018907
0.036302
0.016926
0.041809
0.046246
0.023607
0.041845
0.023593
0.016395
0.009259
0.148081
0.109790
0.041105
0.061445
0.134378
0.014691
0.060735
0.090296
0.160770
0.187543
0.107066
0.096026
0.036985
0.146376
0.081434
0.027189
0.031192
0.016515
0.015984
0.029795
0.016045
0.031432
0.032142
0.028085
0.031279
0.009589
0.037027
0.020404
0.017272
0.030387
0.007179
0.021894
0.026260
0.028578
0.004170
0.011077
0.036892
0.047029
0.012591
0.018329
0.020965
0.056374
0.060173
0.054807
0.010315
0.021816
0.044668
0.024621
0.019848
0.020327
0.026866
0.072428
0.059323
0.050647
0.036043
0.027711
0.125782
0.068469
0.074152
0.051306
0.053521
0.030572
0.027096
0.068266
0.059362
0.016187
0.023564
0.038971
0.032043
0.062323
0.013884
0.029189
0.021824
0.015587
0.028869
0.033068
0.052853
0.039357
0.094471
0.029861
0.017063
0.024528
0.035728
0.114736
0.029441
0.019600
0.040027
0.004669
0.017360
0.017863
0.014230
0.038004
0.048708
0.009967
0.055276
0.034098
0.157726
0.120038
0.128744
0.147473
0.158704
0.067668
0.011741
0.026141
0.029543
0.090245
0.209578
0.014762
0.170744
0.113256
0.092616
0.024998
0.029148
0.095789
0.042273
0.049372
0.086736
0.189728
0.068017
0.041962
0.041298
0.060264
0.145495
0.039024
0.156696
0.195904
0.184212
0.122060
0.068013
0.091290
0.106911
0.041492
0.011759
0.134768
0.138552
0.107482
0.261565
0.073197
0.118963
0.039727
0.090199
0.037539
0.085845
0.171818
0.041812
0.221934
0.069544
0.030286
0.018585
0.019818
0.019420
0.041901
0.005031
0.046119
0.031501
0.055996
0.037566
0.065301
0.013928
0.030238
0.009735
0.042604
0.034195
0.063925
0.018481
0.013179
0.054396
0.018504
0.031733
0.005787
0.042810
0.019296
0.023695
0.037133
0.005179
0.026485
0.006922
0.040574
0.083293
0.012364
0.015784
0.044766
0.028646
0.023255
0.010881
0.023290
0.019179
0.032323
0.004598
0.020946
0.036709
0.022997
0.050895
0.015879
0.020116
0.016942
0.053434
0.016117
0.050791
0.037251
0.091740
0.064094
0.033600
0.023544
0.070797
0.057175
0.037563
0.026251
0.182114
0.018404
0.152638
0.083938
0.037205
0.043726
0.085299
0.052232
0.021685
0.024182
0.020399
0.027035
0.023115
0.029289
0.008896
0.032730
0.021218
0.015206
0.034534
0.012512
0.029294
0.014122
0.033335
0.019193
0.021239
0.010013
0.004463
0.015366
0.160842
0.031545
0.089191
0.120686
0.138235
0.277477
0.093572
0.046785
0.037732
0.117037
0.058818
0.073522
0.073878
0.034310
0.036775
0.117365
0.077595
0.009181
0.066767
0.043938
0.073104
0.054773
0.101612
0.051150
0.057749
0.228332
0.047633
0.025691
0.014258
0.029347
0.020883
0.039516
0.021333
0.021311
0.097178
0.101421
0.045253
0.205298
0.114833
0.178326
0.029253
0.031677
0.027227
0.053750
0.043260
0.015649
0.030949
0.010092
0.024723
0.027569
0.024086
0.048919
0.030741
0.027548
0.017107
0.012068
0.011790
0.006720
0.042921
0.015021
0.043676
0.031377
0.026460
0.022284
0.036534
0.024351
0.008108
0.027219
0.031224
0.026095
0.114635
0.031168
0.060429
0.037566
0.099387
0.014540
0.061822
0.063972
0.036830
0.033804
0.042178
0.032349
0.089962
0.032987
0.040570
0.037239
0.075436
0.014660
0.033945
0.030457
0.014653
0.037163
0.036681
0.071558
0.112571
0.038252
0.025149
0.041091
0.080952
0.047024
0.013771
0.061649
0.011263
0.045247
0.011406
0.007611
0.018130
0.015541
0.016009
0.025988
0.040306
0.075970
0.160242
0.086881
0.035452
0.050295
0.054990
0.078535
0.044223
0.049594
0.125626
0.112663
0.058833
0.126825
0.208768
0.237293
0.097289
0.324583
0.099014
0.056411
0.153205
0.041645
0.120761
0.055864
0.107776
0.052293
0.033065
0.143848
0.139141
0.248044
0.038217
0.037125
0.055664
0.034696
0.050077
0.015403
0.021878
0.008761
0.032701
0.011712
0.057401
0.023624
0.004496
0.004195
0.009961
0.023618
0.009917
0.014569
0.026418
0.016840
0.005294
0.004750
0.016495
0.021846
0.026813
0.043125
0.032460
0.035117
0.056822
0.041052
0.035677
0.031570
0.018865
0.023505
0.081088
0.073806
0.058249
0.070362
0.021452
0.042558
0.087777
0.143824
0.047508
0.023678
0.068103
0.034061
0.049464
0.043522
0.038870
0.037450
0.016468
0.032752
0.031233
0.037935
0.011733
0.123323
0.155348
0.035903
0.005980
0.102980
0.019052
0.041915
0.037113
0.030193
0.060294
0.082763
0.021781
0.058693
0.041882
0.029578
0.114697
0.080546
0.026548
0.041325
0.090148
0.009111
0.047084
0.035002
0.015531
0.038607
0.028388
0.022356
0.053402
0.036932
0.022264
0.023404
0.031014
0.014360
0.014625
0.010021
0.027787
0.012328
0.039444
0.036278
0.025041
0.029730
0.008395
0.013903
0.019886
0.022861
0.030795
0.035766
0.023416
0.055263
0.025882
0.036089
0.030602
0.049626
0.003894
0.015753
0.016400
0.006167
0.039577
0.035220
0.021953
0.024066
0.034581
0.033281
0.021957
0.027640
0.024969
0.014287
0.007038
0.022444
0.042120
0.019377
0.020852
0.020742
0.027594
0.012282
0.015902
0.012523
0.016902
0.011929
0.045248
0.100294
0.102404
0.076290
0.029286
0.029134
0.039686
0.078054
0.074629
0.039649
0.055124
0.025536
0.019905
0.036398
0.083730
0.072934
0.078753
0.086288
0.310511
0.069700
0.148435
0.191111
0.105918
0.128207
0.187199
0.055285
0.017979
0.012679
0.109441
0.100794
0.039092
0.039763
0.104004
0.049377
0.046424
0.110464
0.122041
0.112727
0.040754
0.017546
0.087970
0.064569
0.075012
0.100539
0.121016
0.024180
0.042140
0.077114
0.095144
0.020847
0.089026
0.050661
0.034403
0.044038
0.020754
0.039159
0.018884
0.010602
0.018240
0.010202
0.023253
0.034425
0.047867
0.017938
0.008825
0.013294
0.017866
0.017845
0.023978
0.027269
0.057058
0.036235
0.027455
0.028562
0.040637
0.012571
0.031945
0.034808
0.036643
0.001217
0.025519
0.002669
0.009191
0.006572
0.015898
0.027839
0.008315
0.011842
0.007072
0.038330
0.047947
0.041573
0.023814
0.019546
0.177188
0.089762
0.033913
0.042036
0.105930
0.098777
0.012933
0.120621
0.061171
0.037073
0.070827
0.156920
0.093883
0.047229
0.060723
0.102448
0.096489
0.062571
0.066872
0.100809
0.042690
0.137025
0.043977
0.100200
0.010656
0.034128
0.038211
0.040197
0.023626
0.007053
0.024507
0.030311
0.016371
0.022397
0.019306
0.024762
0.017634
0.256875
0.457714
0.043720
0.038039
0.029226
0.213353
0.104206
0.010891
0.033504
0.082234
0.084308
0.136954
0.077471
0.037127
0.022185
0.005817
0.023846
0.012829
0.034046
0.025860
0.050215
0.022592
0.013129
0.004464
0.007106
0.009529
0.015327
0.034473
0.030410
0.005513
0.006282
0.028790
0.015050
0.010096
0.012942
0.037949
0.015336
0.040068
0.059008
0.027628
0.020704
0.018536
0.033564
0.049188
0.008292
0.037513
0.017158
0.033506
0.023997
0.035732
0.019953
0.049629
0.211833
0.102900
0.072991
0.235182
0.086307
0.075607
0.111265
0.156521
0.059508
0.269933
0.207800
0.219811
0.243935
0.271937
0.120477
0.045282
0.066084
0.140834
0.347203
0.041018
0.291196
0.011371
0.404111
0.489867
0.024207
0.028181
0.014181
0.007693
0.012340
0.020846
0.038744
0.015020
0.001848
0.023037
0.033577
0.010225
0.021842
0.020511
0.008144
0.008136
0.050129
0.011981
0.034418
0.031732
0.024639
0.029690
0.009299
0.030607
0.010435
0.007541
0.032076
0.042128
0.010959
0.008499
0.045277
0.056580
0.133847
0.051302
0.121875
0.021342
0.011914
0.040453
0.045404
0.012954
0.018121
0.065023
0.078657
0.035968
0.052884
0.023459
0.024352
0.064535
0.012868
0.026034
0.034713
0.019207
0.041848
0.046831
0.077722
0.020491
0.032927
0.053551
0.066556
0.077828
0.052783
0.247329
0.119690
0.204156
0.078278
0.114163
0.085364
0.126081
0.028319
0.104108
0.038476
0.043255
0.077471
0.129638
0.125850
0.173201
0.109935
0.065698
0.045508
0.046843
0.237870
0.042359
0.162277
0.032914
0.050983
0.040486
0.059253
0.028799
0.024151
0.017711
0.073180
0.061330
0.103325
0.074401
0.076028
0.063162
0.141525
0.119654
0.024483
0.195474
0.087032
0.094648
0.093061
0.367498
0.102618
0.146798
0.120249
0.094810
0.037553
0.327836
0.205011
0.119625
0.029021
0.078873
0.024732
0.032986
0.009208
0.069927
0.020552
0.021667
0.020275
0.028017
0.018085
0.018035
0.051258
0.009140
0.014420
0.042901
0.024872
0.041592
0.020815
0.040914
0.024193
0.036348
0.029919
0.075720
0.110779
0.119071
0.087614
0.044600
0.077965
0.052639
0.109743
0.207064
0.124536
0.104358
0.066028
0.022895
0.045782
0.080251
0.066810
0.071747
0.054783
0.038742
0.041073
0.036661
0.062060
0.104549
0.056140
0.169582
0.072276
0.135783
0.032998
0.290426
0.099221
0.182257
0.076731
0.166883
0.045676
0.052874
0.028275
0.143832
0.064063
0.299701
0.070262
0.023730
0.028326
0.056539
0.065951
0.084029
0.030476
0.081682
0.077733
0.100694
0.007007
0.037520
0.039813
0.026034
0.030857
0.044568
0.012380
0.034288
0.015515
0.012696
0.006836
0.026255
0.012345
0.025716
0.044973
0.015830
0.010970
0.024528
0.027743
0.009881
0.026396
0.015353
0.042846
0.023340
0.046925
0.030292
0.002293
0.012197
0.014363
0.004946
0.021194
0.019505
0.014442
0.016899
0.024430
0.010301
0.058713
0.018470
0.198646
0.100314
0.142026
0.044535
0.146653
0.137354
0.072270
0.211871
0.028490
0.083135
0.126765
0.096928
0.041712
0.117453
0.052967
0.137656
0.070676
0.069172
0.056846
0.064563
0.192282
0.079126
0.022581
0.031676
0.099862
0.036674
0.056582
0.101900
0.027961
0.128502
0.063420
0.047106
0.073456
0.071677
0.047612
0.046872
0.120035
0.015838
0.176223
0.103437
0.173807
0.152151
0.161429
0.022769
0.122446
0.111744
0.026549
0.023062
0.031282
0.014276
0.031047
0.027301
0.033107
0.030357
0.066498
0.152073
0.121561
0.219124
0.057059
0.132617
0.144474
0.138908
0.542488
0.148078
0.214934
0.146824
0.096339
0.115982
0.053947
0.099569
0.182019
0.085477
0.081843
0.020857
0.109322
0.382361
0.082109
0.129802
0.078494
0.248213
0.231781
0.115639
0.029995
0.094124
0.049683
0.128197
0.025468
0.155634
0.048865
0.083945
0.018890
0.060609
0.069671
0.029819
0.063367
0.072583
0.047762
0.072055
0.054896
0.006818
0.040258
0.032438
0.191966
0.056489
0.053241
0.007974
0.009477
0.010215
0.012329
0.023174
0.021338
0.012106
0.024580
0.032127
0.013882
0.011441
0.026672
0.017901
0.015613
0.006986
0.038151
0.018536
0.020353
0.030413
0.038477
0.042715
0.038844
0.016593
0.038583
0.035476
0.010659
0.108161
0.107972
0.084431
0.112915
0.043429
0.008608
0.029439
0.013820
0.037337
0.030540
0.011047
0.030846
0.028341
0.012582
0.026835
0.010717
0.010287
0.020404
0.025585
0.035268
0.025977
0.061745
0.044485
0.038049
0.021645
0.026162
0.029672
0.049698
0.231269
0.089232
0.043970
0.138006
0.050119
0.073360
0.047990
0.017279
0.052775
0.053159
0.015691
0.118867
0.056138
0.091042
0.084278
0.053415
0.077349
0.028073
0.098759
0.139094
0.046398
0.023296
0.082218
0.068738
0.016791
0.034302
0.038227
0.088164
0.036297
0.131837
0.022441
0.017516
0.116681
0.015990
0.026756
0.034333
0.035242
0.137616
0.038842
0.083855
0.059900
0.049859
0.021487
0.045620
0.027442
0.020336
0.012631
0.080668
0.111292
0.124301
0.151360
0.017577
0.023088
0.029000
0.028906
0.049979
0.013068
0.023708
0.077553
0.075402
0.039810
0.071503
0.020955
0.052832
0.019094
0.061304
0.072904
0.026371
0.217836
0.146030
0.032391
0.017876
0.024892
0.019094
0.008434
0.011832
0.025835
0.024353
0.008306
0.025815
0.018072
0.019865
0.025094
0.026832
0.033266
0.010194
0.022324
0.023583
0.012280
0.068046
0.008698
0.009205
0.034870
0.023196
0.093341
0.049387
0.036791
0.072420
0.037848
0.038611
0.050517
0.025076
0.069085
0.037004
0.042172
0.033538
0.022382
0.018125
0.048131
0.042815
0.012786
0.051557
0.057105
0.039252
0.054506
0.063246
0.008931
0.134079
0.060339
0.114478
0.044732
0.058522
0.046637
0.047821
0.037514
0.028838
0.019901
0.053886
0.169532
0.186137
0.067246
0.049959
0.092539
0.029231
0.188983
0.075277
0.072774
0.076491
0.139431
0.012706
0.022903
0.056418
0.200667
0.024730
0.044449
0.058246
0.045496
0.239469
0.076703
0.066073
0.136240
0.041821
0.021746
0.163157
0.066502
0.008715
0.033643
0.029727
0.095012
0.105596
0.177235
0.039993
0.030550
0.033488
0.025605
0.091062
0.047222
0.109956
0.079624
0.121413
0.049076
0.079069
0.046579
0.053195
0.030468
0.113974
0.077509
0.086687
0.042128
0.099431
0.129125
0.021954
0.181531
0.038692
0.075807
0.163349
0.039026
0.066599
0.237556
0.230823
0.163231
0.247934
0.093921
0.062512
0.058268
0.037293
0.077104
0.007993
0.025839
0.017122
0.022718
0.085528
0.215680
0.123001
0.143982
0.212286
0.029443
0.083206
0.054242
0.040604
0.022129
0.054541
0.040216
0.021328
0.056946
0.083572
0.087782
0.124443
0.154489
0.047818
0.051984
0.041750
0.015831
0.050645
0.102826
0.018132
0.038332
0.008965
0.030719
0.021866
0.024686
0.017720
0.017164
0.011503
0.007419
0.025248
0.013311
0.013180
0.007380
0.167225
0.236270
0.127225
0.047156
0.084125
0.169251
0.222049
0.032422
0.033612
0.035163
0.059865
0.070106
0.237952
0.272729
0.042365
0.069068
0.133642
0.047925
0.145900
0.023134
0.089371
0.136723
0.077788
0.121669
0.072214
0.068201
0.169878
0.098534
0.081005
0.049698
0.097537
0.034393
0.034766
0.038636
0.046354
0.006828
0.030012
0.030653
0.028608
0.299334
0.115550
0.051119
0.171430
0.021716
0.097561
0.061737
0.191078
0.162154
0.034490
0.045628
0.027766
0.067373
0.046485
0.045941
0.047381
0.027517
0.017990
0.043289
0.030242
0.026706
0.015562
0.014323
0.013370
0.040191
0.018537
0.012253
0.025277
0.015139
0.037552
0.032074
0.024775
0.033811
0.004400
0.013710
0.016608
0.014111
0.031381
0.054823
0.070740
0.067683
0.038800
0.100825
0.018842
0.034098
0.040652
0.019044
0.050735
0.143055
0.172671
0.128839
0.138464
0.151403
0.046686
0.043186
0.066930
0.037224
0.026431
0.056567
0.028263
0.011412
0.011215
0.035633
0.018959
0.026688
0.015111
0.050826
0.051776
0.018454
0.149933
0.046849
0.114295
0.049054
0.168555
0.174244
0.083198
0.116182
0.046757
0.080395
0.057995
0.022644
0.006384
0.083987
0.049174
0.033360
0.026358
0.021487
0.056973
0.039221
0.044601
0.032144
0.061768
0.042882
0.071310
0.037706
0.038309
0.160501
0.025664
0.056671
0.048462
0.025976
0.019215
0.040100
0.034821
0.006926
0.014532
0.016034
0.019633
0.028272
0.013315
0.034455
0.030750
0.049790
0.056458
0.109708
0.009367
0.048956
0.029506
0.042891
0.057137
0.061885
0.071095
0.132972
0.157638
0.137447
0.160611
0.044500
0.045924
0.076189
0.026359
0.081163
0.049772
0.062794
0.063112
0.011064
0.018041
0.008342
0.011772
0.023828
0.032588
0.027309
0.011019
0.143548
0.213846
0.080409
0.022801
0.009470
0.083878
0.041222
0.050868
0.057536
0.164827
0.173721
0.214648
0.018100
0.138412
0.089239
0.017006
0.022418
0.039886
0.003723
0.017302
0.002601
0.016193
0.031613
0.019160
0.006124
0.006392
0.013832
0.029967
0.014798
0.010873
0.037861
0.043939
0.017498
0.028958
0.021739
0.009071
0.020606
0.015727
0.016697
0.034369
0.021120
0.008869
0.009790
0.036306
0.025125
0.029951
0.057719
0.064029
0.010970
0.033813
0.036388
0.088100
0.084230
0.008166
0.014853
0.043854
0.063567
0.040908
0.064817
0.044604
0.051317
0.079980
0.011829
0.109812
0.030611
0.063208
0.055661
0.041969
0.032983
0.033326
0.024756
0.049662
0.087137
0.062349
0.116041
0.031640
0.243724
0.092549
0.096694
0.162655
0.218763
0.114645
0.187423
0.068402
0.055240
0.093946
0.034261
0.107088
0.125094
0.098293
0.033001
0.042688
0.044627
0.023370
0.038935
0.069536
0.040537
0.021550
0.025946
0.140638
0.024153
0.083278
0.019256
0.055116
0.036040
0.091781
0.013872
0.055648
0.118570
0.164967
0.038682
0.093188
0.033827
0.065685
0.031101
0.011735
0.132308
0.135775
0.105329
0.070697
0.116150
0.039493
0.087698
0.035891
0.167079
0.127129
0.119995
0.169113
0.041781
0.070538
0.030947
0.017309
0.019592
0.020361
0.044223
0.004895
0.048332
0.032396
0.055991
0.037492
0.069851
0.012785
0.017100
0.011934
0.046816
0.034339
0.070185
0.018523
0.013412
0.021290
0.032431
0.007886
0.047105
0.036609
0.040156
0.058326
0.026834
0.058034
0.007003
0.038542
0.080392
0.012537
0.016896
0.041822
0.010931
0.017134
0.027566
0.022936
0.014311
0.024049
0.009670
0.025207
0.019669
0.031050
0.003825
0.025765
0.015849
0.022218
0.022099
0.014766
0.052807
0.018515
0.051610
0.025651
0.037046
0.090022
0.064232
0.114776
0.044711
0.032554
0.022855
0.068976
0.057196
0.007657
0.037129
0.036599
0.025521
0.175506
0.018240
0.146809
0.081776
0.035948
0.037077
0.026570
0.024215
0.019578
0.019294
0.010599
0.011462
0.004382
0.019277
0.031335
0.016127
0.016629
0.021773
0.033515
0.006763
0.049139
0.072706
0.011671
0.086621
0.027446
0.114332
0.077731
0.008006
0.064656
0.018563
0.027396
0.084944
0.042316
0.089655
0.019252
0.006840
0.027926
0.059016
0.041680
0.035646
0.024282
0.029186
0.058728
0.010084
0.016811
0.074448
0.047907
0.028018
0.007681
0.035590
0.024802
0.063493
0.055343
0.147664
0.090062
0.046352
0.180654
0.014145
0.110723
0.177251
0.057465
0.038759
0.177200
0.121364
0.158463
0.041015
0.012043
0.035783
0.050213
0.079044
0.067042
0.026749
0.022714
0.056562
0.071026
0.038102
0.036335
0.045507
0.043426
0.098395
0.013180
0.015121
0.027305
0.020820
0.003594
0.002662
0.015702
0.037147
0.046162
0.009728
0.003649
0.025604
0.024169
0.014080
0.039387
0.018082
0.014969
0.057503
0.096064
0.044396
0.080999
0.076427
0.033544
0.060382
0.026254
0.115183
0.051813
0.039892
0.075291
0.060267
0.169293
0.012265
0.157674
0.065292
0.019815
0.041738
0.039532
0.078776
0.079549
0.052850
0.029550
0.031437
0.033420
0.029830
0.025012
0.036935
0.016554
0.014112
0.024364
0.023446
0.006732
0.027546
0.020076
0.018051
0.031691
0.015472
0.066577
0.045757
0.041049
0.042969
0.031658
0.012063
0.035397
0.021281
0.024578
0.062818
0.060961
0.083415
0.059923
0.361081
0.227938
0.247709
0.114661
0.053894
0.241453
0.020773
0.149525
0.285147
0.421415
0.072877
0.058637
0.037387
0.139116
0.044164
0.074801
0.055613
0.025999
0.282939
0.036924
0.032662
0.072026
0.030968
0.030139
0.014444
0.048696
0.028847
0.026656
0.031956
0.009213
0.012462
0.018999
0.031839
0.032341
0.018331
0.010716
0.019037
0.006578
0.027620
0.049852
0.039079
0.059210
0.041196
0.021883
0.027645
0.041419
0.070680
0.022452
0.031079
0.010332
0.012863
0.093692
0.064758
0.007315
0.013685
0.137703
0.024399
0.042911
0.071917
0.039565
0.087631
0.038949
0.006675
0.042256
0.035466
0.066103
0.059666
0.159278
0.218623
0.298933
0.191406
0.207621
0.048277
0.194672
0.017329
0.120065
0.233076
0.340679
0.251771
0.155822
0.185917
0.186971
0.057411
0.040129
0.187257
0.055135
0.041023
0.035148
0.057389
0.083702
0.060458
0.010423
0.069331
0.060155
0.096717
0.110241
0.015519
0.042582
0.057148
0.060971
0.027578
0.356945
0.240805
0.315577
0.213445
0.295126
0.171613
0.247078
0.280264
0.164600
0.156515
0.055332
0.239554
0.133851
0.121560
0.192065
0.033612
0.153413
0.071693
0.087866
0.061556
0.126635
0.033479
0.055185
0.027950
0.044687
0.016650
0.053094
0.039980
0.020089
0.018430
0.010480
0.025832
0.048696
0.041928
0.031173
0.079712
0.104720
0.010498
0.019826
0.032587
0.011352
0.018967
0.006578
0.028179
0.005770
0.005339
0.000380
0.010082
0.012763
0.019876
0.022561
0.011080
0.012349
0.019475
0.009392
0.032031
0.009974
0.046720
0.079736
0.157807
0.071747
0.055729
0.024341
0.046949
0.026904
0.068214
0.116014
0.017836
0.030154
0.030483
0.041161
0.007330
0.003868
0.040054
0.024342
0.016447
0.021613
0.016235
0.007470
0.007295
0.017260
0.014939
0.001957
0.018549
0.026607
0.028938
0.026584
0.017953
0.015687
0.015319
0.069246
0.056712
0.065727
0.022245
0.075542
0.065844
0.262095
0.050488
0.019538
0.022204
0.056373
0.078953
0.116270
0.052108
0.145520
0.083878
0.056965
0.136640
0.091054
0.110213
0.063590
0.119174
0.067501
0.076969
0.114143
0.034340
0.054153
0.197488
0.051544
0.195146
0.245797
0.187625
0.078842
0.074937
0.027321
0.042256
0.025395
0.032932
0.098496
0.058979
0.026384
0.042140
0.035510
0.109513
0.069437
0.053378
0.073783
0.078734
0.029613
0.140289
0.039178
0.109666
0.012591
0.171926
0.344546
0.461838
0.043534
0.165077
0.274192
0.118371
0.145538
0.094531
0.154544
0.024288
0.243011
0.072402
0.068488
0.017174
0.113809
0.105544
0.055358
0.059152
0.161876
0.024641
0.069348
0.030992
0.038374
0.013505
0.061129
0.017727
0.011670
0.032249
0.007368
0.039189
0.025758
0.013359
0.018278
0.007026
0.012301
0.016042
0.025148
0.017065
0.012092
0.004225
0.008524
0.038177
0.134857
0.186358
0.214163
0.200345
0.097359
0.096207
0.165487
0.215526
0.038751
0.093219
0.011438
0.023759
0.014425
0.018824
0.016951
0.032509
0.012836
0.012158
0.017126
0.015608
0.061013
0.066889
0.086462
0.055465
0.007722
0.014159
0.037731
0.037848
0.132170
0.059570
0.100865
0.027787
0.039346
0.195550
0.297397
0.108746
0.028478
0.030410
0.031865
0.007447
0.018234
0.024393
0.019249
0.008969
0.025671
0.025202
0.026391
0.038419
0.042906
0.035608
0.039539
0.044707
0.083587
0.081810
0.103037
0.250057
0.109854
0.091503
0.069109
0.063515
0.107664
0.089360
0.123933
0.283172
0.282123
0.066325
0.043756
0.357377
0.141658
0.062283
0.125734
0.102703
0.107564
0.219279
0.209049
0.083866
0.113570
0.024244
0.042099
0.160968
0.243228
0.040146
0.108498
0.149138
0.009892
0.083308
0.079647
0.063143
0.039034
0.048744
0.054453
0.158288
0.166264
0.204386
0.017739
0.132247
0.006496
0.020032
0.003030
0.013570
0.031275
0.024343
0.008190
0.004867
0.013651
0.022704
0.010514
0.007771
0.024521
0.022264
0.015608
0.040544
0.016791
0.030177
0.013684
0.026121
0.020616
0.007010
0.016074
0.015732
0.016586
0.029692
0.024022
0.028853
0.051284
0.057133
0.010743
0.031444
0.033729
0.082638
0.080887
0.008238
0.013602
0.041928
0.091466
0.058070
0.040384
0.061814
0.042940
0.047470
0.076443
0.011463
0.104915
0.031477
0.051347
0.039132
0.031754
0.032088
0.021860
0.230448
0.083014
0.059795
0.111201
0.031143
0.232423
0.088986
0.091774
0.157867
0.110937
0.183894
0.066526
0.113696
0.094810
0.034376
0.107869
0.124337
0.039903
0.202065
0.028272
0.022809
0.052225
0.037090
0.043761
0.040612
0.070586
0.041752
0.024376
0.025721
0.055711
0.036075
0.094502
0.012599
0.012264
0.039728
0.096081
0.182399
0.034797
0.067477
0.032272
0.036940
0.020606
0.091402
0.209303
0.104572
0.151320
0.048581
0.032015
0.088481
0.135723
0.045372
0.067903
0.044924
0.035823
0.107822
0.026217
0.032137
0.110507
0.037767
0.059686
0.109131
0.144676
0.036051
0.056273
0.060907
0.042761
0.046497
0.014844
0.036503
0.005830
0.007887
0.019800
0.022777
0.023109
0.009933
0.031892
0.022773
0.048526
0.024160
0.011296
0.038931
0.063973
0.112711
0.053863
0.050293
0.034527
0.027064
0.085701
0.044546
0.173322
0.096552
0.016354
0.076287
0.073417
0.059870
0.074828
0.158153
0.068013
0.101031
0.065989
0.020826
0.025896
0.020928
0.037307
0.072732
0.068075
0.044458
0.035461
0.088121
0.029949
0.013155
0.072541
0.036256
0.043168
0.023646
0.022609
0.030227
0.051946
0.047329
0.020657
0.020922
0.023787
0.020163
0.007909
0.017157
0.020139
0.006520
0.030116
0.041562
0.055741
0.016283
0.026564
0.042440
0.011660
0.036080
0.023476
0.013719
0.004637
0.012003
0.048500
0.112029
0.067110
0.057718
0.048666
0.056540
0.026071
0.022239
0.122391
0.058265
0.059747
0.148254
0.133584
0.027575
0.105600
0.168111
0.132966
0.350049
0.253422
0.339134
0.037931
0.123226
0.202904
0.106628
0.064475
0.045877
0.145315
0.092071
0.067396
0.057212
0.103632
0.061759
0.038061
0.112235
0.039729
0.084180
0.034661
0.080718
0.020097
0.028798
0.039341
0.207709
0.188451
0.044632
0.007983
0.026803
0.031489
0.030590
0.034154
0.015326
0.013673
0.037669
0.017493
0.039230
0.060193
0.022795
0.032038
0.010925
0.052889
0.012439
0.086660
0.019604
0.030310
0.042148
0.045396
0.028765
0.063561
0.015072
0.086344
0.023310
0.011754
0.014857
0.009983
0.009613
0.004672
0.017660
0.054977
0.071419
0.125967
0.047894
0.106368
0.079491
0.061937
0.007424
0.045920
0.040798
0.035443
0.038068
0.020129
0.047130
0.085585
0.036569
0.035547
0.024974
0.004850
0.023265
0.029329
0.023598
0.035410
0.024429
0.033390
0.007232
0.011474
0.030406
0.063064
0.031513
0.022468
0.037130
0.051704
0.018465
0.051008
0.035182
0.039107
0.081904
0.104319
0.251531
0.110048
0.092205
0.240539
0.074752
0.146131
0.192962
0.160531
0.088502
0.125990
0.287170
0.286961
0.067659
0.042637
0.364993
0.146114
0.111082
0.225362
0.215805
0.098906
0.025415
0.059354
0.043027
0.168906
0.253013
0.042100
0.113678
0.188261
0.064645
0.172115
0.029177
0.288435
0.129848
0.067666
0.081273
0.019809
0.016366
0.151910
0.029891
0.079660
0.130521
0.062450
0.057363
0.139312
0.066939
0.059638
0.183033
0.155940
0.031072
0.144867
0.245082
0.072157
0.017498
0.126266
0.176385
0.067739
0.161907
0.014429
0.056696
0.023594
0.046143
0.125604
0.010797
0.012259
0.022189
0.004931
0.022438
0.039525
0.012895
0.008385
0.040477
0.026617
0.015084
0.019638
0.022528
0.018058
0.039646
0.046128
0.054219
0.056805
0.102572
0.197378
0.268230
0.144075
0.037770
0.048631
0.040302
0.079129
0.095902
0.053039
0.031986
0.007354
0.009493
0.012561
0.029273
0.019327
0.025072
0.029695
0.016666
0.009715
0.010732
0.039066
0.013057
0.021057
0.023400
0.017280
0.034716
0.012013
0.047484
0.023176
0.015681
0.023952
0.026195
0.017127
0.073676
0.162421
0.083634
0.111400
0.036879
0.117847
0.163348
0.237569
0.135186
0.207216
0.067821
0.032955
0.100230
0.011289
0.082925
0.022319
0.043400
0.039374
0.040213
0.009937
0.056669
0.039833
0.036401
0.024179
0.089594
0.149637
0.014016
0.018633
0.021125
0.013901
0.016430
0.034422
0.028101
0.003544
0.026647
0.013109
0.028281
0.017680
0.006636
0.041766
0.010436
0.019595
0.018724
0.016003
0.015393
0.028552
0.123989
0.092148
0.107051
0.153514
0.090687
0.033544
0.053568
0.119896
0.144476
0.075175
0.102368
0.069705
0.035245
0.055574
0.092846
0.038352
0.103002
0.017867
0.059351
0.048255
0.068826
0.083099
0.037543
0.023943
0.316892
0.215209
0.031663
0.056969
0.034504
0.011353
0.075324
0.059567
0.042307
0.036068
0.108724
0.010634
0.023518
0.039217
0.028320
0.017906
0.019845
0.035377
0.007458
0.011028
0.012032
0.025863
0.019641
0.020483
0.017438
0.026874
0.025620
0.018007
0.015939
0.005740
0.026595
0.026798
0.014039
0.015351
0.004311
0.007340
0.025063
0.032788
0.013351
0.009611
0.006223
0.009845
0.037969
0.091879
0.036344
0.031537
0.020271
0.015266
0.081866
0.016432
0.063320
0.051474
0.042479
0.019954
0.005914
0.008562
0.044682
0.053337
0.021628
0.057939
0.010012
0.018474
0.022361
0.052837
0.124345
0.094367
0.033332
0.121245
0.077048
0.008168
0.059028
0.055365
0.046107
0.063008
0.080943
0.133950
0.148358
0.059225
0.024156
0.030122
0.046333
0.058630
0.011314
0.119467
0.121108
0.094146
0.052906
0.040916
0.052876
0.036796
0.043982
0.014094
0.121733
0.035589
0.057069
0.018669
0.010019
0.031237
0.035271
0.028998
0.068811
0.035228
0.102778
0.019891
0.015208
0.029172
0.048068
0.105117
0.024479
0.056304
0.023350
0.053379
0.049513
0.065706
0.018051
0.049832
0.071629
0.052745
0.024318
0.021172
0.020664
0.018047
0.014564
0.041577
0.030037
0.017459
0.007585
0.013326
0.035706
0.023165
0.024832
0.006662
0.033535
0.015742
0.029868
0.010696
0.022402
0.103210
0.115201
0.037384
0.033511
0.056880
0.120383
0.030445
0.019137
0.030290
0.048733
0.014919
0.033994
0.033107
0.090082
0.115796
0.070026
0.029312
0.028151
0.051228
0.102330
0.056918
0.060338
0.022263
0.069798
0.078651
0.237167
0.158618
0.022097
0.028129
0.026471
0.017548
0.014759
0.008754
0.018137
0.019018
0.021718
0.021949
0.020820
0.012851
0.021621
0.011781
0.038271
0.034503
0.051413
0.028479
0.010480
0.114283
0.050363
0.097610
0.036748
0.047923
0.036326
0.025972
0.022668
0.012892
0.034359
0.191021
0.141026
0.012051
0.018434
0.049579
0.111230
0.077776
0.062858
0.181626
0.021761
0.040385
0.054906
0.092954
0.031935
0.100808
0.116058
0.198119
0.117249
0.221291
0.026413
0.025584
0.025268
0.037175
0.095382
0.085078
0.207569
0.012120
0.075027
0.080092
0.068076
0.025935
0.075611
0.028658
0.026148
0.071293
0.046732
0.084264
0.036282
0.058044
0.022834
0.052239
0.062158
0.028689
0.025579
0.021156
0.027960
0.024608
0.016251
0.045301
0.052681
0.067715
0.062736
0.097280
0.020431
0.068170
0.103442
0.191403
0.074758
0.090237
0.022355
0.203164
0.054019
0.095539
0.035730
0.171407
0.015622
0.066214
0.051795
0.037520
0.045328
0.044276
0.053385
0.028389
0.033115
0.084797
0.054857
0.052249
0.060029
0.028387
0.019863
0.018931
0.033580
0.029341
0.021059
0.022827
0.019449
0.015079
0.019227
0.010235
0.026170
0.025771
0.006677
0.005018
0.028159
0.009225
0.014465
0.012499
0.011007
0.025335
0.007587
0.043875
0.038770
0.003450
0.002649
0.018866
0.039911
0.019082
0.026147
0.005305
0.019467
0.028398
0.056692
0.027885
0.052070
0.016910
0.023598
0.146939
0.137662
0.012689
0.010295
0.020803
0.040485
0.044361
0.005707
0.025769
0.027521
0.020577
0.028980
0.014134
0.020090
0.011267
0.029193
0.043754
0.022367
0.022683
0.012482
0.041610
0.132956
0.091390
0.051198
0.120599
0.026397
0.023857
0.033268
0.006326
0.067222
0.003983
0.047687
0.032538
0.048710
0.009488
0.051459
0.044897
0.036248
0.047447
0.033658
0.012304
0.007777
0.023447
0.031005
0.025602
0.012618
0.011890
0.083602
0.049862
0.064076
0.066920
0.046677
0.098405
0.009999
0.222355
0.106566
0.185247
0.073596
0.040818
0.078814
0.294627
0.114734
0.185453
0.046082
0.294918
0.036600
0.029840
0.246604
0.160651
0.174071
0.076168
0.155609
0.016122
0.095850
0.189859
0.272787
0.203423
0.026804
0.034122
0.049234
0.033865
0.059047
0.043075
0.017861
0.046189
0.033569
0.045536
0.025102
0.047238
0.148388
0.071875
0.019279
0.053651
0.033014
0.083185
0.014911
0.099178
0.026920
0.031664
0.027007
0.051228
0.020444
0.039304
0.033659
0.035414
0.027535
0.029841
0.030715
0.027262
0.016478
0.024673
0.008159
0.025008
0.016083
0.010914
0.030278
0.014054
0.023351
0.022201
0.017209
0.031712
0.024974
0.018190
0.053910
0.029522
0.063690
0.044856
0.031942
0.022949
0.178464
0.040383
0.185481
0.063297
0.087185
0.312503
0.169160
0.028579
0.282435
0.127970
0.066621
0.079472
0.019460
0.017021
0.148569
0.029455
0.077682
0.014406
0.061197
0.055699
0.136482
0.065862
0.058587
0.179012
0.152616
0.043450
0.029874
0.141479
0.239362
0.070917
0.031602
0.017052
0.121908
0.171712
0.047711
0.066371
0.158446
0.014303
0.055076
0.022719
0.045895
0.121895
0.011214
0.012352
0.021752
0.005959
0.019406
0.037880
0.034484
0.012649
0.007644
0.038548
0.025141
0.015313
0.017129
0.020329
0.017158
0.037145
0.045685
0.050681
0.011525
0.195259
0.265803
0.142699
0.037038
0.048123
0.040271
0.078482
0.095451
0.032741
0.038461
0.008020
0.006993
0.012431
0.028400
0.019537
0.024866
0.025402
0.016810
0.011944
0.010940
0.035147
0.013573
0.020770
0.027743
0.017055
0.055057
0.034551
0.009700
0.046526
0.020351
0.016407
0.024179
0.025998
0.019192
0.098406
0.032670
0.098799
0.092842
0.021975
0.076828
0.049073
0.017955
0.164796
0.051146
0.049982
0.011828
0.077023
0.062929
0.043141
0.036514
0.110652
0.018882
0.040002
0.008754
0.014886
0.015282
0.027110
0.023420
0.005871
0.025029
0.022219
0.014137
0.017274
0.003264
0.011496
0.032994
0.018603
0.005569
0.009201
0.009534
0.011117
0.014057
0.033768
0.026027
0.038227
0.008438
0.036045
0.060597
0.019649
0.032856
0.025705
0.016249
0.009775
0.064627
0.015626
0.051784
0.039161
0.008566
0.042667
0.009026
0.008760
0.052253
0.061752
0.011987
0.016950
0.049779
0.118316
0.039253
0.031534
0.111690
0.073010
0.006667
0.055717
0.040074
0.024323
0.060694
0.075719
0.129061
0.061388
0.033525
0.019242
0.002002
0.022182
0.027603
0.027661
0.274633
0.106848
0.048948
0.159546
0.020084
0.112076
0.105930
0.062771
0.056794
0.173784
0.146907
0.050971
0.046995
0.082880
0.029423
0.061187
0.142082
0.010485
0.056250
0.049996
0.032165
0.022434
0.049015
0.020164
0.082527
0.063700
0.056830
0.013249
0.009868
0.043366
0.041354
0.028397
0.015143
0.030584
0.038283
0.010894
0.037519
0.021721
0.002657
0.007455
0.021372
0.018785
0.029159
0.016935
0.011236
0.033100
0.014123
0.022249
0.017471
0.020083
0.016898
0.015118
0.025199
0.028405
0.020834
0.004898
0.039040
0.051688
0.056250
0.020129
0.033644
0.011609
0.019608
0.026298
0.056160
0.058945
0.056118
0.128586
0.159019
0.119663
0.126320
0.139081
0.043645
0.040091
0.071811
0.045761
0.075342
0.026071
0.042785
0.016345
0.030848
0.020742
0.022566
0.030679
0.026037
0.049791
0.161095
0.148435
0.079201
0.093145
0.045644
0.088569
0.099296
0.254817
0.146511
0.165733
0.246919
0.048937
0.144337
0.063576
0.116115
0.121502
0.072828
0.058298
0.181045
0.049992
0.026291
0.109776
0.105897
0.158530
0.200603
0.054199
0.121181
0.088183
0.134066
0.228073
0.012121
0.061592
0.141021
0.068102
0.047698
0.028658
0.052952
0.139372
0.015692
0.063252
0.073641
0.052829
0.059898
0.211420
0.024537
0.163252
0.151178
0.034791
0.018242
0.029320
0.021959
0.008931
0.027896
0.008757
0.017116
0.030090
0.011456
0.002577
0.020435
0.015840
0.027356
0.067203
0.082702
0.079489
0.064472
0.036435
0.030994
0.052629
0.030184
0.019335
0.003069
0.023035
0.067356
0.050725
0.112112
0.036141
0.038276
0.090365
0.022980
0.061288
0.042799
0.038799
0.043772
0.039017
0.004514
0.002337
0.009544
0.018809
0.010884
0.014951
0.025455
0.018784
0.012742
0.013548
0.024910
0.015719
0.025432
0.021420
0.029600
0.016671
0.024899
0.011659
0.028706
0.033367
0.073626
0.043819
0.012067
0.061118
0.047008
0.058641
0.015146
0.011962
0.045646
0.031002
0.191802
0.068415
0.053870
0.065481
0.103662
0.096483
0.213171
0.020511
0.308835
0.186876
0.118243
0.104166
0.123478
0.121878
0.079487
0.048524
0.217163
0.072343
0.275309
0.150201
0.139894
0.250317
0.082129
0.160262
0.059768
0.144800
0.174113
0.089914
0.139127
0.087184
0.246328
0.165140
0.278597
0.048124
0.026354
0.008323
0.043154
0.112720
0.048020
0.065523
0.097755
0.085106
0.103112
0.072218
0.155195
0.036651
0.063584
0.063461
0.084058
0.025201
0.034969
0.021796
0.031908
0.065081
0.028558
0.031374
0.028991
0.019272
0.004055
0.020224
0.021988
0.018068
0.013131
0.011792
0.019756
0.013967
0.070352
0.012383
0.031701
0.023927
0.036302
0.086956
0.024145
0.021433
0.015182
0.018838
0.003778
0.017371
0.019176
0.009166
0.076190
0.066334
0.048139
0.119553
0.050752
0.108586
0.019637
0.163012
0.072833
0.079267
0.079270
0.312842
0.088486
0.068328
0.130731
0.105633
0.083830
0.031515
0.281942
0.173866
0.105299
0.016855
0.031443
0.036290
0.011262
0.053593
0.010710
0.017236
0.018184
0.048286
0.015664
0.007014
0.033453
0.031493
0.014340
0.017693
0.036963
0.027599
0.030941
0.018428
0.011507
0.028719
0.031434
0.013340
0.045120
0.062980
0.145272
0.050659
0.050440
0.100658
0.025379
0.085713
0.051434
0.057929
0.037433
0.030481
0.020812
0.065005
0.057260
0.054757
0.060397
0.057891
0.190847
0.086019
0.163277
0.023312
0.064779
0.226007
0.248276
0.113872
0.043563
0.075727
0.050103
0.145687
0.113702
0.089074
0.129508
0.106122
0.036058
0.117497
0.138904
0.108354
0.038270
0.181114
0.122070
0.077470
0.045253
0.024921
0.030205
0.159986
0.027696
0.098980
0.022788
0.106011
0.015043
0.065238
0.134976
0.187500
0.143554
0.021253
0.033178
0.033484
0.066031
0.082290
0.162555
0.024378
0.023378
0.030297
0.061067
0.028031
0.033012
0.015888
0.027864
0.227891
0.181295
0.454537
0.301071
0.060522
0.193595
0.416060
0.053037
0.249159
0.145170
0.096372
0.093015
0.159869
0.088427
0.054356
0.047862
0.080298
0.032444
0.111919
0.057013
0.047180
0.048262
0.101500
0.083158
0.060752
0.086810
0.028546
0.025650
0.034630
0.086132
0.042884
0.039357
0.084147
0.057673
0.019886
0.053426
0.024352
0.016136
0.010350
0.023947
0.045997
0.014847
0.025876
0.008924
0.053583
0.020580
0.029028
0.011968
0.008949
0.005243
0.019816
0.025901
0.017471
0.037229
0.029573
0.010270
0.026318
0.015991
0.006359
0.011435
0.007321
0.008300
0.014920
0.019421
0.001927
0.067446
0.167820
0.114032
0.037926
0.059995
0.194188
0.256015
0.104202
0.067793
0.057943
0.121803
0.053506
0.021289
0.046037
0.045305
0.169044
0.022413
0.076334
0.014190
0.002479
0.009208
0.028096
0.026449
0.017589
0.021120
0.027491
0.005558
0.011454
0.017884
0.012340
0.022678
0.010960
0.010956
0.022181
0.020809
0.010104
0.018184
0.008624
0.012963
0.013544
0.019407
0.013192
0.009478
0.027325
0.032982
0.024159
0.042489
0.025245
0.026545
0.016271
0.008929
0.034221
0.027164
0.009943
0.058155
0.025327
0.022572
0.066317
0.084784
0.070132
0.071189
0.022535
0.029069
0.076211
0.020902
0.034527
0.011150
0.042524
0.021555
0.066410
0.034790
0.041838
0.027848
0.041783
0.041809
0.020049
0.193606
0.212694
0.092449
0.015669
0.046780
0.113303
0.275646
0.025312
0.227361
0.031937
0.097686
0.121948
0.091752
0.124504
0.083197
0.174936
0.055508
0.046854
0.199812
0.135691
0.315076
0.035764
0.132244
0.084450
0.096778
0.043376
0.063419
0.044086
0.021907
0.017503
0.024042
0.033021
0.062828
0.057639
0.041756
0.065943
0.024217
0.015110
0.028601
0.036560
0.037810
0.040866
0.069894
0.054330
0.067185
0.180487
0.026123
0.097004
0.061412
0.068956
0.040263
0.036032
0.022686
0.076732
0.073121
0.102518
0.016669
0.142870
0.034737
0.060480
0.069438
0.219104
0.099154
0.187382
0.026749
0.072208
0.223727
0.035006
0.101131
0.177857
0.120169
0.130089
0.051902
0.088798
0.141991
0.126136
0.136824
0.215638
0.080074
0.027412
0.032110
0.062124
0.076541
0.099394
0.031548
0.119348
0.032544
0.021262
0.025209
0.016266
0.039678
0.041228
0.012847
0.023723
0.023722
0.010552
0.006975
0.005448
0.040120
0.008640
0.028308
0.021237
0.041284
0.019859
0.005410
0.015405
0.019655
0.054591
0.027716
0.004438
0.019103
0.017891
0.023070
0.019449
0.024872
0.065718
0.129720
0.024827
0.045000
0.011072
0.058894
0.032325
0.033002
0.037387
0.055312
0.035901
0.118509
0.020327
0.061610
0.119697
0.059948
0.100506
0.095292
0.125843
0.028244
0.022245
0.025044
0.022870
0.086125
0.084814
0.094119
0.014259
0.060985
0.085634
0.015884
0.095062
0.043133
0.047512
0.052912
0.198826
0.058920
0.096836
0.074999
0.060779
0.019229
0.186500
0.108263
0.075607
0.039248
0.017120
0.003096
0.023377
0.050668
0.027487
0.017654
0.014956
0.010459
0.013593
0.028587
0.026671
0.018367
0.087337
0.127007
0.046051
0.041178
0.120783
0.021177
0.057749
0.094594
0.066757
0.139928
0.052383
0.163382
0.091576
0.087589
0.148407
0.053392
0.091771
0.255961
0.029909
0.056101
0.075904
0.055221
0.308292
0.173664
0.047199
0.028580
0.211494
0.082335
0.045691
0.071142
0.061535
0.030428
0.030592
0.067920
0.050280
0.031366
0.081458
0.119207
0.047734
0.063059
0.025815
0.098129
0.053110
0.292375
0.205388
0.049658
0.006839
0.012850
0.010481
0.025633
0.021183
0.015230
0.021443
0.016699
0.010544
0.005481
0.021221
0.029045
0.015169
0.015080
0.008478
0.005266
0.004028
0.027716
0.020255
0.020026
0.019710
0.031345
0.027165
0.047549
0.064708
0.027403
0.040904
0.033863
0.062651
0.042347
0.050765
0.019955
0.013775
0.027323
0.040993
0.046005
0.012263
0.077584
0.043256
0.024726
0.026571
0.027426
0.009017
0.092205
0.033116
0.013624
0.025847
0.060863
0.034836
0.127780
0.067230
0.215128
0.091351
0.038066
0.072223
0.037964
0.084151
0.024423
0.021772
0.136057
0.046066
0.068444
0.230812
0.306309
0.123692
0.080024
0.068501
0.135885
0.063895
0.023271
0.049933
0.058059
0.208177
0.024321
0.092089
0.050388
0.029317
0.056823
0.068511
0.059942
0.026884
0.072568
0.045734
0.035904
0.028551
0.010094
0.003178
0.017714
0.017516
0.057656
0.021157
0.035644
0.117781
0.111936
0.109843
0.036535
0.018361
0.078213
0.048835
0.057225
0.030978
0.020335
0.022254
0.036564
0.056894
0.065537
0.072079
0.049514
0.018335
0.032758
0.059573
0.056482
0.011200
0.026894
0.033942
0.018439
0.016384
0.013672
0.016597
0.030142
0.019955
0.005935
0.006624
0.020945
0.027027
0.032337
0.014851
0.018666
0.011916
0.077975
0.153448
0.118639
0.031934
0.033522
0.067731
0.105131
0.246605
0.092975
0.057538
0.182438
0.072575
0.208566
0.100249
0.172258
0.092777
0.191979
0.244407
0.092327
0.212019
0.105974
0.153550
0.048770
0.158821
0.136836
0.047530
0.070842
0.045923
0.037375
0.110298
0.046978
0.111421
0.036503
0.059145
0.109050
0.151281
0.037269
0.058020
0.063790
0.045078
0.049576
0.021740
0.023166
0.012106
0.032681
0.022362
0.052590
0.023694
0.011317
0.021141
0.005842
0.025806
0.011042
0.062310
0.110301
0.053446
0.048284
0.034208
0.027226
0.082429
0.045520
0.177907
0.098337
0.017198
0.077847
0.074997
0.061087
0.160655
0.107796
0.107923
0.083968
0.130550
0.043087
0.028248
0.010330
0.028002
0.026944
0.029473
0.012274
0.008944
0.020169
0.025620
0.035690
0.025969
0.027597
0.029298
0.010856
0.060249
0.041986
0.038626
0.022315
0.024453
0.027137
0.048054
0.224601
0.086612
0.043272
0.048668
0.071095
0.046640
0.051547
0.105656
0.017020
0.050773
0.051274
0.015430
0.047638
0.115207
0.055906
0.086888
0.082876
0.051987
0.074719
0.026765
0.095114
0.134168
0.043532
0.063822
0.029260
0.075324
0.081191
0.068072
0.017057
0.033125
0.038103
0.027748
0.046108
0.088870
0.036450
0.135386
0.021597
0.017131
0.120124
0.015737
0.027431
0.036669
0.036606
0.090342
0.024602
0.046963
0.028794
0.132144
0.018549
0.025466
0.032738
0.054786
0.074298
0.024547
0.077089
0.040474
0.070633
0.085415
0.060873
0.042110
0.058474
0.083089
0.072972
0.190308
0.048341
0.142508
0.029184
0.251787
0.059098
0.064410
0.086441
0.030637
0.051348
0.149033
0.192074
0.081577
0.052577
0.043086
0.034526
0.031894
0.028203
0.043075
0.079455
0.093437
0.115184
0.062221
0.049422
0.023073
0.073665
0.040571
0.020954
0.017336
0.022631
0.048228
0.029032
0.033033
0.042701
0.031221
0.033329
0.046946
0.038005
0.011811
0.016740
0.012800
0.011276
0.018761
0.026811
0.054825
0.024877
0.027932
0.050151
0.007669
0.024502
0.015601
0.024706
0.030934
0.022845
0.083266
0.016430
0.065418
0.038308
0.020213
0.051877
0.031582
0.039069
0.024343
0.017649
0.089045
0.028979
0.054927
0.024944
0.046148
0.017584
0.034065
0.021605
0.047408
0.084668
0.082005
0.060787
0.030914
0.044825
0.208256
0.094800
0.047704
0.071304
0.151983
0.058777
0.038139
0.022938
0.052230
0.124404
0.051946
0.050578
0.046444
0.034640
0.031147
0.065070
0.024898
0.096845
0.116980
0.099649
0.098186
0.106976
0.099716
0.118396
0.102084
0.117535
0.039602
0.021953
0.097560
0.062333
0.071631
0.049257
0.015422
0.017958
0.010301
0.009998
0.023030
0.205485
0.143026
0.024390
0.084714
0.139548
0.156012
0.059207
0.177749
0.313039
0.100116
0.091796
0.042091
0.125637
0.148638
0.096999
0.134513
0.077910
0.064861
0.089117
0.071653
0.084588
0.138745
0.036214
0.129951
0.062304
0.116477
0.123502
0.235696
0.142876
0.198362
0.077267
0.096133
0.131479
0.121495
0.064824
0.047505
0.092948
0.059187
0.040001
0.025337
0.018032
0.028064
0.035245
0.024222
0.021839
0.003076
0.027311
0.023063
0.035353
0.037260
0.030569
0.017015
0.021043
0.025323
0.004419
0.028069
0.016392
0.186267
0.032821
0.020068
0.318836
0.106807
0.056744
0.042585
0.061488
0.018353
0.014307
0.212224
0.014198
0.014624
0.025828
0.065768
0.025992
0.033542
0.061888
0.113137
0.046325
0.095949
0.042285
0.030945
0.028454
0.014682
0.031233
0.008788
0.023464
0.005789
0.019236
0.029166
0.028144
0.022132
0.023623
0.024870
0.021698
0.043354
0.025198
0.042516
0.023858
0.014867
0.020491
0.028114
0.033378
0.052978
0.016801
0.040425
0.020912
0.008607
0.029619
0.021476
0.021936
0.022902
0.052553
0.107003
0.047720
0.173947
0.024728
0.051275
0.084245
0.043085
0.104448
0.038949
0.045853
0.039282
0.029940
0.024144
0.033001
0.054449
0.068730
0.093815
0.044216
0.035837
0.030046
0.117811
0.047273
0.149001
0.145960
0.202443
0.126319
0.201341
0.063687
0.043747
0.199755
0.138083
0.183111
0.046484
0.164222
0.104877
0.192024
0.149554
0.057333
0.040679
0.024280
0.205069
0.048482
0.180281
0.015127
0.200855
0.103994
0.080170
0.141456
0.045565
0.020208
0.090402
0.213976
0.071325
0.043376
0.024652
0.028207
0.017598
0.047151
0.024117
0.056793
0.045262
0.080357
0.100266
0.089161
0.058215
0.075961
0.170659
0.161820
0.192678
0.142657
0.155797
0.015828
0.027523
0.013694
0.018956
0.038087
0.039416
0.027072
0.008061
0.009540
0.016406
0.030422
0.010251
0.030108
0.028208
0.019629
0.037753
0.062637
0.038423
0.017511
0.066109
0.026565
0.042115
0.056356
0.074340
0.045780
0.050362
0.061520
0.035997
0.217428
0.024822
0.124226
0.096669
0.272127
0.182313
0.040766
0.066289
0.053865
0.047613
0.031167
0.063404
0.041701
0.028082
0.012544
0.008275
0.007669
0.035814
0.006632
0.029971
0.011952
0.040329
0.026538
0.145181
0.051773
0.043054
0.047750
0.053800
0.056674
0.116895
0.046067
0.037992
0.045327
0.052209
0.019118
0.103259
0.034193
0.076622
0.036033
0.186086
0.092388
0.051768
0.041381
0.027653
0.141928
0.192986
0.022561
0.033062
0.046427
0.064285
0.081514
0.013486
0.068179
0.118448
0.025441
0.031459
0.023380
0.038646
0.085174
0.040175
0.092092
0.046091
0.024597
0.013244
0.015897
0.015100
0.011452
0.006887
0.031103
0.014023
0.014897
0.016839
0.008282
0.025961
0.018357
0.009460
0.028595
0.022876
0.012855
0.029482
0.016389
0.011350
0.012829
0.035127
0.063207
0.059296
0.083925
0.066089
0.034005
0.036643
0.060830
0.056531
0.083847
0.051647
0.015492
0.039589
0.006811
0.023279
0.023730
0.017536
0.032048
0.012813
0.035132
0.018395
0.017837
0.029156
0.084548
0.024715
0.012912
0.006916
0.016734
0.029100
0.040309
0.058074
0.035193
0.063813
0.039361
0.006712
0.005359
0.008815
0.021680
0.020347
0.027450
0.039602
0.021045
0.158087
0.239171
0.039973
0.050256
0.120902
0.176725
0.191906
0.118488
0.063624
0.230197
0.126350
0.119209
0.208858
0.070429
0.132066
0.063008
0.049230
0.033171
0.102700
0.016841
0.087800
0.028631
0.082048
0.143038
0.021974
0.059607
0.081256
0.188590
0.016560
0.107319
0.082379
0.145694
0.106748
0.064436
0.046626
0.079817
0.037758
0.085880
0.090804
0.092960
0.072371
0.113443
0.069319
0.032636
0.018020
0.048581
0.026951
0.057865
0.043418
0.004504
0.023979
0.101231
0.088548
0.058390
0.135561
0.087314
0.172714
0.164682
0.194017
0.143350
0.157303
0.170531
0.051989
0.048607
0.018247
0.011054
0.021413
0.034485
0.014543
0.018899
0.038312
0.036671
0.027151
0.007866
0.005380
0.022160
0.031582
0.016953
0.040105
0.073617
0.039663
0.018179
0.075058
0.031760
0.049634
0.079408
0.049422
0.051594
0.066275
0.040831
0.227615
0.026586
0.006395
